{
  "field": "Ux",
  "n_points": 10725,
  "times": [
    0.5,
    1.0,
    1.5,
    2.0,
    2.5,
    3.0,
    3.5,
    4.0,
    4.5,
    5.0
  ],
  "n_active_modes": 10,
  "singular_values": [
    0.0003677399765355161,
    0.00016038000111917518,
    3.447646540748242e-05,
    1.4143601426069904e-05,
    6.107591493006103e-06,
    3.028662652835183e-06,
    1.1175572345723982e-06,
    1.0684322068896014e-06,
    7.5528799678938e-07,
    1.0917988016528833e-12
  ],
  "energy_fraction": [
    0.8327518655727554,
    0.1583924040822378,
    0.00731946596568081,
    0.001231838985583817,
    0.00022970681983035572,
    5.648533784172218e-05,
    7.690834660847222e-06,
    7.029555564759634e-06,
    3.5128458447054136e-06,
    7.340390303121567e-18
  ],
  "note": "run001 steady flow \u2014 modes describe spin-up transient, not shedding"
}