{
  "field": "Uy",
  "n_points": 10725,
  "times": [
    0.5,
    1.0,
    1.5,
    2.0,
    2.5,
    3.0,
    3.5,
    4.0,
    4.5,
    5.0
  ],
  "n_active_modes": 10,
  "singular_values": [
    2.7159561586805165,
    1.062413021552411,
    0.1335940993978765,
    0.02310798540237392,
    0.0031516493821549703,
    0.0002826371228445471,
    5.906284616669299e-05,
    6.2102985579272735e-06,
    2.7680058103080033e-06,
    2.9427921885511145e-08
  ],
  "energy_fraction": [
    0.8654181169256528,
    0.13242416470354518,
    0.002093895604968197,
    6.264762930676218e-05,
    1.1653496914409374e-06,
    9.372142410096444e-09,
    4.0926934333448383e-10,
    4.5248629592324894e-12,
    8.989063885482925e-13,
    1.0160139274979989e-16
  ],
  "note": "run001 steady flow \u2014 modes describe spin-up transient, not shedding"
}