theta_rad,theta_deg,z_m,coh_f1,lag_phase_f1,xcorr_lag_f1,xcorr_corr_f1,coh_f2,lag_phase_f2,xcorr_lag_f2,xcorr_corr_f2
-3.0925052683774528,-177.1875,-0.0057,0.3877649952089569,-0.09989829378539469,0.06999999999999851,-0.35598223603035606,0.9759620096125978,0.007730762211957231,0.06999999999999851,-0.35598223603035606
-2.994330497952771,-171.56249999999997,-0.0057,0.38826763558868227,-0.09985100133312565,-0.08499999999999819,-0.3359044106544755,0.9725604913654557,0.007962569867082252,-0.08499999999999819,-0.3359044106544755
-2.8961557275280905,-165.9375,-0.0057,0.38940320799297046,-0.1001035058545569,0.06499999999999861,-0.2796112216371012,0.9594679284482645,0.013960455099217547,0.06499999999999861,-0.2796112216371012
-2.7979809571034098,-160.31250000000003,-0.0057,0.3903981326630966,-0.10021818836612188,0.05999999999999872,-0.2542531817489655,0.9510091459606101,0.01920362755655419,0.05999999999999872,-0.2542531817489655
-2.699806186678728,-154.68749999999997,-0.0057,0.39160294412320173,-0.1004765473142,0.049999999999998934,-0.24874685298809743,0.9511102313165608,0.028945741271464594,0.049999999999998934,-0.24874685298809743
-2.6016314162540475,-149.0625,-0.0057,0.3922979194717131,-0.10050631914729263,0.04499999999999904,-0.25255284650204407,0.9535233113126494,0.03216251484521911,0.04499999999999904,-0.25255284650204407
-2.5034566458293668,-143.43750000000003,-0.0057,0.39354152260391223,-0.10072628301469888,0.03999999999999915,-0.28533967817948963,0.9649708953172802,0.039199628835946486,0.03999999999999915,-0.28533967817948963
-2.405281875404685,-137.8125,-0.0057,0.3943483746549052,-0.10083657626289248,0.034999999999999254,-0.31582015108039224,0.9717185257685858,0.04204169149736563,0.034999999999999254,-0.31582015108039224
-2.3071071049800045,-132.1875,-0.0057,0.39601566559891394,-0.10116118711324361,0.02999999999999936,-0.3887268991783454,0.9820892132149556,0.04689112525495726,0.02999999999999936,-0.3887268991783454
-2.208932334555323,-126.56249999999997,-0.0057,0.39686583028177486,-0.10121545398685154,0.02999999999999936,-0.4113622453410485,0.9843387720324518,0.047578193084060354,0.02999999999999936,-0.4113622453410485
-2.110757564130642,-120.9375,-0.0057,0.39830257993498364,-0.10111682275018113,0.02999999999999936,-0.4088890578069106,0.9844924606469015,0.04897698629543947,0.02999999999999936,-0.4088890578069106
-2.0125827937059615,-115.31250000000001,-0.0057,0.3995551165473819,-0.1009736860228088,0.024999999999999467,-0.3967145837579306,0.9836088043841895,0.05005017892801091,0.024999999999999467,-0.3967145837579306
-1.9144080232812801,-109.6875,-0.0057,0.4010147424071361,-0.10092273805241826,0.024999999999999467,-0.3903529170377452,0.9834042324639132,0.05143537444478705,0.024999999999999467,-0.3903529170377452
-1.8162332528565992,-104.0625,-0.0057,0.40289482082441225,-0.1008159430867783,0.024999999999999467,-0.3780021569227495,0.9828794917742526,0.053474534465834535,0.024999999999999467,-0.3780021569227495
-1.718058482431918,-98.4375,-0.0057,0.4061114333107039,-0.10062978686926036,0.019999999999999574,-0.32876221155597424,0.9785733541359181,0.05809803640958567,0.019999999999999574,-0.32876221155597424
-1.6198837120072371,-92.8125,-0.0057,0.412116641583812,-0.10062801721405039,0.6149999999999869,-0.3438979545222516,0.9820652988793702,0.0709170831561056,0.6149999999999869,-0.3438979545222516
-1.521708941582556,-87.1875,-0.0057,0.4207950125634574,-0.10049357733611347,0.1449999999999969,-0.49410366909889664,0.9926239365374315,-0.06893011732726669,0.1449999999999969,-0.49410366909889664
-1.423534171157875,-81.5625,-0.0057,0.4332863425934216,-0.10002128481124441,-0.01499999999999968,-0.7080471323343456,0.9971613085817134,-0.06310899193693414,-0.01499999999999968,-0.7080471323343456
-1.325359400733194,-75.9375,-0.0057,0.44757645178427885,-0.0989003877138618,-0.01499999999999968,-0.8317535985990698,0.998128996575473,-0.05973375552455442,-0.01499999999999968,-0.8317535985990698
-1.227184630308513,-70.3125,-0.0057,0.4628645720844789,-0.09784027734694166,-0.019999999999999574,-0.8951790041363871,0.9983470910160002,-0.05862629560551471,-0.019999999999999574,-0.8951790041363871
-1.1290098598838318,-64.6875,-0.0057,0.48017191559670613,-0.09635436873989285,-0.019999999999999574,-0.9254172317851393,0.9982740618432933,-0.05790212660774035,-0.019999999999999574,-0.9254172317851393
-1.030835089459151,-59.0625,-0.0057,0.5116885680431932,-0.09383352586561995,0.05499999999999883,0.9362978159518215,0.9977101349507306,-0.05634202073747471,0.05499999999999883,0.9362978159518215
-0.93266031903447,-53.43750000000001,-0.0057,0.58994719837165,-0.08985501632491726,0.049999999999998934,0.9277917384419315,0.9949170590590813,-0.0516751421622107,0.049999999999998934,0.9277917384419315
-0.8344855486097889,-47.8125,-0.0057,0.7082003448540019,-0.08443006110883264,0.03999999999999915,0.812330048459387,0.9865553109230032,-0.04029670492576117,0.03999999999999915,0.812330048459387
-0.7363107781851077,-42.1875,-0.0057,0.7089697054580683,-0.07548929396854878,0.02999999999999936,0.6487406567975887,0.9853184558101061,-0.03184411760401795,0.02999999999999936,0.6487406567975887
-0.6381360077604266,-36.56249999999999,-0.0057,0.5355738321522743,-0.06463124853004412,0.034999999999999254,0.5589016128459656,0.9911745017393456,-0.03458224663027957,0.034999999999999254,0.5589016128459656
-0.5399612373357456,-30.937499999999996,-0.0057,0.3738565802585903,-0.05094358187874018,0.04499999999999904,0.5053592054790821,0.9985064653893398,-0.043652250229688945,0.04499999999999904,0.5053592054790821
-0.4417864669110647,-25.312500000000004,-0.0057,0.30227093732380395,-0.039694225004726164,0.05499999999999883,0.4993972624014739,0.9969811135867835,-0.054117216558055854,0.05499999999999883,0.4993972624014739
-0.34361169648638357,-19.687499999999996,-0.0057,0.26667986913598163,-0.030908845337284926,0.06499999999999861,0.5198414062283468,0.9766173732470381,-0.06400993035533759,0.06499999999999861,0.5198414062283468
-0.24543692606170264,-14.062500000000004,-0.0057,0.233832305524339,-0.02750462223617266,0.0749999999999984,0.5474063726402912,0.9330822889821244,-0.07290493462256378,0.0749999999999984,0.5474063726402912
-0.14726215563702172,-8.437500000000009,-0.0057,0.19954434506575427,-0.027575124126241843,0.0799999999999983,0.5673226367844187,0.893824224205595,0.07243030914813135,0.0799999999999983,0.5673226367844187
-0.04908738521234057,-2.812500000000003,-0.0057,0.14566058284712596,-0.029859481656235882,0.08999999999999808,0.5419949225063307,0.8241951451870662,0.062330107346757674,0.08999999999999808,0.5419949225063307
0.04908738521234057,2.812500000000003,-0.0057,0.10154864844758102,-0.033391942016991805,0.10499999999999776,0.45376325008699026,0.7585550555559047,0.04555318492748468,0.10499999999999776,0.45376325008699026
0.14726215563702172,8.437500000000009,-0.0057,0.08014363816729586,-0.03742217003797579,0.42999999999999083,0.4524476911320477,0.8387519513394921,0.02714846056655775,0.42999999999999083,0.4524476911320477
0.24543692606170264,14.062500000000004,-0.0057,0.07424077569788876,-0.0431259887526374,-0.019999999999999574,0.5587470331723235,0.9460859444157552,0.01832923617614784,-0.019999999999999574,0.5587470331723235
0.34361169648638357,19.687499999999996,-0.0057,0.09621072137889745,-0.05541378739068312,-0.01499999999999968,0.7062552577341458,0.9891169912487793,0.012930881089321096,-0.01499999999999968,0.7062552577341458
0.4417864669110647,25.312500000000004,-0.0057,0.18971982959135808,-0.06997034942254823,-0.01499999999999968,0.7961136532525878,0.9912191914275439,0.01629667173123424,-0.01499999999999968,0.7961136532525878
0.5399612373357456,30.937499999999996,-0.0057,0.35242196810467896,-0.07993811668657001,-0.019999999999999574,0.8504595111982025,0.9905077679442208,0.021944297401430266,-0.019999999999999574,0.8504595111982025
0.6381360077604266,36.56249999999999,-0.0057,0.5115584085164875,-0.08724183244099787,-0.024999999999999467,0.889114081530477,0.991780748230193,0.026724975302843644,-0.024999999999999467,0.889114081530477
0.7363107781851077,42.1875,-0.0057,0.54813265238441,-0.09276117035018187,-0.024999999999999467,0.9107135687147994,0.9934768741558189,0.02637410953117654,-0.024999999999999467,0.9107135687147994
0.8344855486097886,47.81249999999999,-0.0057,0.4949709756288311,-0.09953500105572623,-0.019999999999999574,0.9348789408251744,0.9954801100913451,0.018530681025256752,-0.019999999999999574,0.9348789408251744
0.9326603190344698,53.4375,-0.0057,0.42833987946041263,-0.10516352483457087,-0.009999999999999787,0.9535779971186797,0.9972750956683692,0.012420047459883983,-0.009999999999999787,0.9535779971186797
1.030835089459151,59.0625,-0.0057,0.39833624058055717,-0.10762411355233106,-0.009999999999999787,0.9624450398467669,0.9979628097583484,0.010926429034071476,-0.009999999999999787,0.9624450398467669
1.1290098598838316,64.68749999999999,-0.0057,0.3926543780382026,-0.10736784698008033,-0.009999999999999787,0.9594972547248285,0.9982260996935134,0.010788307056458439,-0.009999999999999787,0.9594972547248285
1.2271846303085128,70.31249999999999,-0.0057,0.3936453977293415,-0.10575262222439308,-0.009999999999999787,0.9477892310850738,0.9982115577882277,0.009822918803005204,-0.009999999999999787,0.9477892310850738
1.325359400733194,75.9375,-0.0057,0.3937133102208236,-0.10373743668635839,-0.009999999999999787,0.9213888678339509,0.9980647979400591,0.008234176044122783,-0.009999999999999787,0.9213888678339509
1.423534171157875,81.5625,-0.0057,0.39243782488969026,-0.10179764310710397,-0.004999999999999893,0.8893356393228808,0.9978665957137632,0.005445984947984148,-0.004999999999999893,0.8893356393228808
1.5217089415825562,87.18750000000001,-0.0057,0.3903391810748924,-0.10053669487676797,-0.004999999999999893,0.8444231867073959,0.9975603631596724,0.0031004965732393973,-0.004999999999999893,0.8444231867073959
1.619883712007237,92.81249999999999,-0.0057,0.38694633187550825,-0.09944430900134589,0.0,0.7998824115401605,0.9972136123097072,0.00024249291062247282,0.0,0.7998824115401605
1.718058482431918,98.4375,-0.0057,0.3847714676391004,-0.0987934284859358,0.0,0.773640007160681,0.9971204951062576,-0.0017993349946478301,0.0,0.773640007160681
1.8162332528565992,104.0625,-0.0057,0.3836642329165167,-0.0983622880654533,0.004999999999999893,0.7688157201210235,0.9972402787864395,-0.003183349675793835,0.004999999999999893,0.7688157201210235
1.9144080232812803,109.68750000000001,-0.0057,0.3831984953475575,-0.09818612840581703,0.004999999999999893,0.7623397288256054,0.997230819296195,-0.003992137086613207,0.004999999999999893,0.7623397288256054
2.0125827937059615,115.31250000000001,-0.0057,0.3828070877267018,-0.09808138490598049,0.004999999999999893,0.755219085610668,0.9971919786299018,-0.004637020396801525,0.004999999999999893,0.755219085610668
2.110757564130642,120.9375,-0.0057,0.3827698949024817,-0.09799732541728294,0.004999999999999893,0.7472186799786358,0.9971421214464669,-0.0053134255867526466,0.004999999999999893,0.7472186799786358
2.2089323345553233,126.5625,-0.0057,0.38277624585514125,-0.09792549804445262,-0.06999999999999851,-0.7368444114332535,0.9970493268198944,-0.005859598530114623,-0.06999999999999851,-0.7368444114332535
2.3071071049800045,132.1875,-0.0057,0.3826318294414799,-0.09800446637068375,-0.06999999999999851,-0.7242846473949338,0.9968595094925694,-0.005671890287626946,-0.06999999999999851,-0.7242846473949338
2.405281875404685,137.8125,-0.0057,0.3831047597610117,-0.0983202172125679,-0.06999999999999851,-0.6828961823500321,0.9960668189668493,-0.005027325405835877,-0.06999999999999851,-0.6828961823500321
2.5034566458293663,143.4375,-0.0057,0.3833686282533669,-0.09839558773057815,-0.06999999999999851,-0.6658460287488617,0.9957108934690037,-0.004900549943114895,-0.06999999999999851,-0.6658460287488617
2.6016314162540475,149.0625,-0.0057,0.38387516655365383,-0.09861769183593051,-0.06999999999999851,-0.6283182873967962,0.994778381377746,-0.004197543308829365,-0.06999999999999851,-0.6283182873967962
2.699806186678728,154.68749999999997,-0.0057,0.3840621931083474,-0.09866481696658609,-0.06999999999999851,-0.6119822690149102,0.9943302213868891,-0.003931479338663937,-0.06999999999999851,-0.6119822690149102
2.7979809571034093,160.3125,-0.0057,0.3845648837354515,-0.09895796730339419,-0.0749999999999984,-0.564870602020586,0.9926230120926893,-0.0023918234843731093,-0.0749999999999984,-0.564870602020586
2.8961557275280905,165.9375,-0.0057,0.38499378936104145,-0.09915782705090896,-0.0749999999999984,-0.5262583722474365,0.9908379904826993,-0.0011250252599775347,-0.0749999999999984,-0.5262583722474365
2.9943304979527716,171.5625,-0.0057,0.3858377214186852,-0.09941193686312541,-0.0749999999999984,-0.469781900025082,0.9876114892985938,0.0005811084243856858,-0.0749999999999984,-0.469781900025082
3.0925052683774528,177.1875,-0.0057,0.3862458937709004,-0.09923484857460628,-0.0749999999999984,-0.47566353679778645,0.9881684743433201,-0.0004684339089691138,-0.0749999999999984,-0.47566353679778645
-3.0925052683774528,-177.1875,-0.0051,0.3878978549185184,-0.10009794876069315,-0.08499999999999819,-0.34011020247581686,0.9732798864520484,0.011152699675385062,-0.08499999999999819,-0.34011020247581686
-2.994330497952771,-171.56249999999997,-0.0051,0.38799300885297805,-0.10003162205787249,-0.08499999999999819,-0.3336533466394863,0.9721313917477139,0.010975185057140575,-0.08499999999999819,-0.3336533466394863
-2.8961557275280905,-165.9375,-0.0051,0.3886111864551745,-0.09996806717907,-0.08499999999999819,-0.3160424483557086,0.9683382531831489,0.010574022282847201,-0.08499999999999819,-0.3160424483557086
-2.7979809571034098,-160.31250000000003,-0.0051,0.38953148927497583,-0.10013199884318132,-0.08999999999999808,-0.2839044578676654,0.9606509698802679,0.015597505338074438,-0.08999999999999808,-0.2839044578676654
-2.699806186678728,-154.68749999999997,-0.0051,0.3904918157355053,-0.10034019994178286,0.05499999999999883,-0.2657472805286896,0.9558673588615035,0.02259978490384591,0.05499999999999883,-0.2657472805286896
-2.6016314162540475,-149.0625,-0.0051,0.3912281639203327,-0.1004299313663256,0.049999999999998934,-0.26157116865797175,0.9555633328134908,0.026869971018465204,0.049999999999998934,-0.26157116865797175
-2.5034566458293668,-143.43750000000003,-0.0051,0.39204002089391504,-0.10047959793634592,0.049999999999998934,-0.26115701920848083,0.9566855475410496,0.030531311414031814,0.049999999999998934,-0.26115701920848083
-2.405281875404685,-137.8125,-0.0051,0.3927762084207931,-0.10051852630519251,0.04499999999999904,-0.26690791041984846,0.9588528509661519,0.03351714431992706,0.04499999999999904,-0.26690791041984846
-2.3071071049800045,-132.1875,-0.0051,0.39409712731770424,-0.10062161660785743,0.03999999999999915,-0.28205267724661914,0.9642425520811657,0.038779377756177395,0.03999999999999915,-0.28205267724661914
-2.208932334555323,-126.56249999999997,-0.0051,0.3951648143397758,-0.10062578311619236,0.034999999999999254,-0.2898480462479073,0.9666914234129004,0.04121298945075699,0.034999999999999254,-0.2898480462479073
-2.110757564130642,-120.9375,-0.0051,0.3963102675341709,-0.1005638593404583,0.034999999999999254,-0.28755498307524335,0.9666047113810361,0.04291831889498642,0.034999999999999254,-0.28755498307524335
-2.0125827937059615,-115.31250000000001,-0.0051,0.39781104285146907,-0.10049069731933058,0.02999999999999936,-0.286380063136699,0.9671198863148486,0.045663068705925104,0.02999999999999936,-0.286380063136699
-1.9144080232812801,-109.6875,-0.0051,0.3991710899993786,-0.10035848540257014,0.02999999999999936,-0.27026838581218454,0.9638087513472952,0.047488769108001344,0.02999999999999936,-0.27026838581218454
-1.8162332528565992,-104.0625,-0.0051,0.4009580602198162,-0.10021169016718112,0.93999999999998,-0.25732352758673194,0.9601399900354645,0.0504438124526808,0.93999999999998,-0.25732352758673194
-1.718058482431918,-98.4375,-0.0051,0.4051502860749621,-0.10000000296236049,0.7799999999999834,-0.2666110096794926,0.9643316012543123,0.059502417738291825,0.7799999999999834,-0.2666110096794926
-1.6198837120072371,-92.8125,-0.0051,0.4085050460993948,-0.0996933602277106,0.6199999999999868,-0.2570433935531459,0.961984383950058,0.06718507223524438,0.6199999999999868,-0.2570433935531459
-1.521708941582556,-87.1875,-0.0051,0.4151996411725619,-0.09937667066673042,0.2949999999999937,-0.3425726350277578,0.9811143010481878,-0.06787079639370237,0.2949999999999937,-0.3425726350277578
-1.423534171157875,-81.5625,-0.0051,0.42654161434477245,-0.09897887367449007,0.13499999999999712,-0.5867868655348104,0.995367178337572,-0.060669881357034404,0.13499999999999712,-0.5867868655348104
-1.325359400733194,-75.9375,-0.0051,0.4405146848971203,-0.09804582739703246,-0.019999999999999574,-0.7609674764609559,0.997754887420442,-0.05813613777506176,-0.019999999999999574,-0.7609674764609559
-1.227184630308513,-70.3125,-0.0051,0.45577550799959243,-0.09706077656012381,-0.019999999999999574,-0.8534702900763952,0.9982603593314143,-0.05729912482207746,-0.019999999999999574,-0.8534702900763952
-1.1290098598838318,-64.6875,-0.0051,0.47626922401583444,-0.09552544631667922,-0.019999999999999574,-0.9047658536192011,0.9983044339803819,-0.056893975721687653,-0.019999999999999574,-0.9047658536192011
-1.030835089459151,-59.0625,-0.0051,0.5122406209312601,-0.09275699298542785,0.05499999999999883,0.9267994633752973,0.9977743626651114,-0.055359846403692965,0.05499999999999883,0.9267994633752973
-0.93266031903447,-53.43750000000001,-0.0051,0.5960747419666934,-0.08865625114520333,0.049999999999998934,0.9125320081790679,0.9944607692528132,-0.04991381431790254,0.049999999999998934,0.9125320081790679
-0.8344855486097889,-47.8125,-0.0051,0.7144119732485156,-0.08341288822602849,0.034999999999999254,0.7704912771130578,0.9845320914987065,-0.036967455733419086,0.034999999999999254,0.7704912771130578
-0.7363107781851077,-42.1875,-0.0051,0.6952861308677586,-0.07447017503878126,0.02999999999999936,0.6247217313917587,0.9850994058164109,-0.02930158447978276,0.02999999999999936,0.6247217313917587
-0.6381360077604266,-36.56249999999999,-0.0051,0.5153854856296537,-0.06352025612053662,0.034999999999999254,0.5433843055965666,0.9917456012480005,-0.03348601175443001,0.034999999999999254,0.5433843055965666
-0.5399612373357456,-30.937499999999996,-0.0051,0.35503689412820144,-0.04956297829333612,0.04499999999999904,0.49992131663893846,0.9990105897232794,-0.04434513105508786,0.04499999999999904,0.49992131663893846
-0.4417864669110647,-25.312500000000004,-0.0051,0.2885964668336303,-0.03848518407421156,0.05499999999999883,0.50633558239988,0.9959714993211568,-0.05486881561169992,0.05499999999999883,0.50633558239988
-0.34361169648638357,-19.687499999999996,-0.0051,0.2574007011580241,-0.03013948635986203,0.06499999999999861,0.5390161417069151,0.9745306410045267,-0.06448241842834745,0.06499999999999861,0.5390161417069151
-0.24543692606170264,-14.062500000000004,-0.0051,0.22632313428508763,-0.027404249276291533,0.0749999999999984,0.5799821868959019,0.9343408344416788,-0.07314477498129685,0.0749999999999984,0.5799821868959019
-0.14726215563702172,-8.437500000000009,-0.0051,0.194466860531949,-0.027957616865568875,0.0799999999999983,0.6023887877442163,0.8999589562627733,0.07253583212240075,0.0799999999999983,0.6023887877442163
-0.04908738521234057,-2.812500000000003,-0.0051,0.14463173572400373,-0.030977684051362187,0.08999999999999808,0.5663691862398125,0.8335503337839832,0.06318051124613032,0.08999999999999808,0.5663691862398125
0.04908738521234057,2.812500000000003,-0.0051,0.10470115284577818,-0.035335224525861963,0.10499999999999776,0.4646474644190807,0.7696362295328428,0.04753285566440513,0.10499999999999776,0.4646474644190807
0.14726215563702172,8.437500000000009,-0.0051,0.08693390993315898,-0.03985385821366185,0.27499999999999414,0.4370395800486155,0.8305871250496981,0.029838012571911158,0.27499999999999414,0.4370395800486155
0.24543692606170264,14.062500000000004,-0.0051,0.08327753863795309,-0.04581155472128827,-0.019999999999999574,0.53376258362144,0.9422185154072883,0.020048870416544434,-0.019999999999999574,0.53376258362144
0.34361169648638357,19.687499999999996,-0.0051,0.1058158802783919,-0.05779377441012545,-0.01499999999999968,0.68646168031869,0.9891309458471245,0.013355440660688571,-0.01499999999999968,0.68646168031869
0.4417864669110647,25.312500000000004,-0.0051,0.19573682196651548,-0.07185197008496255,-0.01499999999999968,0.78724644345751,0.9915961982837045,0.016125835156786353,-0.01499999999999968,0.78724644345751
0.5399612373357456,30.937499999999996,-0.0051,0.3508323897424276,-0.0810495069857812,-0.019999999999999574,0.8428586782740739,0.9908204953646642,0.022263829940042845,-0.019999999999999574,0.8428586782740739
0.6381360077604266,36.56249999999999,-0.0051,0.5096977956207888,-0.08779928761891415,-0.02999999999999936,0.88567639393334,0.9923916775025082,0.02827709576904327,-0.02999999999999936,0.88567639393334
0.7363107781851077,42.1875,-0.0051,0.546321543237668,-0.09264753061928561,-0.02999999999999936,0.9059720017599231,0.993833336214807,0.028483637773740356,-0.02999999999999936,0.9059720017599231
0.8344855486097886,47.81249999999999,-0.0051,0.4916807973890689,-0.0985090670065522,-0.019999999999999574,0.9265749124021025,0.9949943360899608,0.020306617760641348,-0.019999999999999574,0.9265749124021025
0.9326603190344698,53.4375,-0.0051,0.4254635990886024,-0.1034701055804475,-0.01499999999999968,0.9462704371326554,0.996916696265113,0.012952388899762657,-0.01499999999999968,0.9462704371326554
1.030835089459151,59.0625,-0.0051,0.3948123994203466,-0.1060244294571223,-0.009999999999999787,0.9556046413873626,0.9978680910769859,0.01160131191984775,-0.009999999999999787,0.9556046413873626
1.1290098598838316,64.68749999999999,-0.0051,0.39077522073650667,-0.10569455755664559,-0.009999999999999787,0.9489981997468117,0.9980977382438996,0.011203372651695813,-0.009999999999999787,0.9489981997468117
1.2271846303085128,70.31249999999999,-0.0051,0.3911351383143692,-0.10412273526462013,-0.009999999999999787,0.9288823637372722,0.9979950471090693,0.010043979678275052,-0.009999999999999787,0.9288823637372722
1.325359400733194,75.9375,-0.0051,0.390033301072531,-0.10243665125773237,-0.009999999999999787,0.8938482153079557,0.9977631913614426,0.008287831244962945,-0.009999999999999787,0.8938482153079557
1.423534171157875,81.5625,-0.0051,0.388364509772535,-0.10097737430283515,-0.004999999999999893,0.8512240710308163,0.9974340938648539,0.0056671118240601975,-0.004999999999999893,0.8512240710308163
1.5217089415825562,87.18750000000001,-0.0051,0.38650733844516233,-0.10015529007947846,-0.004999999999999893,0.8099086472333902,0.9971071315282418,0.0037921055930477173,-0.004999999999999893,0.8099086472333902
1.619883712007237,92.81249999999999,-0.0051,0.38441232619886506,-0.0993565965512398,0.0,0.7743578097584782,0.9968659441472871,0.0010829624200107202,0.0,0.7743578097584782
1.718058482431918,98.4375,-0.0051,0.38374465032984856,-0.0990025327387501,0.0,0.7631458209259602,0.9968851910529332,-0.00042772412581995725,0.0,0.7631458209259602
1.8162332528565992,104.0625,-0.0051,0.383503227515738,-0.0987901231571437,-0.0749999999999984,-0.7308861292789928,0.9965578606899788,-0.001798384316621204,-0.0749999999999984,-0.7308861292789928
1.9144080232812803,109.68750000000001,-0.0051,0.3833654351464283,-0.09865597551886529,-0.0749999999999984,-0.7178202773394667,0.9964549670426293,-0.0027000895768585936,-0.0749999999999984,-0.7178202773394667
2.0125827937059615,115.31250000000001,-0.0051,0.3833242727076659,-0.09854053014763055,0.0799999999999983,-0.7089919153279366,0.9963852155968607,-0.003513207975861924,0.0799999999999983,-0.7089919153279366
2.110757564130642,120.9375,-0.0051,0.3834670735884869,-0.09850335952367639,0.004999999999999893,0.6927539366625879,0.9961468308770779,-0.004056351795032171,0.004999999999999893,0.6927539366625879
2.2089323345553233,126.5625,-0.0051,0.383571684255396,-0.09841478271521839,-0.06999999999999851,-0.6830851737614699,0.9960142991680585,-0.0046987575904183084,-0.06999999999999851,-0.6830851737614699
2.3071071049800045,132.1875,-0.0051,0.3837201373015728,-0.09840070507447161,-0.06999999999999851,-0.6692989015697144,0.9957520495348114,-0.0050451270551068236,-0.06999999999999851,-0.6692989015697144
2.405281875404685,137.8125,-0.0051,0.3840497647624908,-0.09852667393839243,-0.06999999999999851,-0.6407177220591808,0.9950856379837478,-0.004842846427399223,-0.06999999999999851,-0.6407177220591808
2.5034566458293663,143.4375,-0.0051,0.3842214072866554,-0.09859035196751477,-0.06999999999999851,-0.6245140944741341,0.9946722290260495,-0.0046734825949928584,-0.06999999999999851,-0.6245140944741341
2.6016314162540475,149.0625,-0.0051,0.3844658989620224,-0.0986592956919355,-0.06999999999999851,-0.6049702319093331,0.9941112326931756,-0.004389847385783985,-0.06999999999999851,-0.6049702319093331
2.699806186678728,154.68749999999997,-0.0051,0.38469583294786747,-0.09876197744455022,-0.06999999999999851,-0.5816389061954437,0.993357921787403,-0.003868381207344614,-0.06999999999999851,-0.5816389061954437
2.7979809571034093,160.3125,-0.0051,0.3851048899375671,-0.09899201626107201,-0.0749999999999984,-0.5412272358527194,0.9916844661265688,-0.0025316317039906296,-0.0749999999999984,-0.5412272358527194
2.8961557275280905,165.9375,-0.0051,0.3854929142821393,-0.09921612802492757,-0.0749999999999984,-0.49936409033400947,0.9894913406313653,-0.0009394243717439761,-0.0749999999999984,-0.49936409033400947
2.9943304979527716,171.5625,-0.0051,0.38585570927146123,-0.09917306353271017,-0.0749999999999984,-0.48841813091179587,0.9889017649649154,-0.0014171680175742503,-0.0749999999999984,-0.48841813091179587
3.0925052683774528,177.1875,-0.0051,0.3859921720053668,-0.09885200958145379,-0.0749999999999984,-0.5197761331616864,0.9908386551490486,-0.003218451964983165,-0.0749999999999984,-0.5197761331616864
-3.0925052683774528,-177.1875,-0.0045000000000000005,0.3877153870857776,-0.10012521759807803,-0.08499999999999819,-0.3418269099693228,0.9733444557938117,0.011489786266481773,-0.08499999999999819,-0.3418269099693228
-2.994330497952771,-171.56249999999997,-0.0045000000000000005,0.3878123713122992,-0.10021572225070698,0.06499999999999861,-0.32925446347804016,0.9713757570135918,0.013938065473880257,0.06499999999999861,-0.32925446347804016
-2.8961557275280905,-165.9375,-0.0045000000000000005,0.38780314603033783,-0.09983632135820189,-0.08499999999999819,-0.34718726930967164,0.9743568786190335,0.008079398506341826,-0.08499999999999819,-0.34718726930967164
-2.7979809571034098,-160.31250000000003,-0.0045000000000000005,0.3888806801851036,-0.1002031794823726,-0.08999999999999808,-0.3003669284469294,0.9651926835886296,0.015954469726556782,-0.08999999999999808,-0.3003669284469294
-2.699806186678728,-154.68749999999997,-0.0045000000000000005,0.38962923820635753,-0.10035244768305564,0.05499999999999883,-0.2844099104242228,0.9617076047725812,0.020774941589743624,0.05499999999999883,-0.2844099104242228
-2.6016314162540475,-149.0625,-0.0045000000000000005,0.3902453560883876,-0.10043534580757241,0.05499999999999883,-0.2780076239323217,0.9602721797082384,0.024235940071111003,0.05499999999999883,-0.2780076239323217
-2.5034566458293668,-143.43750000000003,-0.0045000000000000005,0.3910843029908211,-0.10049103636897298,0.049999999999998934,-0.272510871396036,0.9593053308502777,0.02766973478918009,0.049999999999998934,-0.272510871396036
-2.405281875404685,-137.8125,-0.0045000000000000005,0.3916657498076404,-0.10051584725434541,0.049999999999998934,-0.27098585439253753,0.9595485046921414,0.029788418237389577,0.049999999999998934,-0.27098585439253753
-2.3071071049800045,-132.1875,-0.0045000000000000005,0.39273511522969723,-0.10057456044775827,0.04499999999999904,-0.27149644571127424,0.9605027126062428,0.03385190833866618,0.04499999999999904,-0.27149644571127424
-2.208932334555323,-126.56249999999997,-0.0045000000000000005,0.3940420950569911,-0.10062886092220664,0.03999999999999915,-0.2746940930207462,0.962360921316401,0.038082167088520004,0.03999999999999915,-0.2746940930207462
-2.110757564130642,-120.9375,-0.0045000000000000005,0.39556872917787816,-0.10060539220493084,0.034999999999999254,-0.2701372835941004,0.9621283339740571,0.0416502510386274,0.034999999999999254,-0.2701372835941004
-2.0125827937059615,-115.31250000000001,-0.0045000000000000005,0.39720574753969434,-0.10052682272360577,0.02999999999999936,-0.2675962272054616,0.9625624403563431,0.04531881818562165,0.02999999999999936,-0.2675962272054616
-1.9144080232812801,-109.6875,-0.0045000000000000005,0.3988894944196131,-0.10041436927099383,0.93999999999998,-0.258574038822991,0.9607712873821213,0.04874764646852426,0.93999999999998,-0.258574038822991
-1.8162332528565992,-104.0625,-0.0045000000000000005,0.4005802507198969,-0.10022335549409267,0.93999999999998,-0.24770681471610118,0.9558068558071717,0.05189296688632597,0.93999999999998,-0.24770681471610118
-1.718058482431918,-98.4375,-0.0045000000000000005,0.40465929166685216,-0.09995841565135648,0.7799999999999834,-0.26823432613457976,0.9645204902036206,0.060853772048348354,0.7799999999999834,-0.26823432613457976
-1.6198837120072371,-92.8125,-0.0045000000000000005,0.4082414549206788,-0.09951061837678221,0.6149999999999869,-0.27363619811146805,0.9662184638773043,0.06819961184558605,0.6149999999999869,-0.27363619811146805
-1.521708941582556,-87.1875,-0.0045000000000000005,0.4138463602734414,-0.09895828081555004,0.6049999999999871,-0.32429102430776524,0.9777340479059123,-0.07009610558360123,0.6049999999999871,-0.32429102430776524
-1.423534171157875,-81.5625,-0.0045000000000000005,0.42358671964322236,-0.09829611891192735,0.2899999999999938,-0.5200244713382665,0.9935849263119383,-0.060423236358273555,0.2899999999999938,-0.5200244713382665
-1.325359400733194,-75.9375,-0.0045000000000000005,0.4359195556979023,-0.09737214224787007,-0.019999999999999574,-0.6934734450002403,0.9972351665004489,-0.05756153239538512,-0.019999999999999574,-0.6934734450002403
-1.227184630308513,-70.3125,-0.0045000000000000005,0.44975132013752966,-0.09631053527730211,-0.019999999999999574,-0.7949128725893349,0.9981042696128352,-0.05629271595704859,-0.019999999999999574,-0.7949128725893349
-1.1290098598838318,-64.6875,-0.0045000000000000005,0.4712826403216457,-0.09477562337197121,-0.019999999999999574,-0.8693920982792728,0.9983639534859169,-0.05554334941057218,-0.019999999999999574,-0.8693920982792728
-1.030835089459151,-59.0625,-0.0045000000000000005,0.5114161155744517,-0.09203877441834012,0.05499999999999883,0.9035520811317259,0.9978480972498306,-0.05395876089480495,0.05499999999999883,0.9035520811317259
-0.93266031903447,-53.43750000000001,-0.0045000000000000005,0.6035801003469883,-0.08778754180271092,0.04499999999999904,0.8781127689678513,0.9936347616740947,-0.047025269171486625,0.04499999999999904,0.8781127689678513
-0.8344855486097889,-47.8125,-0.0045000000000000005,0.7236631632633911,-0.08257333783793991,0.02999999999999936,0.7093352983883671,0.9816161928236267,-0.03151330945220119,0.02999999999999936,0.7093352983883671
-0.7363107781851077,-42.1875,-0.0045000000000000005,0.678380351969781,-0.07338850439680797,0.024999999999999467,0.5915497106578745,0.9846857778824882,-0.026046191157630922,0.024999999999999467,0.5915497106578745
-0.6381360077604266,-36.56249999999999,-0.0045000000000000005,0.49196187711015626,-0.062316206772270705,0.02999999999999936,0.5122862096956776,0.9922089191518583,-0.03263930792422356,0.02999999999999936,0.5122862096956776
-0.5399612373357456,-30.937499999999996,-0.0045000000000000005,0.3382802250891964,-0.04836416681959935,0.04499999999999904,0.48099227823995144,0.999104725394806,-0.04556224396618939,0.04499999999999904,0.48099227823995144
-0.4417864669110647,-25.312500000000004,-0.0045000000000000005,0.27744606873640837,-0.03755607347290573,0.05499999999999883,0.5037006745813638,0.9928944055313284,-0.05654401849276215,0.05499999999999883,0.5037006745813638
-0.34361169648638357,-19.687499999999996,-0.0045000000000000005,0.2513385270569784,-0.02984094954072031,0.06499999999999861,0.5534268946208597,0.9690220956805489,-0.06640650652975325,0.06499999999999861,0.5534268946208597
-0.24543692606170264,-14.062500000000004,-0.0045000000000000005,0.22627547051877622,-0.02789345782819206,0.0749999999999984,0.6063007560693628,0.9308193024118638,-0.07465854801786698,0.0749999999999984,0.6063007560693628
-0.14726215563702172,-8.437500000000009,-0.0045000000000000005,0.1986674871950402,-0.02916249040021047,0.0799999999999983,0.6275115947507558,0.8988644404005457,0.07189577035238223,0.0799999999999983,0.6275115947507558
-0.04908738521234057,-2.812500000000003,-0.0045000000000000005,0.15693266285552837,-0.03332764040653926,0.08999999999999808,0.5902300166617735,0.8415356393825797,0.06312947632949624,0.08999999999999808,0.5902300166617735
0.04908738521234057,2.812500000000003,-0.0045000000000000005,0.12516548612371242,-0.038700728235968575,0.09999999999999787,0.48110685861991836,0.7890953072172975,0.0489917916520556,0.09999999999999787,0.48110685861991836
0.14726215563702172,8.437500000000009,-0.0045000000000000005,0.11116782195568607,-0.04363673891439553,0.42499999999999094,0.4148247003474215,0.81576150121574,0.031321982426578715,0.42499999999999094,0.4148247003474215
0.24543692606170264,14.062500000000004,-0.0045000000000000005,0.11085117156357446,-0.04957526171187558,0.12999999999999723,0.4906176303495721,0.9332595806085048,0.019898762801845774,0.12999999999999723,0.4906176303495721
0.34361169648638357,19.687499999999996,-0.0045000000000000005,0.135031404113368,-0.06116683196937715,-0.01499999999999968,0.6523430090602202,0.9886486065479675,0.01316348060202257,-0.01499999999999968,0.6523430090602202
0.4417864669110647,25.312500000000004,-0.0045000000000000005,0.2230674166113045,-0.07432621749028641,-0.01499999999999968,0.765607177362144,0.9918072236766948,0.016213653431920844,-0.01499999999999968,0.765607177362144
0.5399612373357456,30.937499999999996,-0.0045000000000000005,0.3657030579863416,-0.08267663648643485,-0.024999999999999467,0.8280646812607261,0.991279528068642,0.02273266287649483,-0.024999999999999467,0.8280646812607261
0.6381360077604266,36.56249999999999,-0.0045000000000000005,0.5111106816583803,-0.08862891804666782,-0.02999999999999936,0.8824754621184094,0.9930703781388959,0.02960662446847733,-0.02999999999999936,0.8824754621184094
0.7363107781851077,42.1875,-0.0045000000000000005,0.5437006071555021,-0.09261602753421652,-0.02999999999999936,0.9033755572138727,0.9942441879087649,0.0307021763437927,-0.02999999999999936,0.9033755572138727
0.8344855486097886,47.81249999999999,-0.0045000000000000005,0.48731911892225027,-0.09725960125716593,-0.019999999999999574,0.9097893501655454,0.9942870418945705,0.022416691091519746,-0.019999999999999574,0.9097893501655454
0.9326603190344698,53.4375,-0.0045000000000000005,0.42120590281370046,-0.10146064911558067,-0.01499999999999968,0.9378895695248006,0.9963221520608748,0.013874902535222115,-0.01499999999999968,0.9378895695248006
1.030835089459151,59.0625,-0.0045000000000000005,0.39140173688748925,-0.10415600794727022,-0.009999999999999787,0.945226985715437,0.9976945452607229,0.012349090200652928,-0.009999999999999787,0.945226985715437
1.1290098598838316,64.68749999999999,-0.0045000000000000005,0.3879823242960317,-0.10405103425316777,-0.009999999999999787,0.9356135499224935,0.9979352012425531,0.011553147235740354,-0.009999999999999787,0.9356135499224935
1.2271846303085128,70.31249999999999,-0.0045000000000000005,0.3878058284446125,-0.10280129718299019,-0.009999999999999787,0.9100001708173064,0.9977978371415439,0.00996342985760234,-0.009999999999999787,0.9100001708173064
1.325359400733194,75.9375,-0.0045000000000000005,0.38705009245586547,-0.10172325853098993,-0.009999999999999787,0.8764437266097356,0.9975988335480187,0.008139869517637767,-0.009999999999999787,0.8764437266097356
1.423534171157875,81.5625,-0.0045000000000000005,0.38623476322857475,-0.10075223517920268,-0.004999999999999893,0.8389400191777664,0.9973115053043846,0.005807259067372378,-0.004999999999999893,0.8389400191777664
1.5217089415825562,87.18750000000001,-0.0045000000000000005,0.3853079902148251,-0.10009290917645702,-0.004999999999999893,0.8079384035344075,0.9971247087284877,0.003786207895548045,-0.004999999999999893,0.8079384035344075
1.619883712007237,92.81249999999999,-0.0045000000000000005,0.38431060158436864,-0.09939871723297436,0.0,0.7791972574495628,0.9969693285312125,0.0009991500332512913,0.0,0.7791972574495628
1.718058482431918,98.4375,-0.0045000000000000005,0.38403481595586714,-0.09901340350024776,0.0,0.7598088646253115,0.996892539869022,-0.0008689397816569321,0.0,0.7598088646253115
1.8162332528565992,104.0625,-0.0045000000000000005,0.3840231315488417,-0.09882933093254012,-0.0749999999999984,-0.7264947885292957,0.9965259088031292,-0.0021374168988281274,-0.0749999999999984,-0.7264947885292957
1.9144080232812803,109.68750000000001,-0.0045000000000000005,0.3839994987760115,-0.09866955604708554,0.0799999999999983,-0.7134147665653763,0.9964172567667398,-0.0031278132986182496,0.0799999999999983,-0.7134147665653763
2.0125827937059615,115.31250000000001,-0.0045000000000000005,0.38406197577364765,-0.09854976284538805,0.004999999999999893,0.7000285177884049,0.9962549155112971,-0.003985260390346023,0.004999999999999893,0.7000285177884049
2.110757564130642,120.9375,-0.0045000000000000005,0.38420586370458987,-0.09849190127561769,-0.06999999999999851,-0.6833150574121492,0.9959953292647382,-0.00457548660900412,-0.06999999999999851,-0.6833150574121492
2.2089323345553233,126.5625,-0.0045000000000000005,0.38422138649116555,-0.0984569476498161,-0.06999999999999851,-0.6654025239683492,0.9956468531287588,-0.005024396362189559,-0.06999999999999851,-0.6654025239683492
2.3071071049800045,132.1875,-0.0045000000000000005,0.3843755178722436,-0.0985049313525351,-0.06999999999999851,-0.6425422619602669,0.9951262057346129,-0.005111249997711387,-0.06999999999999851,-0.6425422619602669
2.405281875404685,137.8125,-0.0045000000000000005,0.3845353203050259,-0.09856960248995957,-0.06999999999999851,-0.6210488438755576,0.9945742721213849,-0.005046047983981039,-0.06999999999999851,-0.6210488438755576
2.5034566458293663,143.4375,-0.0045000000000000005,0.3846272265076871,-0.0986051507473059,-0.06999999999999851,-0.6086826299190516,0.9942325089165422,-0.00492703647503493,-0.06999999999999851,-0.6086826299190516
2.6016314162540475,149.0625,-0.0045000000000000005,0.38479158352005993,-0.09866974222315558,-0.06999999999999851,-0.5886309706249638,0.9936028031944643,-0.004668439652249598,-0.06999999999999851,-0.5886309706249638
2.699806186678728,154.68749999999997,-0.0045000000000000005,0.3849941707249663,-0.09875056189429644,-0.06999999999999851,-0.56818098306652,0.9928764004339085,-0.004238355733814086,-0.06999999999999851,-0.56818098306652
2.7979809571034093,160.3125,-0.0045000000000000005,0.38529878022347547,-0.09890727683126374,-0.0749999999999984,-0.5354690590666907,0.9915265487355299,-0.0032965133483328583,-0.0749999999999984,-0.5354690590666907
2.8961557275280905,165.9375,-0.0045000000000000005,0.3858168952570258,-0.09930842370137996,-0.0749999999999984,-0.4707960772828171,0.9876970209733843,-0.00043902756075152766,-0.0749999999999984,-0.4707960772828171
2.9943304979527716,171.5625,-0.0045000000000000005,0.3857383785459571,-0.09894525700853597,-0.0749999999999984,-0.5067508688015305,0.9901181917851545,-0.00314532356099697,-0.0749999999999984,-0.5067508688015305
3.0925052683774528,177.1875,-0.0045000000000000005,0.38592374041748345,-0.0986805484139774,-0.06999999999999851,-0.5356614441729457,0.9915262905136931,-0.00445375657369022,-0.06999999999999851,-0.5356614441729457
-3.0925052683774528,-177.1875,-0.0039,0.3871932694329701,-0.09994852776124916,-0.08499999999999819,-0.3593874347652038,0.9760768154270392,0.008507701243457164,-0.08499999999999819,-0.3593874347652038
-2.994330497952771,-171.56249999999997,-0.0039,0.38725040503838887,-0.1000166957142709,-0.08499999999999819,-0.3511560396735821,0.9749257445265876,0.010274861842039367,-0.08499999999999819,-0.3511560396735821
-2.8961557275280905,-165.9375,-0.0039,0.3871654392358776,-0.09972988552273218,-0.0799999999999983,-0.37221626025558224,0.9780586560383555,0.006380056432024693,-0.0799999999999983,-0.37221626025558224
-2.7979809571034098,-160.31250000000003,-0.0039,0.38783962170373326,-0.0999846723602236,-0.08499999999999819,-0.3348014152648056,0.9721703599294594,0.010992127743871693,-0.08499999999999819,-0.3348014152648056
-2.699806186678728,-154.68749999999997,-0.0039,0.3883962652500076,-0.10010758781597989,0.06499999999999861,-0.3150384759191441,0.9684939795247965,0.014062569068216863,0.06499999999999861,-0.3150384759191441
-2.6016314162540475,-149.0625,-0.0039,0.38894123965351546,-0.10020604471226983,0.05999999999999872,-0.30129191042929765,0.9656129033237665,0.016768209635420007,0.05999999999999872,-0.30129191042929765
-2.5034566458293668,-143.43750000000003,-0.0039,0.3895682504523324,-0.10028140199785654,0.05999999999999872,-0.288114620031457,0.9626091646903775,0.019422823404500876,0.05999999999999872,-0.288114620031457
-2.405281875404685,-137.8125,-0.0039,0.39010593218759865,-0.10030857581287504,0.05499999999999883,-0.27835548080051015,0.9603362263718773,0.020920692573867822,0.05499999999999883,-0.27835548080051015
-2.3071071049800045,-132.1875,-0.0039,0.3908671586413626,-0.10032077494081793,0.05499999999999883,-0.2661002194165909,0.9566387229050246,0.022952770723223298,0.05499999999999883,-0.2661002194165909
-2.208932334555323,-126.56249999999997,-0.0039,0.3920263826311442,-0.10040678824248597,0.049999999999998934,-0.2515312746982919,0.9527558041748739,0.027437644873120764,0.049999999999998934,-0.2515312746982919
-2.110757564130642,-120.9375,-0.0039,0.39384017593875276,-0.10059342194995577,0.04499999999999904,-0.24371839737479892,0.9525827769654145,0.035336509517888554,0.04499999999999904,-0.24371839737479892
-2.0125827937059615,-115.31250000000001,-0.0039,0.3954855346003727,-0.10064998018697127,0.034999999999999254,-0.23814955434786408,0.9521419673262316,0.040582173184640094,0.034999999999999254,-0.23814955434786408
-1.9144080232812801,-109.6875,-0.0039,0.39752681722361527,-0.10061534888098832,0.9449999999999799,-0.2370812506277747,0.9519936902578139,0.046472321770550724,0.9449999999999799,-0.2370812506277747
-1.8162332528565992,-104.0625,-0.0039,0.39876664212302454,-0.1003860586598743,0.93999999999998,-0.21989889296387627,0.9424367455404732,0.04850434984357065,0.93999999999998,-0.21989889296387627
-1.718058482431918,-98.4375,-0.0039,0.4038161572498125,-0.10030597752192275,0.7749999999999835,-0.276727878078967,0.9674329511800442,0.061535293775315004,0.7749999999999835,-0.276727878078967
-1.6198837120072371,-92.8125,-0.0039,0.4090493418017161,-0.09998599417644781,0.6149999999999869,-0.334423540046354,0.9792798411268148,0.07213579535393048,0.6149999999999869,-0.334423540046354
-1.521708941582556,-87.1875,-0.0039,0.41399406040848846,-0.09953547103068168,0.2999999999999936,-0.3934230671285209,0.9864973195211661,-0.07023337967271898,0.2999999999999936,-0.3934230671285209
-1.423534171157875,-81.5625,-0.0039,0.4242577168859491,-0.09854629887246823,-0.01499999999999968,-0.5691341277943334,0.9950692355972708,-0.06223911124805065,-0.01499999999999968,-0.5691341277943334
-1.325359400733194,-75.9375,-0.0039,0.43434221922973026,-0.09734457991897448,0.13499999999999712,-0.6704429153336027,0.9970260118322946,-0.05929994537321185,0.13499999999999712,-0.6704429153336027
-1.227184630308513,-70.3125,-0.0039,0.4456276460906207,-0.09633001633780884,-0.019999999999999574,-0.7495416936538108,0.9978856432406756,-0.0571841064502752,-0.019999999999999574,-0.7495416936538108
-1.1290098598838318,-64.6875,-0.0039,0.465481162322782,-0.09475530473929833,-0.019999999999999574,-0.8192806848059131,0.9983008610863986,-0.0553135083053839,-0.019999999999999574,-0.8192806848059131
-1.030835089459151,-59.0625,-0.0039,0.5101991822900296,-0.09156856535387191,0.049999999999998934,0.8437357644017718,0.9976635724908214,-0.0529918720710031,0.049999999999998934,0.8437357644017718
-0.93266031903447,-53.43750000000001,-0.0039,0.6143265613816495,-0.08709885400759422,0.03999999999999915,0.7846007019771948,0.9910138007189635,-0.04226205429840657,0.03999999999999915,0.7846007019771948
-0.8344855486097889,-47.8125,-0.0039,0.7335943193861187,-0.08157564805395018,0.019999999999999574,0.6377010166080276,0.9797809369650836,-0.022636650714243933,0.019999999999999574,0.6377010166080276
-0.7363107781851077,-42.1875,-0.0039,0.664068028078283,-0.07244814547710542,0.019999999999999574,0.5519387739832539,0.9850016230550963,-0.021874432948721444,0.019999999999999574,0.5519387739832539
-0.6381360077604266,-36.56249999999999,-0.0039,0.47689932675386304,-0.0615904622505231,0.02999999999999936,0.47623296750570615,0.9928891022306426,-0.0313368491419647,0.02999999999999936,0.47623296750570615
-0.5399612373357456,-30.937499999999996,-0.0039,0.33151626106108995,-0.047980784023000475,0.04499999999999904,0.45506690830643354,0.9975704909064347,-0.04640591069364799,0.04499999999999904,0.45506690830643354
-0.4417864669110647,-25.312500000000004,-0.0039,0.276320802008436,-0.03782251858950483,0.05999999999999872,0.4978306897662444,0.9852067239631739,-0.05832059085817032,0.05999999999999872,0.4978306897662444
-0.34361169648638357,-19.687499999999996,-0.0039,0.25518226233692876,-0.03115220464003186,0.06999999999999851,0.5686989441471799,0.9586581597270332,-0.06882299236224734,0.06999999999999851,0.5686989441471799
-0.24543692606170264,-14.062500000000004,-0.0039,0.24226002436972613,-0.02990831985577713,0.0749999999999984,0.6258449018932758,0.9253211005778679,0.07582538240285672,0.0749999999999984,0.6258449018932758
-0.14726215563702172,-8.437500000000009,-0.0039,0.2258940175300374,-0.03191105170663399,0.0799999999999983,0.6300348529509232,0.8883742008662414,0.0713985089467248,0.0799999999999983,0.6300348529509232
-0.04908738521234057,-2.812500000000003,-0.0039,0.2004045897229048,-0.037143909310410256,0.08999999999999808,0.6017819958620089,0.8486821822587312,0.062406317050855344,0.08999999999999808,0.6017819958620089
0.04908738521234057,2.812500000000003,-0.0039,0.18319090814643865,-0.042971886423620535,0.09999999999999787,0.49929693467926234,0.8174260756362232,0.04993435233316168,0.09999999999999787,0.49929693467926234
0.14726215563702172,8.437500000000009,-0.0039,0.176052138026651,-0.047945714344982474,0.42499999999999094,0.39807769079616845,0.8177466652087854,0.03418002423146016,0.42499999999999094,0.39807769079616845
0.24543692606170264,14.062500000000004,-0.0039,0.17897403407644905,-0.05354353318426573,0.13499999999999712,0.42965441528640486,0.920306771716978,0.018533552444460883,0.13499999999999712,0.42965441528640486
0.34361169648638357,19.687499999999996,-0.0039,0.2098700302434872,-0.0644306862570916,-0.01499999999999968,0.595624930354775,0.9867221762968393,0.01492456953387643,-0.01499999999999968,0.595624930354775
0.4417864669110647,25.312500000000004,-0.0039,0.2929984092508745,-0.07638103751955616,-0.019999999999999574,0.7239122180372686,0.9914905068545429,0.018030288494104717,-0.019999999999999574,0.7239122180372686
0.5399612373357456,30.937499999999996,-0.0039,0.4096892145377188,-0.08426076459162092,-0.024999999999999467,0.8069078593761948,0.991838612844655,0.024719972970065916,-0.024999999999999467,0.8069078593761948
0.6381360077604266,36.56249999999999,-0.0039,0.5220654912458166,-0.08970499350111753,-0.02999999999999936,0.868761570470127,0.9938414480285764,0.0318922024185667,-0.02999999999999936,0.868761570470127
0.7363107781851077,42.1875,-0.0039,0.5408354859015002,-0.09258408274926216,-0.034999999999999254,0.8894244986415105,0.9942093096716699,0.03358594694870079,-0.034999999999999254,0.8894244986415105
0.8344855486097886,47.81249999999999,-0.0039,0.479069434664011,-0.09557176140401191,-0.024999999999999467,0.8915224801434477,0.9930565159889078,0.024553643763165184,-0.024999999999999467,0.8915224801434477
0.9326603190344698,53.4375,-0.0039,0.41539158159621425,-0.09953558842279861,-0.01499999999999968,0.9281284817187746,0.9960972641979915,0.01542211827030613,-0.01499999999999968,0.9281284817187746
1.030835089459151,59.0625,-0.0039,0.3896935420087016,-0.10246737989109418,-0.01499999999999968,0.9332235345678749,0.9975656758434334,0.012647581764415184,-0.01499999999999968,0.9332235345678749
1.1290098598838316,64.68749999999999,-0.0039,0.38771397488429166,-0.10310467994842887,-0.009999999999999787,0.9248899309772819,0.9978371396664376,0.01127727639614465,-0.009999999999999787,0.9248899309772819
1.2271846303085128,70.31249999999999,-0.0039,0.3877560294548048,-0.10246107667810851,-0.009999999999999787,0.9027057940318263,0.9977690264296988,0.009427952230096969,-0.009999999999999787,0.9027057940318263
1.325359400733194,75.9375,-0.0039,0.387646405327596,-0.10187992505270276,-0.009999999999999787,0.8781338652979886,0.9976797240753638,0.007791162035163649,-0.009999999999999787,0.8781338652979886
1.423534171157875,81.5625,-0.0039,0.38764449331690454,-0.10125107148731104,-0.004999999999999893,0.8569804383885911,0.9975896132270472,0.006061654748815946,-0.004999999999999893,0.8569804383885911
1.5217089415825562,87.18750000000001,-0.0039,0.38713996380457383,-0.10043751153084189,-0.004999999999999893,0.8148618469663546,0.9973112547130027,0.003448418516744425,-0.004999999999999893,0.8148618469663546
1.619883712007237,92.81249999999999,-0.0039,0.38620929522935915,-0.09973032189062014,0.0,0.7979889267987476,0.9972739488332839,0.0010545797264769788,0.0,0.7979889267987476
1.718058482431918,98.4375,-0.0039,0.3854248487653349,-0.09908713519725809,0.0,0.7546742315141454,0.9969060224483914,-0.0015570232993279184,0.0,0.7546742315141454
1.8162332528565992,104.0625,-0.0039,0.38535716872535075,-0.09896498212698283,-0.0749999999999984,-0.7059886432562443,0.9962278559891588,-0.002629327172815175,-0.0749999999999984,-0.7059886432562443
1.9144080232812803,109.68750000000001,-0.0039,0.3851540913753594,-0.09883778737492122,0.0799999999999983,-0.6907951624293631,0.996021368438681,-0.003329223936721076,0.0799999999999983,-0.6907951624293631
2.0125827937059615,115.31250000000001,-0.0039,0.3850535785241378,-0.09876562931516387,0.0799999999999983,-0.6671831785227786,0.9955977154583459,-0.0038821613306249036,0.0799999999999983,-0.6671831785227786
2.110757564130642,120.9375,-0.0039,0.3850714204886427,-0.09869788257306174,-0.06999999999999851,-0.6522167451605604,0.9953184335798584,-0.004432335374325825,-0.06999999999999851,-0.6522167451605604
2.2089323345553233,126.5625,-0.0039,0.38513017120194865,-0.0988113156739733,-0.06999999999999851,-0.6095386177882415,0.9941978188210222,-0.004192821156011217,-0.06999999999999851,-0.6095386177882415
2.3071071049800045,132.1875,-0.0039,0.38517826211741535,-0.09887791231291423,-0.06999999999999851,-0.5829607471352176,0.9933765483801873,-0.0040024699006686705,-0.06999999999999851,-0.5829607471352176
2.405281875404685,137.8125,-0.0039,0.38521091027581367,-0.09889287976879013,-0.06999999999999851,-0.5677660495236209,0.9928589603985125,-0.003957285998455312,-0.06999999999999851,-0.5677660495236209
2.5034566458293663,143.4375,-0.0039,0.38519541039090943,-0.09890523543959744,-0.06999999999999851,-0.5558448254207335,0.992418847764496,-0.0038538665352835853,-0.06999999999999851,-0.5558448254207335
2.6016314162540475,149.0625,-0.0039,0.38529490346547046,-0.0989603199469739,0.0799999999999983,-0.5361839026567751,0.9915972574008782,-0.0034517362704469226,0.0799999999999983,-0.5361839026567751
2.699806186678728,154.68749999999997,-0.0039,0.38541996565363135,-0.09903961307504863,-0.0749999999999984,-0.516964428751815,0.9906102801442062,-0.002846629318928575,-0.0749999999999984,-0.516964428751815
2.7979809571034093,160.3125,-0.0039,0.3856419954353087,-0.09915404462278211,-0.0749999999999984,-0.49122406485200554,0.9891121779024412,-0.001905000139416928,-0.0749999999999984,-0.49122406485200554
2.8961557275280905,165.9375,-0.0039,0.3860362943089829,-0.0994041098912586,-0.0749999999999984,-0.44511336813723384,0.9858169725982968,0.0002706946037203887,-0.0749999999999984,-0.44511336813723384
2.9943304979527716,171.5625,-0.0039,0.38593544013143877,-0.09911568038947736,-0.0749999999999984,-0.4765177968654083,0.9882016186595644,-0.002057376154200925,-0.0749999999999984,-0.4765177968654083
3.0925052683774528,177.1875,-0.0039,0.3859891232214707,-0.09889257808984311,-0.0749999999999984,-0.4992870423660966,0.9897098300974047,-0.003302920015257332,-0.0749999999999984,-0.4992870423660966
-3.0925052683774528,-177.1875,-0.0033,0.38662651688273736,-0.0996712781891861,-0.0799999999999983,-0.39316912506297685,0.9804890692821979,0.004578790794970818,-0.0799999999999983,-0.39316912506297685
-2.994330497952771,-171.56249999999997,-0.0033,0.38675673184502657,-0.09977038978162626,-0.0799999999999983,-0.37758976191195953,0.9787254038362814,0.006468504992176663,-0.0799999999999983,-0.37758976191195953
-2.8961557275280905,-165.9375,-0.0033,0.38694978951896336,-0.09978164906664087,-0.0799999999999983,-0.36828179354973284,0.9775759936919517,0.007001063811793003,-0.0799999999999983,-0.36828179354973284
-2.7979809571034098,-160.31250000000003,-0.0033,0.38741890018483577,-0.09991339648228104,-0.08499999999999819,-0.3454205573456343,0.973964622577845,0.009549059977224028,-0.08499999999999819,-0.3454205573456343
-2.699806186678728,-154.68749999999997,-0.0033,0.3879017130886053,-0.10001516283699768,0.06499999999999861,-0.3254313449958551,0.9705393656427784,0.011863319012880926,0.06499999999999861,-0.3254313449958551
-2.6016314162540475,-149.0625,-0.0033,0.38835967710702834,-0.10008513208700136,0.06499999999999861,-0.3112160187805742,0.9676556012342256,0.013689631164806586,0.06499999999999861,-0.3112160187805742
-2.5034566458293668,-143.43750000000003,-0.0033,0.38891747385678305,-0.10015226155785703,-0.08999999999999808,-0.2957657032770917,0.9642071659922273,0.015606797715597602,-0.08999999999999808,-0.2957657032770917
-2.405281875404685,-137.8125,-0.0033,0.3894713125723965,-0.10018673297691168,0.05999999999999872,-0.28243778101516476,0.9607285466004019,0.016883914473426853,0.05999999999999872,-0.28243778101516476
-2.3071071049800045,-132.1875,-0.0033,0.3901718448204241,-0.10022366918809085,0.05999999999999872,-0.2664358308626995,0.9558862369139809,0.01836048412355355,0.05999999999999872,-0.2664358308626995
-2.208932334555323,-126.56249999999997,-0.0033,0.39114303274077816,-0.10030229950221264,0.05499999999999883,-0.24477310277549452,0.9487968877605507,0.02153194256541757,0.05499999999999883,-0.24477310277549452
-2.110757564130642,-120.9375,-0.0033,0.3922226015422726,-0.10036692692980458,0.05499999999999883,-0.22530072109500665,0.940950480244376,0.025126535777043855,0.05499999999999883,-0.22530072109500665
-2.0125827937059615,-115.31250000000001,-0.0033,0.3936533553249726,-0.10042537707159171,0.049999999999998934,-0.20157761043660063,0.9295951405330646,0.03013793213416397,0.049999999999998934,-0.20157761043660063
-1.9144080232812801,-109.6875,-0.0033,0.395340647175314,-0.10045030305622897,0.9499999999999797,-0.17851928877161433,0.9158006804877236,0.03624162895247437,0.9499999999999797,-0.17851928877161433
-1.8162332528565992,-104.0625,-0.0033,0.39690969136143917,-0.10043922927580935,0.9449999999999799,-0.17492472862800845,0.9048692184344869,0.0422368890929191,0.9449999999999799,-0.17492472862800845
-1.718058482431918,-98.4375,-0.0033,0.4017236357511751,-0.10075438029372195,0.7749999999999835,-0.23801237113032195,0.952922137951999,0.06216239760487154,0.7749999999999835,-0.23801237113032195
-1.6198837120072371,-92.8125,-0.0033,0.40949756478321686,-0.10064685939990273,0.4549999999999903,-0.37843629398204537,0.984985425652731,-0.07479977720242109,0.4549999999999903,-0.37843629398204537
-1.521708941582556,-87.1875,-0.0033,0.4128784835663585,-0.10000767824961469,0.2949999999999937,-0.40716639752803363,0.9877186269671481,-0.06963007057571705,0.2949999999999937,-0.40716639752803363
-1.423534171157875,-81.5625,-0.0033,0.4205361421272229,-0.09926503723723935,0.13999999999999702,-0.5363001843785442,0.9941586832210236,-0.06388771059660207,0.13999999999999702,-0.5363001843785442
-1.325359400733194,-75.9375,-0.0033,0.4319346375457049,-0.09783341950988435,-0.01499999999999968,-0.657686406352286,0.9968589169001354,-0.060709330503021,-0.01499999999999968,-0.657686406352286
-1.227184630308513,-70.3125,-0.0033,0.44294367276610686,-0.09626874919176358,0.13499999999999712,-0.6874603026490643,0.9971996473839252,-0.05968380888342604,0.13499999999999712,-0.6874603026490643
-1.1290098598838318,-64.6875,-0.0033,0.46244017603236565,-0.0942537498630468,-0.019999999999999574,-0.717236151469934,0.9973408207978895,-0.05812212155126377,-0.019999999999999574,-0.717236151469934
-1.030835089459151,-59.0625,-0.0033,0.5104123913827423,-0.0909642849998952,0.05499999999999883,0.719336022847048,0.9964060742335142,-0.05344212572872804,0.05499999999999883,0.719336022847048
-0.93266031903447,-53.43750000000001,-0.0033,0.6252653231835454,-0.08650937845413739,0.034999999999999254,0.6080389105012958,0.9837367610741113,-0.033929503093291916,0.034999999999999254,0.6080389105012958
-0.8344855486097889,-47.8125,-0.0033,0.7391307204460659,-0.08116927697671548,0.01499999999999968,0.6122470316695765,0.9822883734011093,-0.015021423663034914,0.01499999999999968,0.6122470316695765
-0.7363107781851077,-42.1875,-0.0033,0.6525820475595108,-0.07222888327716637,0.019999999999999574,0.5279742588468043,0.9865305765064579,-0.019261903907994222,0.019999999999999574,0.5279742588468043
-0.6381360077604266,-36.56249999999999,-0.0033,0.47207688592055,-0.06160763536278454,0.02999999999999936,0.44160851408990465,0.9938659390155753,-0.030874132603302875,0.02999999999999936,0.44160851408990465
-0.5399612373357456,-30.937499999999996,-0.0033,0.34213119859781116,-0.04863520946379689,0.049999999999998934,0.43292158085089205,0.9940188884842995,-0.047873735417627655,0.049999999999998934,0.43292158085089205
-0.4417864669110647,-25.312500000000004,-0.0033,0.29530353597866565,-0.039223425384042415,0.05999999999999872,0.496039976994473,0.9759484702128629,-0.060293993441944894,0.05999999999999872,0.496039976994473
-0.34361169648638357,-19.687499999999996,-0.0033,0.283834908591514,-0.033604241250896005,0.06999999999999851,0.5819419354282234,0.9498503826480262,-0.07053513919354885,0.06999999999999851,0.5819419354282234
-0.24543692606170264,-14.062500000000004,-0.0033,0.2838179285269899,-0.03341544779037413,0.0799999999999983,0.6393729095925744,0.9207848625136275,0.0746860565522114,0.0799999999999983,0.6393729095925744
-0.14726215563702172,-8.437500000000009,-0.0033,0.28184957106212516,-0.03579031403889308,0.0799999999999983,0.6387637270454657,0.8893821864277085,0.07047638909883507,0.0799999999999983,0.6387637270454657
-0.04908738521234057,-2.812500000000003,-0.0033,0.27948039250150314,-0.040904592602409126,0.08999999999999808,0.6069811330191556,0.8656841597371916,0.06188341351846816,0.08999999999999808,0.6069811330191556
0.04908738521234057,2.812500000000003,-0.0033,0.2804389783881218,-0.04652896073249475,0.09999999999999787,0.5129016998214935,0.8567152135839026,0.05080312037506643,0.09999999999999787,0.5129016998214935
0.14726215563702172,8.437500000000009,-0.0033,0.2865387618520542,-0.05118122703028308,0.11499999999999755,0.4190120481051746,0.8663103258789451,0.038852694521215286,0.11499999999999755,0.4190120481051746
0.24543692606170264,14.062500000000004,-0.0033,0.29345330249825174,-0.056475633817322984,0.12999999999999723,0.3948120814064005,0.9227759753701267,0.023056542928015056,0.12999999999999723,0.3948120814064005
0.34361169648638357,19.687499999999996,-0.0033,0.3286176714146583,-0.06624820746292649,-0.01499999999999968,0.536205913527192,0.985964969184816,0.016822536463009945,-0.01499999999999968,0.536205913527192
0.4417864669110647,25.312500000000004,-0.0033,0.39171056329991766,-0.077505041482461,-0.019999999999999574,0.6798764969228043,0.9911430821469472,0.019962923196372228,-0.019999999999999574,0.6798764969228043
0.5399612373357456,30.937499999999996,-0.0033,0.46968130465616187,-0.0854250602753217,-0.024999999999999467,0.7762845227762366,0.9922313487350399,0.02674271881383287,-0.024999999999999467,0.7762845227762366
0.6381360077604266,36.56249999999999,-0.0033,0.5416398703545838,-0.09080814484979413,-0.034999999999999254,0.8542501275315986,0.994290389947488,0.03382064813867171,-0.034999999999999254,0.8542501275315986
0.7363107781851077,42.1875,-0.0033,0.5429825383816071,-0.0930236564000206,-0.034999999999999254,0.8798296529574287,0.9941328576058658,0.035273623253479984,-0.034999999999999254,0.8798296529574287
0.8344855486097886,47.81249999999999,-0.0033,0.47414923196790437,-0.09479416243444443,-0.024999999999999467,0.8743637425949192,0.99240827633645,0.025289608037902242,-0.024999999999999467,0.8743637425949192
0.9326603190344698,53.4375,-0.0033,0.41176444417731584,-0.09799477028080839,-0.01499999999999968,0.9154201094489738,0.9958799881179441,0.01561032851299225,-0.01499999999999968,0.9154201094489738
1.030835089459151,59.0625,-0.0033,0.3890571352573939,-0.10090575533234464,-0.009999999999999787,0.9210903808533871,0.9973362517700097,0.011904556435797272,-0.009999999999999787,0.9210903808533871
1.1290098598838316,64.68749999999999,-0.0033,0.38786815880661646,-0.1019077835961462,-0.009999999999999787,0.908284551649226,0.9975867381526162,0.009467784319228581,-0.009999999999999787,0.908284551649226
1.2271846303085128,70.31249999999999,-0.0033,0.388778935718633,-0.10215462985905654,-0.009999999999999787,0.89128683644942,0.9976673376165488,0.008325525415625432,-0.009999999999999787,0.89128683644942
1.325359400733194,75.9375,-0.0033,0.3897299826955918,-0.10223670157502414,-0.004999999999999893,0.8776267223243919,0.9977284621626026,0.007612842648634757,-0.004999999999999893,0.8776267223243919
1.423534171157875,81.5625,-0.0033,0.3896589856770763,-0.10154029123798121,-0.004999999999999893,0.8484515113195433,0.9975680898499789,0.005602639146283859,-0.004999999999999893,0.8484515113195433
1.5217089415825562,87.18750000000001,-0.0033,0.3888585216051419,-0.1007968062563996,-0.004999999999999893,0.8134125349479422,0.997347434524884,0.0034249146218627365,-0.004999999999999893,0.8134125349479422
1.619883712007237,92.81249999999999,-0.0033,0.3883386742361324,-0.10028694465272621,0.0,0.8034147170152292,0.9973933187127144,0.0017171776612155828,0.0,0.8034147170152292
1.718058482431918,98.4375,-0.0033,0.38690880131278377,-0.09944936890445276,0.0,0.7381336149669797,0.9966741348266941,-0.0012158826310402343,0.0,0.7381336149669797
1.8162332528565992,104.0625,-0.0033,0.38627961799241833,-0.09927885566916299,-0.0749999999999984,-0.6712521740215399,0.9954942143702252,-0.002036919279283529,-0.0749999999999984,-0.6712521740215399
1.9144080232812803,109.68750000000001,-0.0033,0.3859946605206661,-0.09917232522207046,-0.0749999999999984,-0.6511700832141588,0.9951091536196972,-0.0025505072202644612,-0.0749999999999984,-0.6511700832141588
2.0125827937059615,115.31250000000001,-0.0033,0.38581951800122916,-0.09909450679896013,-0.0749999999999984,-0.6285088635277578,0.9946145295906481,-0.0029984814581631046,-0.0749999999999984,-0.6285088635277578
2.110757564130642,120.9375,-0.0033,0.3856608492351558,-0.09908801056409,-0.0749999999999984,-0.6063523943387261,0.9940179832442334,-0.0030356858778289924,-0.0749999999999984,-0.6063523943387261
2.2089323345553233,126.5625,-0.0033,0.3854846573037903,-0.09906876296861145,-0.0749999999999984,-0.5846652186724332,0.9933587551716605,-0.0030937451389512634,-0.0749999999999984,-0.5846652186724332
2.3071071049800045,132.1875,-0.0033,0.3854029951778325,-0.09908275249283058,-0.0749999999999984,-0.5622257934654099,0.9925677097651052,-0.003013013838123865,-0.0749999999999984,-0.5622257934654099
2.405281875404685,137.8125,-0.0033,0.385314945416595,-0.09907259286702583,-0.0749999999999984,-0.547399370136399,0.9919963131831819,-0.00301120672043099,-0.0749999999999984,-0.547399370136399
2.5034566458293663,143.4375,-0.0033,0.38529295913568723,-0.0990717480713558,-0.0749999999999984,-0.5343766557550901,0.9914403632047486,-0.002925031045520551,-0.0749999999999984,-0.5343766557550901
2.6016314162540475,149.0625,-0.0033,0.38533676341606105,-0.09910844190217988,-0.0749999999999984,-0.5171756836550644,0.9905859110972985,-0.002545153453250827,-0.0749999999999984,-0.5171756836550644
2.699806186678728,154.68749999999997,-0.0033,0.3854607048834436,-0.09915579845570874,-0.0749999999999984,-0.5008463313890624,0.9896744606089176,-0.0020784960622389336,-0.0749999999999984,-0.5008463313890624
2.7979809571034093,160.3125,-0.0033,0.38563752540939256,-0.09923517339229411,-0.0749999999999984,-0.478167217067321,0.9882561077118023,-0.0013153214479367675,-0.0749999999999984,-0.478167217067321
2.8961557275280905,165.9375,-0.0033,0.38590235578631354,-0.09934372849035741,-0.0749999999999984,-0.4510181932405027,0.986268906578489,-0.0002452611089660168,-0.0749999999999984,-0.4510181932405027
2.9943304979527716,171.5625,-0.0033,0.38607029351242167,-0.09933763481525613,-0.0749999999999984,-0.4430189624837428,0.9856004782896591,-0.00018310391437310918,-0.0749999999999984,-0.4430189624837428
3.0925052683774528,177.1875,-0.0033,0.38622881426425854,-0.09931506113567842,-0.0749999999999984,-0.44003998945758444,0.9853192727741957,-7.862379872298971e-05,-0.0749999999999984,-0.44003998945758444
-3.0925052683774528,-177.1875,-0.0027,0.38642949253234593,-0.09968186546565752,-0.0799999999999983,-0.3929473345313561,0.9804738085030592,0.004775091646356166,-0.0799999999999983,-0.3929473345313561
-2.994330497952771,-171.56249999999997,-0.0027,0.38654212074519667,-0.09973276964525189,-0.0799999999999983,-0.38219701163990744,0.9792404421680159,0.005817354797986688,-0.0799999999999983,-0.38219701163990744
-2.8961557275280905,-165.9375,-0.0027,0.38675818323697103,-0.09979046966016407,-0.0799999999999983,-0.3682342523322273,0.9775447810307442,0.006936313858784683,-0.0799999999999983,-0.3682342523322273
-2.7979809571034098,-160.31250000000003,-0.0027,0.3871916284437363,-0.09993267494811629,-0.08499999999999819,-0.3456923775945947,0.9740063578956859,0.009566329885884335,-0.08499999999999819,-0.3456923775945947
-2.699806186678728,-154.68749999999997,-0.0027,0.38762192207245083,-0.10003292973614275,-0.08499999999999819,-0.3271050698952438,0.9708549894656957,0.0117096049398172,-0.08499999999999819,-0.3271050698952438
-2.6016314162540475,-149.0625,-0.0027,0.38803004140432595,-0.10010476968739711,0.06499999999999861,-0.3138763756119771,0.9682037834964738,0.013376179628015548,0.06499999999999861,-0.3138763756119771
-2.5034566458293668,-143.43750000000003,-0.0027,0.3885159900200008,-0.1001746590299206,-0.08999999999999808,-0.2993058429028156,0.9650420630287397,0.015078514096277479,-0.08999999999999808,-0.2993058429028156
-2.405281875404685,-137.8125,-0.0027,0.38901175208029376,-0.10021642653963989,-0.08999999999999808,-0.2861513031870723,0.9617519158561325,0.01616625699825379,-0.08999999999999808,-0.2861513031870723
-2.3071071049800045,-132.1875,-0.0027,0.3896516502068845,-0.10026589738433106,0.05999999999999872,-0.27015773704413587,0.9569997517157933,0.017425535817454423,0.05999999999999872,-0.27015773704413587
-2.208932334555323,-126.56249999999997,-0.0027,0.39061415422704243,-0.10036201658732646,0.05999999999999872,-0.24489832334341374,0.9483753318180739,0.020158148162837553,0.05999999999999872,-0.24489832334341374
-2.110757564130642,-120.9375,-0.0027,0.3915323823202665,-0.10044138844339374,0.05499999999999883,-0.22478089030590265,0.9396439889447176,0.02300884428812845,0.05499999999999883,-0.22478089030590265
-2.0125827937059615,-115.31250000000001,-0.0027,0.39264898239594526,-0.10052088163996502,0.049999999999998934,-0.20090073552502002,0.9275052647526353,0.026765515620073604,0.049999999999998934,-0.20090073552502002
-1.9144080232812801,-109.6875,-0.0027,0.3940810785080669,-0.10057869714720827,0.04499999999999904,-0.1703033271263845,0.9058085942401013,0.031728585260428745,0.04499999999999904,-0.1703033271263845
-1.8162332528565992,-104.0625,-0.0027,0.3956915514462628,-0.10058818375021575,0.9499999999999797,-0.14968633525742756,0.8704441226074028,0.037762521906417504,0.9499999999999797,-0.14968633525742756
-1.718058482431918,-98.4375,-0.0027,0.39900297305734084,-0.10065396530439194,0.9349999999999801,-0.1560213349682791,0.8628896903146132,0.05711058425958653,0.9349999999999801,-0.1560213349682791
-1.6198837120072371,-92.8125,-0.0027,0.40366712875418304,-0.1007191239282701,0.609999999999987,-0.2393782944009907,0.9520744821491472,0.07447169296063764,0.609999999999987,-0.2393782944009907
-1.521708941582556,-87.1875,-0.0027,0.40869598115735967,-0.1004829937837278,0.6049999999999871,-0.3417256307114101,0.9806028255772203,-0.0702185631489491,0.6049999999999871,-0.3417256307114101
-1.423534171157875,-81.5625,-0.0027,0.41563416975482015,-0.09986569066684199,0.13999999999999702,-0.4700106273393153,0.9915800561730209,-0.06459413253490759,0.13999999999999702,-0.4700106273393153
-1.325359400733194,-75.9375,-0.0027,0.4257110019465044,-0.09881819118729847,-0.01499999999999968,-0.6121871317377916,0.9960771435108862,-0.060826405724419094,-0.01499999999999968,-0.6121871317377916
-1.227184630308513,-70.3125,-0.0027,0.4362711223510005,-0.09738323208683482,0.13499999999999712,-0.6573449182404607,0.9968208215655457,-0.05956633312221918,0.13499999999999712,-0.6573449182404607
-1.1290098598838318,-64.6875,-0.0027,0.4553271699552128,-0.09531152649524845,-0.019999999999999574,-0.6776072443894313,0.9969313983143394,-0.058074206210655545,-0.019999999999999574,-0.6776072443894313
-1.030835089459151,-59.0625,-0.0027,0.5053489312695051,-0.09189657729057872,0.049999999999998934,0.672606625112837,0.9957845613005382,-0.05204457578335877,0.049999999999998934,0.672606625112837
-0.93266031903447,-53.43750000000001,-0.0027,0.6308519948275465,-0.08729002836730339,0.02999999999999936,0.569903403335349,0.9816547605267216,-0.02858698465423444,0.02999999999999936,0.569903403335349
-0.8344855486097889,-47.8125,-0.0027,0.7462197595139255,-0.08167650384632293,0.009999999999999787,0.6031871315368363,0.9834263393399874,-0.012492604461529416,0.009999999999999787,0.6031871315368363
-0.7363107781851077,-42.1875,-0.0027,0.6509314443224977,-0.07266468331652061,0.019999999999999574,0.5053225519546951,0.9873613020828804,-0.018184371937159723,0.019999999999999574,0.5053225519546951
-0.6381360077604266,-36.56249999999999,-0.0027,0.48880026000499305,-0.06248273861516358,0.02999999999999936,0.41353141947825256,0.9945913120804964,-0.03115720002387097,0.02999999999999936,0.41353141947825256
-0.5399612373357456,-30.937499999999996,-0.0027,0.37949505307782777,-0.0504895258108317,0.049999999999998934,0.4188246331820637,0.9897620699973879,-0.04977922264922124,0.049999999999998934,0.4188246331820637
-0.4417864669110647,-25.312500000000004,-0.0027,0.3449006015937767,-0.04197075158508474,0.06499999999999861,0.49570311029252284,0.9697722949941922,-0.06223066399997146,0.06499999999999861,0.49570311029252284
-0.34361169648638357,-19.687499999999996,-0.0027,0.3499868207740527,-0.03694496783100678,0.06999999999999851,0.5900818850952292,0.9470230996619572,-0.07173408888981331,0.06999999999999851,0.5900818850952292
-0.24543692606170264,-14.062500000000004,-0.0027,0.3738077806095956,-0.036851983243729354,0.0799999999999983,0.65323211191671,0.9247134038008008,0.07392575543030755,0.0799999999999983,0.65323211191671
-0.14726215563702172,-8.437500000000009,-0.0027,0.3907178348933542,-0.03875576285048862,0.08499999999999819,0.6544877697835898,0.9060857365494994,0.06974374474504166,0.08499999999999819,0.6544877697835898
-0.04908738521234057,-2.812500000000003,-0.0027,0.40691629872672314,-0.04186748570790229,0.08999999999999808,0.623046029078312,0.8922316666168346,0.06411037410705757,0.08999999999999808,0.623046029078312
0.04908738521234057,2.812500000000003,-0.0027,0.4241642319913621,-0.04668711623599447,0.09499999999999797,0.5327645057876824,0.8865074266469973,0.05521506345341305,0.09499999999999797,0.5327645057876824
0.14726215563702172,8.437500000000009,-0.0027,0.43919849456761806,-0.05232738754322255,0.10999999999999766,0.42059222072561697,0.9004868196669212,0.042714737789138084,0.10999999999999766,0.42059222072561697
0.24543692606170264,14.062500000000004,-0.0027,0.4498608106312262,-0.057491149236029514,-0.02999999999999936,0.37568956499615086,0.9388809534927507,0.02964059790684924,-0.02999999999999936,0.37568956499615086
0.34361169648638357,19.687499999999996,-0.0027,0.46648281645431167,-0.06683605277418836,-0.019999999999999574,0.4855038982977945,0.9863061024082244,0.01939100291317011,-0.019999999999999574,0.4855038982977945
0.4417864669110647,25.312500000000004,-0.0027,0.4924536543661217,-0.07805294312204872,-0.019999999999999574,0.6356471058161273,0.9909767728047527,0.022294559805468052,-0.019999999999999574,0.6356471058161273
0.5399612373357456,30.937499999999996,-0.0027,0.529863858026474,-0.0863187124139117,-0.02999999999999936,0.7541858425475226,0.9928467937640181,0.028924893205958917,-0.02999999999999936,0.7541858425475226
0.6381360077604266,36.56249999999999,-0.0027,0.5662384358848852,-0.09209304574300448,-0.034999999999999254,0.8481971753371356,0.9948307358014835,0.035190346184196,-0.034999999999999254,0.8481971753371356
0.7363107781851077,42.1875,-0.0027,0.5520462215916074,-0.09425614652959226,-0.034999999999999254,0.8789528260162206,0.994425257048712,0.035359433669198345,-0.034999999999999254,0.8789528260162206
0.8344855486097886,47.81249999999999,-0.0027,0.4768965319843048,-0.0956575199432296,-0.024999999999999467,0.885714108294568,0.9934118919037345,0.02487820748148058,-0.024999999999999467,0.885714108294568
0.9326603190344698,53.4375,-0.0027,0.41479849237666516,-0.09867101451584126,-0.01499999999999968,0.9179713798447556,0.9963078795887809,0.016537977543055485,-0.01499999999999968,0.9179713798447556
1.030835089459151,59.0625,-0.0027,0.39284295527026986,-0.10137161093333165,-0.009999999999999787,0.9146189169576666,0.9974008271276981,0.012533987512194736,-0.009999999999999787,0.9146189169576666
1.1290098598838316,64.68749999999999,-0.0027,0.39122194987160497,-0.10230072389451765,-0.009999999999999787,0.8998130111097258,0.9975941336158156,0.009541360915552938,-0.009999999999999787,0.8998130111097258
1.2271846303085128,70.31249999999999,-0.0027,0.3918683008828747,-0.10265635590413973,-0.009999999999999787,0.884307502118375,0.9976883873693815,0.008511074493393389,-0.009999999999999787,0.884307502118375
1.325359400733194,75.9375,-0.0027,0.392168129023365,-0.10259339607603077,0.06999999999999851,-0.8669414466106563,0.9976999256986107,0.007668702845136622,0.06999999999999851,-0.8669414466106563
1.423534171157875,81.5625,-0.0027,0.39100261644770157,-0.10165621184912282,-0.004999999999999893,0.8300747137597111,0.997421211099528,0.00526347727067496,-0.004999999999999893,0.8300747137597111
1.5217089415825562,87.18750000000001,-0.0027,0.38994548356528,-0.10097953534129177,-0.004999999999999893,0.7956101849521908,0.9971784119369439,0.003389346904307981,-0.004999999999999893,0.7956101849521908
1.619883712007237,92.81249999999999,-0.0027,0.38886252542180666,-0.10037655767541362,0.0,0.7600626007377564,0.9968130546546182,0.0016589097062822784,0.0,0.7600626007377564
1.718058482431918,98.4375,-0.0027,0.3875591321852416,-0.09978964165517978,0.0,0.7017064916893941,0.9959768238253948,-0.000230977279837191,0.0,0.7017064916893941
1.8162332528565992,104.0625,-0.0027,0.3868063332526503,-0.09948756015853087,-0.0749999999999984,-0.6605512749135068,0.9952366224600154,-0.0014363328839350842,-0.0749999999999984,-0.6605512749135068
1.9144080232812803,109.68750000000001,-0.0027,0.38639420482760545,-0.09931614444930956,-0.0749999999999984,-0.6409407249172006,0.9948514735051533,-0.0021929336686037013,-0.0749999999999984,-0.6409407249172006
2.0125827937059615,115.31250000000001,-0.0027,0.3860563992377726,-0.09921206577076078,-0.0749999999999984,-0.6191336104036682,0.9943405098014361,-0.0026455630888936295,-0.0749999999999984,-0.6191336104036682
2.110757564130642,120.9375,-0.0027,0.38584708883276925,-0.09919963536585419,-0.0749999999999984,-0.5999588717401904,0.9937888697739211,-0.002584598392861971,-0.0749999999999984,-0.5999588717401904
2.2089323345553233,126.5625,-0.0027,0.38559993603715953,-0.09914256855041859,-0.0749999999999984,-0.5803826082432426,0.9931862493087489,-0.0027824504982788276,-0.0749999999999984,-0.5803826082432426
2.3071071049800045,132.1875,-0.0027,0.38545573855977644,-0.09912267590572965,-0.0749999999999984,-0.5574259499373513,0.9923678046478525,-0.0028431709407751972,-0.0749999999999984,-0.5574259499373513
2.405281875404685,137.8125,-0.0027,0.3853434915450634,-0.09909962400103398,-0.0749999999999984,-0.5430441624124654,0.9918004539441314,-0.002871995678314859,-0.0749999999999984,-0.5430441624124654
2.5034566458293663,143.4375,-0.0027,0.38529700173014464,-0.09908921903725026,-0.0749999999999984,-0.5308292543650285,0.9912660357551593,-0.002817008102961547,-0.0749999999999984,-0.5308292543650285
2.6016314162540475,149.0625,-0.0027,0.3853286480805329,-0.09911649178222887,-0.0749999999999984,-0.5148817854888752,0.9904607369074269,-0.002473864885637113,-0.0749999999999984,-0.5148817854888752
2.699806186678728,154.68749999999997,-0.0027,0.38538675798959227,-0.0991564780707213,-0.0749999999999984,-0.4997896841036138,0.9896099510025429,-0.0020398557793322443,-0.0749999999999984,-0.4997896841036138
2.7979809571034093,160.3125,-0.0027,0.3855663783689787,-0.09922853842205757,-0.0749999999999984,-0.47893866152931003,0.9882954060952813,-0.0013097197784376034,-0.0749999999999984,-0.47893866152931003
2.8961557275280905,165.9375,-0.0027,0.38578321187970793,-0.0993480287223499,-0.0749999999999984,-0.45210057565764,0.9863419170898556,-9.984713600635244e-05,-0.0749999999999984,-0.45210057565764
2.9943304979527716,171.5625,-0.0027,0.3859365461721932,-0.09939952161724991,-0.0749999999999984,-0.4375761357551336,0.9851478963046971,0.0005402885435842398,-0.0749999999999984,-0.4375761357551336
3.0925052683774528,177.1875,-0.0027,0.3861699091600691,-0.09946706495170575,-0.0749999999999984,-0.42090370580871894,0.9836839318720276,0.0016513556733781167,-0.0749999999999984,-0.42090370580871894
-3.0925052683774528,-177.1875,-0.0020999999999999994,0.38624654410106024,-0.09966384693251482,-0.0799999999999983,-0.39708409418626944,0.980976594173919,0.004374079199603652,-0.0799999999999983,-0.39708409418626944
-2.994330497952771,-171.56249999999997,-0.0020999999999999994,0.3864138904351406,-0.09969232548233216,-0.0799999999999983,-0.38636609698729213,0.9797331347164473,0.005067024926729633,-0.0799999999999983,-0.38636609698729213
-2.8961557275280905,-165.9375,-0.0020999999999999994,0.38664512434437737,-0.09975957460870148,-0.0799999999999983,-0.3713309222879116,0.9778740802607524,0.006270200014847632,-0.0799999999999983,-0.3713309222879116
-2.7979809571034098,-160.31250000000003,-0.0020999999999999994,0.3870685236724309,-0.09993413260211327,-0.08499999999999819,-0.34583772456918643,0.9740272885784467,0.009284809738436465,-0.08499999999999819,-0.34583772456918643
-2.699806186678728,-154.68749999999997,-0.0020999999999999994,0.38745232860380396,-0.10005116500003618,-0.08499999999999819,-0.3277082200829963,0.9709457797094433,0.011585588180153423,-0.08499999999999819,-0.3277082200829963
-2.6016314162540475,-149.0625,-0.0020999999999999994,0.38781698987247026,-0.10013568473034365,0.06499999999999861,-0.3150894538353013,0.968450966015267,0.013289956695285158,0.06499999999999861,-0.3150894538353013
-2.5034566458293668,-143.43750000000003,-0.0020999999999999994,0.38825251080861867,-0.10021469434543616,-0.08999999999999808,-0.30137123057040227,0.9655270876457295,0.014933842240348308,-0.08999999999999808,-0.30137123057040227
-2.405281875404685,-137.8125,-0.0020999999999999994,0.3886867702771422,-0.10026241042641965,-0.08999999999999808,-0.289120407288832,0.9624986898458665,0.015859926975086043,-0.08999999999999808,-0.289120407288832
-2.3071071049800045,-132.1875,-0.0020999999999999994,0.3892473443273517,-0.10032030818278069,0.05999999999999872,-0.2736179168543463,0.9580739136844837,0.016855339132094676,0.05999999999999872,-0.2736179168543463
-2.208932334555323,-126.56249999999997,-0.0020999999999999994,0.3900882530290078,-0.1004346847329735,0.05999999999999872,-0.24926994829182883,0.9497428592679166,0.01932876577450878,0.05999999999999872,-0.24926994829182883
-2.110757564130642,-120.9375,-0.0020999999999999994,0.3908813220830968,-0.10053630521253513,0.05499999999999883,-0.22790745783790003,0.9410047986124872,0.021812884645952938,0.05499999999999883,-0.22790745783790003
-2.0125827937059615,-115.31250000000001,-0.0020999999999999994,0.3918600492259157,-0.10064085514454307,0.05499999999999883,-0.20407195297523348,0.9281622914312962,0.024985897997652527,0.05499999999999883,-0.20407195297523348
-1.9144080232812801,-109.6875,-0.0020999999999999994,0.3931242575045655,-0.10073990333386426,0.049999999999998934,-0.17093806281116405,0.9030614949412845,0.0292152423255473,0.049999999999998934,-0.17093806281116405
-1.8162332528565992,-104.0625,-0.0020999999999999994,0.39457787168596453,-0.10080367070228854,0.9499999999999797,-0.13770230166976632,0.8518112677745177,0.034679222082682974,0.9499999999999797,-0.13770230166976632
-1.718058482431918,-98.4375,-0.0020999999999999994,0.3972884981295138,-0.10091216278380293,0.9349999999999801,-0.1252888095038378,0.7655597669221527,0.05446987234286796,0.9349999999999801,-0.1252888095038378
-1.6198837120072371,-92.8125,-0.0020999999999999994,0.40083891934012955,-0.10105165486865987,0.609999999999987,-0.1888575983500394,0.913608930922444,0.075043485975949,0.609999999999987,-0.1888575983500394
-1.521708941582556,-87.1875,-0.0020999999999999994,0.40522740828765236,-0.10108316644629432,0.6049999999999871,-0.3032494601134238,0.9734531195676244,-0.06853143260027544,0.6049999999999871,-0.3032494601134238
-1.423534171157875,-81.5625,-0.0020999999999999994,0.4110984236752559,-0.10084813742523066,0.2899999999999938,-0.45176068611439624,0.9903401235964616,-0.0629439650889734,0.2899999999999938,-0.45176068611439624
-1.325359400733194,-75.9375,-0.0020999999999999994,0.41901159534167487,-0.10022600260057622,0.13499999999999712,-0.5995673286631193,0.9957270383693365,-0.05927467122762057,0.13499999999999712,-0.5995673286631193
-1.227184630308513,-70.3125,-0.0020999999999999994,0.4274276283010824,-0.09916311182961547,-0.019999999999999574,-0.6525104340612368,0.9967522332180365,-0.05770071941767981,-0.019999999999999574,-0.6525104340612368
-1.1290098598838318,-64.6875,-0.0020999999999999994,0.444468286943132,-0.09741306942302386,-0.019999999999999574,-0.6838724928840406,0.9971172800188163,-0.05582568104642286,-0.019999999999999574,-0.6838724928840406
-1.030835089459151,-59.0625,-0.0020999999999999994,0.4960957057484881,-0.09412797855865399,0.049999999999998934,0.710897695219298,0.9963309976815351,-0.04953756105643241,0.049999999999998934,0.710897695219298
-0.93266031903447,-53.43750000000001,-0.0020999999999999994,0.6373086530200057,-0.08906985932245062,0.02999999999999936,0.6127126162333012,0.9826802495370798,-0.0294215431341516,0.02999999999999936,0.6127126162333012
-0.8344855486097889,-47.8125,-0.0020999999999999994,0.7558795063835929,-0.08273870017268195,0.009999999999999787,0.5909862540226998,0.9816461255553304,-0.012797634943664907,0.009999999999999787,0.5909862540226998
-0.7363107781851077,-42.1875,-0.0020999999999999994,0.6624043890482342,-0.07348141161837798,0.019999999999999574,0.48521825789452666,0.9875325310635336,-0.018181029235953817,0.019999999999999574,0.48521825789452666
-0.6381360077604266,-36.56249999999999,-0.0020999999999999994,0.5335690005248026,-0.06382563860902364,0.02999999999999936,0.39070724701505694,0.9951822896131838,-0.03197119007674586,0.02999999999999936,0.39070724701505694
-0.5399612373357456,-30.937499999999996,-0.0020999999999999994,0.4526057359975739,-0.052895524770389876,0.049999999999998934,0.40885209884809653,0.9860060641775529,-0.05180778181197185,0.049999999999998934,0.40885209884809653
-0.4417864669110647,-25.312500000000004,-0.0020999999999999994,0.43382473776362757,-0.045118627484629435,0.06499999999999861,0.5035977829015471,0.9675914546177566,-0.06403013879954587,0.06499999999999861,0.5035977829015471
-0.34361169648638357,-19.687499999999996,-0.0020999999999999994,0.4567789724347213,-0.040075055748702335,0.0749999999999984,0.602300545807529,0.950960400332266,-0.07270646966600582,0.0749999999999984,0.602300545807529
-0.24543692606170264,-14.062500000000004,-0.0020999999999999994,0.500661027172145,-0.039074118535087736,0.0799999999999983,0.661311880841486,0.9370369397165641,0.07370799483768856,0.0799999999999983,0.661311880841486
-0.14726215563702172,-8.437500000000009,-0.0020999999999999994,0.5310347470428464,-0.04010096969741648,0.08499999999999819,0.6586216009301562,0.9268080009102727,0.0701622764462618,0.08499999999999819,0.6586216009301562
-0.04908738521234057,-2.812500000000003,-0.0020999999999999994,0.5582264693031794,-0.042314906296187366,0.08499999999999819,0.6245299177502006,0.9206746125357156,0.06558658292350607,0.08499999999999819,0.6245299177502006
0.04908738521234057,2.812500000000003,-0.0020999999999999994,0.5833171772818088,-0.046425530365053265,0.09499999999999797,0.5373888564259005,0.921190278429525,0.05834556525382132,0.09499999999999797,0.5373888564259005
0.14726215563702172,8.437500000000009,-0.0020999999999999994,0.5972562354149483,-0.05183349097804281,0.10499999999999776,0.41487893881958005,0.9307083146247193,0.04806147012801511,0.10499999999999776,0.41487893881958005
0.24543692606170264,14.062500000000004,-0.0020999999999999994,0.5993041357919094,-0.05703712024880224,0.11499999999999755,0.3454502858207505,0.9518925808634975,0.03596698150019985,0.11499999999999755,0.3454502858207505
0.34361169648638357,19.687499999999996,-0.0020999999999999994,0.5898329392369668,-0.06650309488344054,-0.024999999999999467,0.4317130496181525,0.9860765032830257,0.023527818658784644,-0.024999999999999467,0.4317130496181525
0.4417864669110647,25.312500000000004,-0.0020999999999999994,0.5780493696949461,-0.07794608675356693,-0.024999999999999467,0.604741733253457,0.9910303517468202,0.02568208133999851,-0.024999999999999467,0.604741733253457
0.5399612373357456,30.937499999999996,-0.0020999999999999994,0.5833482252148051,-0.0867673996209481,-0.02999999999999936,0.7443187996456582,0.9939075745564285,0.03146252677363048,-0.02999999999999936,0.7443187996456582
0.6381360077604266,36.56249999999999,-0.0020999999999999994,0.593678903371821,-0.09339865183105853,-0.034999999999999254,0.8502034806814656,0.9956114591385214,0.03596407351048117,-0.034999999999999254,0.8502034806814656
0.7363107781851077,42.1875,-0.0020999999999999994,0.5670958331021801,-0.096147175886361,-0.034999999999999254,0.8874013163150651,0.9951516917905755,0.034125005800469996,-0.034999999999999254,0.8874013163150651
0.8344855486097886,47.81249999999999,-0.0020999999999999994,0.48509628464794075,-0.0978873527837406,-0.024999999999999467,0.9078514557095153,0.9951093992295085,0.02395578391264748,-0.024999999999999467,0.9078514557095153
0.9326603190344698,53.4375,-0.0020999999999999994,0.4220398838259405,-0.10089818663758093,-0.01499999999999968,0.9255808911838341,0.997013596130047,0.01760389367193933,-0.01499999999999968,0.9255808911838341
1.030835089459151,59.0625,-0.0020999999999999994,0.3992765275092166,-0.103121202083711,-0.01499999999999968,0.9202127901859873,0.9976959560963293,0.013898863878971235,-0.01499999999999968,0.9202127901859873
1.1290098598838316,64.68749999999999,-0.0020999999999999994,0.39611791705602817,-0.1035421451747442,-0.009999999999999787,0.8974355596832061,0.9977697413217953,0.010616645363998013,-0.009999999999999787,0.8974355596832061
1.2271846303085128,70.31249999999999,-0.0020999999999999994,0.3956983702038504,-0.10362391432228851,-0.009999999999999787,0.8823378939709583,0.9978070632834625,0.00935160930549955,-0.009999999999999787,0.8823378939709583
1.325359400733194,75.9375,-0.0020999999999999994,0.3950157592415812,-0.1033047678342774,-0.009999999999999787,0.8635881556423872,0.9977706416316803,0.008266980155167997,-0.009999999999999787,0.8635881556423872
1.423534171157875,81.5625,-0.0020999999999999994,0.39281713350448083,-0.10210744302719937,-0.004999999999999893,0.8219184019161434,0.9974236371556346,0.0056092181692993836,-0.004999999999999893,0.8219184019161434
1.5217089415825562,87.18750000000001,-0.0020999999999999994,0.3911476874857646,-0.10128523815561842,-0.004999999999999893,0.7842168458763612,0.997095191106698,0.0036355959377213603,-0.004999999999999893,0.7842168458763612
1.619883712007237,92.81249999999999,-0.0020999999999999994,0.389627525188143,-0.10059101060926084,0.0,0.7425236004519663,0.996600427909237,0.0018879257653644907,0.0,0.7425236004519663
1.718058482431918,98.4375,-0.0020999999999999994,0.38817369433833465,-0.1000114841643279,0.0,0.6910499522691378,0.9957959675731461,0.00022620281329791342,0.0,0.6910499522691378
1.8162332528565992,104.0625,-0.0020999999999999994,0.3872036117472638,-0.09962577331624702,-0.0749999999999984,-0.6555464501419493,0.9951401488141896,-0.0011556185677167414,-0.0749999999999984,-0.6555464501419493
1.9144080232812803,109.68750000000001,-0.0020999999999999994,0.3866595904777657,-0.09941256207051073,-0.0749999999999984,-0.6354319826346762,0.9947240237576314,-0.001993247011772516,-0.0749999999999984,-0.6354319826346762
2.0125827937059615,115.31250000000001,-0.0020999999999999994,0.38625799237447944,-0.09928520426379853,-0.0749999999999984,-0.6140079475261327,0.9942011269144654,-0.0024710497585424813,-0.0749999999999984,-0.6140079475261327
2.110757564130642,120.9375,-0.0020999999999999994,0.3859906038973743,-0.0992586450505336,-0.0749999999999984,-0.5959047028897938,0.9936635796455303,-0.0024184084336652282,-0.0749999999999984,-0.5959047028897938
2.2089323345553233,126.5625,-0.0020999999999999994,0.3857186195854058,-0.09918350257264727,-0.0749999999999984,-0.5769044251569702,0.9930689011161064,-0.002668855052535592,-0.0749999999999984,-0.5769044251569702
2.3071071049800045,132.1875,-0.0020999999999999994,0.38553455848359885,-0.09914674585009862,-0.0749999999999984,-0.5544995071919856,0.9922520974914095,-0.002758725861117892,-0.0749999999999984,-0.5544995071919856
2.405281875404685,137.8125,-0.0020999999999999994,0.38540561528960804,-0.0991101688194531,-0.0749999999999984,-0.5413977826955493,0.9917329255853425,-0.0028468066158579518,-0.0749999999999984,-0.5413977826955493
2.5034566458293663,143.4375,-0.0020999999999999994,0.3853392992346763,-0.0990898948869255,-0.0749999999999984,-0.5303012641298073,0.9912490617926882,-0.002844916327884216,-0.0749999999999984,-0.5303012641298073
2.6016314162540475,149.0625,-0.0020999999999999994,0.3853465435377051,-0.09910992741574416,-0.0749999999999984,-0.5152896813744018,0.9904883175414987,-0.0025290544967448455,-0.0749999999999984,-0.5152896813744018
2.699806186678728,154.68749999999997,-0.0020999999999999994,0.3853957570956809,-0.09914976342090105,-0.0749999999999984,-0.5008471572750688,0.9896676478435789,-0.002086052788041872,-0.0749999999999984,-0.5008471572750688
2.7979809571034093,160.3125,-0.0020999999999999994,0.38551607632419493,-0.09923033562113164,-0.0749999999999984,-0.48025896644856814,0.9883700126479524,-0.001247068169616195,-0.0749999999999984,-0.48025896644856814
2.8961557275280905,165.9375,-0.0020999999999999994,0.3857080692624428,-0.0993926984942161,-0.0749999999999984,-0.44991129804793056,0.9861727540530686,0.0004392349213178918,-0.0749999999999984,-0.44991129804793056
2.9943304979527716,171.5625,-0.0020999999999999994,0.385825829987614,-0.09948539426702449,-0.0749999999999984,-0.4312358029071006,0.984671916839738,0.001563879042627099,-0.0749999999999984,-0.4312358029071006
3.0925052683774528,177.1875,-0.0020999999999999994,0.38599559946634143,-0.0995331708732625,-0.0799999999999983,-0.4182378067165017,0.9834009272546733,0.0024246573544169066,-0.0799999999999983,-0.4182378067165017
-3.0925052683774528,-177.1875,-0.0014999999999999996,0.38615379911615294,-0.09964671976991184,-0.0799999999999983,-0.40097098207080534,0.9814421002025233,0.004018853666682499,-0.0799999999999983,-0.40097098207080534
-2.994330497952771,-171.56249999999997,-0.0014999999999999996,0.38634469974442776,-0.09966285300580939,-0.0799999999999983,-0.3893014553402088,0.980100223476614,0.004549443329932757,-0.0799999999999983,-0.3893014553402088
-2.8961557275280905,-165.9375,-0.0014999999999999996,0.3866066536812571,-0.0997402543291668,-0.0799999999999983,-0.37358563222540886,0.9781397172734142,0.005819648797407696,-0.0799999999999983,-0.37358563222540886
-2.7979809571034098,-160.31250000000003,-0.0014999999999999996,0.38700967756293353,-0.0999408531978145,-0.08499999999999819,-0.3459427839648159,0.9740467806900215,0.009146339687521987,-0.08499999999999819,-0.3459427839648159
-2.699806186678728,-154.68749999999997,-0.0014999999999999996,0.3873861562437572,-0.1000727712777409,-0.08499999999999819,-0.3279640828939371,0.9709902759437921,0.011586625499832403,-0.08499999999999819,-0.3279640828939371
-2.6016314162540475,-149.0625,-0.0014999999999999996,0.3876951715921469,-0.10016484766560088,0.06499999999999861,-0.31572170197446675,0.9685824353057376,0.013340646626147033,0.06499999999999861,-0.31572170197446675
-2.5034566458293668,-143.43750000000003,-0.0014999999999999996,0.38812584788087917,-0.10025116220686184,-0.08999999999999808,-0.302474720309246,0.9657871208593635,0.014958574288818948,-0.08999999999999808,-0.302474720309246
-2.405281875404685,-137.8125,-0.0014999999999999996,0.3885016286212475,-0.10030253331273024,-0.08999999999999808,-0.29065039790208363,0.9628847916875038,0.01578846477125648,-0.08999999999999808,-0.29065039790208363
-2.3071071049800045,-132.1875,-0.0014999999999999996,0.38901178146680176,-0.10036379903915789,0.05999999999999872,-0.27550977146510264,0.9586458465917768,0.016618112485026523,0.05999999999999872,-0.27550977146510264
-2.208932334555323,-126.56249999999997,-0.0014999999999999996,0.3897944095051359,-0.10049201169698707,0.05999999999999872,-0.25202613190521966,0.950646765771061,0.0189368566157961,0.05999999999999872,-0.25202613190521966
-2.110757564130642,-120.9375,-0.0014999999999999996,0.3905061985822431,-0.10060682070757844,0.05499999999999883,-0.23036567518193687,0.942133262349692,0.02121893795837351,0.05499999999999883,-0.23036567518193687
-2.0125827937059615,-115.31250000000001,-0.0014999999999999996,0.39141091501116804,-0.10072956444626698,0.05499999999999883,-0.20590786499246538,0.9285893559432966,0.024078381267384628,0.05499999999999883,-0.20590786499246538
-1.9144080232812801,-109.6875,-0.0014999999999999996,0.39256141633344876,-0.10085652731599154,0.049999999999998934,-0.17106061560487534,0.9019539336994551,0.027890648518039914,0.049999999999998934,-0.17106061560487534
-1.8162332528565992,-104.0625,-0.0014999999999999996,0.39386745805178147,-0.10095871600013225,0.9549999999999796,-0.1323602399049895,0.8441181799356268,0.032778520507917366,0.9549999999999796,-0.1323602399049895
-1.718058482431918,-98.4375,-0.0014999999999999996,0.39629579359331385,-0.10113811795973734,0.9349999999999801,-0.11344448256358242,0.7050083669481026,0.05312784944571609,0.9349999999999801,-0.11344448256358242
-1.6198837120072371,-92.8125,-0.0014999999999999996,0.39942914921480416,-0.1013781400244557,0.609999999999987,-0.17505352882706152,0.8949259988194458,-0.07594244909763793,0.609999999999987,-0.17505352882706152
-1.521708941582556,-87.1875,-0.0014999999999999996,0.4032797223494742,-0.10157054559272896,0.5999999999999872,-0.2939306064446824,0.9706930018859632,-0.06697265461939478,0.5999999999999872,-0.2939306064446824
-1.423534171157875,-81.5625,-0.0014999999999999996,0.40814015064727494,-0.10162684299723701,0.2899999999999938,-0.4505286480375723,0.9899839227470183,-0.0614884798490819,0.2899999999999938,-0.4505286480375723
-1.325359400733194,-75.9375,-0.0014999999999999996,0.41435176531753415,-0.10144734829862141,0.13499999999999712,-0.6077534787138525,0.9958009097863363,-0.05777592653173657,0.13499999999999712,-0.6077534787138525
-1.227184630308513,-70.3125,-0.0014999999999999996,0.4204406748776919,-0.10078931209737145,-0.019999999999999574,-0.6631879826271178,0.9968490123698053,-0.05605968123258777,-0.019999999999999574,-0.6631879826271178
-1.1290098598838318,-64.6875,-0.0014999999999999996,0.4347764801951676,-0.099522154683773,0.12999999999999723,-0.701457879609545,0.9972932184406809,-0.05399215141900438,0.12999999999999723,-0.701457879609545
-1.030835089459151,-59.0625,-0.0014999999999999996,0.4872015912349082,-0.096673268274744,0.04499999999999904,0.744916975870358,0.9965653976733905,-0.04812014848209995,0.04499999999999904,0.744916975870358
-0.93266031903447,-53.43750000000001,-0.0014999999999999996,0.6456975936855005,-0.0910706498099047,0.02999999999999936,0.6514979727732292,0.9827144933383904,-0.031117945506561714,0.02999999999999936,0.6514979727732292
-0.8344855486097889,-47.8125,-0.0014999999999999996,0.7643230017727709,-0.08374284683604082,0.01499999999999968,0.5818273115535713,0.978904472672054,-0.013746481654326426,0.01499999999999968,0.5818273115535713
-0.7363107781851077,-42.1875,-0.0014999999999999996,0.6827335349595957,-0.07413245055126119,0.019999999999999574,0.4727205657586192,0.9872517558648377,-0.018423987457855832,0.019999999999999574,0.4727205657586192
-0.6381360077604266,-36.56249999999999,-0.0014999999999999996,0.5894646106500605,-0.06485561973983144,0.034999999999999254,0.3766261365439365,0.9956445813207585,-0.03268174905181903,0.034999999999999254,0.3766261365439365
-0.5399612373357456,-30.937499999999996,-0.0014999999999999996,0.5345564009209004,-0.05455698723138686,0.05499999999999883,0.4078406419719176,0.9843846752792559,-0.05329492101866707,0.05499999999999883,0.4078406419719176
-0.4417864669110647,-25.312500000000004,-0.0014999999999999996,0.5266587575063838,-0.04701553327743137,0.06499999999999861,0.5109332590142616,0.968812453106026,-0.06522020657281943,0.06499999999999861,0.5109332590142616
-0.34361169648638357,-19.687499999999996,-0.0014999999999999996,0.5552473784603874,-0.04155447280811856,0.0749999999999984,0.6118011275978523,0.9575403756761608,-0.07324848421758345,0.0749999999999984,0.6118011275978523
-0.24543692606170264,-14.062500000000004,-0.0014999999999999996,0.601471092917008,-0.03963923370660681,0.0799999999999983,0.6645633140961079,0.9495934532375946,0.07388724612738841,0.0799999999999983,0.6645633140961079
-0.14726215563702172,-8.437500000000009,-0.0014999999999999996,0.6326771204874632,-0.04000160680192364,0.0799999999999983,0.6602208813225585,0.9443621485512416,0.07098811645942196,0.0799999999999983,0.6602208813225585
-0.04908738521234057,-2.812500000000003,-0.0014999999999999996,0.6596593047225645,-0.041670409436804855,0.08499999999999819,0.6285294977839575,0.9430269827450443,0.06724414180989192,0.08499999999999819,0.6285294977839575
0.04908738521234057,2.812500000000003,-0.0014999999999999996,0.6825824054987198,-0.045428165077890825,0.08999999999999808,0.5456024020452493,0.9471971612041485,0.06132719821719066,0.08999999999999808,0.5456024020452493
0.14726215563702172,8.437500000000009,-0.0014999999999999996,0.6905989206358831,-0.05078037824598685,0.09999999999999787,0.42313158639457976,0.9545845388502804,0.05313141872258051,0.09999999999999787,0.42313158639457976
0.24543692606170264,14.062500000000004,-0.0014999999999999996,0.6846098729276762,-0.056037136553402825,0.10999999999999766,0.3329859093173624,0.9630115458477438,0.04262938544460349,0.10999999999999766,0.3329859093173624
0.34361169648638357,19.687499999999996,-0.0014999999999999996,0.6582818462323635,-0.065650794788012,0.12499999999999734,0.39644828256770814,0.9846249411359984,0.028013917934244348,0.12499999999999734,0.39644828256770814
0.4417864669110647,25.312500000000004,-0.0014999999999999996,0.6262657502259814,-0.07733635946333398,-0.02999999999999936,0.5890086983136865,0.9914813398040224,0.02876341367480932,-0.02999999999999936,0.5890086983136865
0.5399612373357456,30.937499999999996,-0.0014999999999999996,0.6162384473851281,-0.0866946168750297,0.11999999999999744,0.7451557347417705,0.9949699518430687,0.03324216904545058,0.11999999999999744,0.7451557347417705
0.6381360077604266,36.56249999999999,-0.0014999999999999996,0.6149567384590333,-0.09434137572383333,-0.034999999999999254,0.8580822978114232,0.996348703933589,0.03587966686845156,-0.034999999999999254,0.8580822978114232
0.7363107781851077,42.1875,-0.0014999999999999996,0.5821042093042785,-0.09811900902860078,-0.02999999999999936,0.8966646517619806,0.9960108713182948,0.03249146452115695,-0.02999999999999936,0.8966646517619806
0.8344855486097886,47.81249999999999,-0.0014999999999999996,0.49418247839503926,-0.10065408709486472,-0.024999999999999467,0.9227167736309287,0.9963981551667349,0.02319425973377275,-0.024999999999999467,0.9227167736309287
0.9326603190344698,53.4375,-0.0014999999999999996,0.4291745310071204,-0.10349540337972493,-0.019999999999999574,0.9352083947318809,0.9976305289935543,0.018242566238726866,-0.019999999999999574,0.9352083947318809
1.030835089459151,59.0625,-0.0014999999999999996,0.405041967266064,-0.10498401347099527,-0.01499999999999968,0.9249288151803531,0.9980014696931637,0.014928200441208387,-0.01499999999999968,0.9249288151803531
1.1290098598838316,64.68749999999999,-0.0014999999999999996,0.4002565484024391,-0.10477992378375219,-0.009999999999999787,0.8975179507362137,0.9979585047552718,0.011546876324745764,-0.009999999999999787,0.8975179507362137
1.2271846303085128,70.31249999999999,-0.0014999999999999996,0.39882647256757187,-0.10456532307882083,-0.009999999999999787,0.8846174276740668,0.9979545610554309,0.010133242882997993,-0.009999999999999787,0.8846174276740668
1.325359400733194,75.9375,-0.0014999999999999996,0.39730690360593107,-0.10400024066962597,-0.009999999999999787,0.8661922933731435,0.9978783785102412,0.008853711008499361,-0.009999999999999787,0.8661922933731435
1.423534171157875,81.5625,-0.0014999999999999996,0.3941816577250428,-0.1025044538858523,-0.004999999999999893,0.8198774702135514,0.9974750867664209,0.005941412497791345,-0.004999999999999893,0.8198774702135514
1.5217089415825562,87.18750000000001,-0.0014999999999999996,0.3920396379019488,-0.10155020218597932,-0.004999999999999893,0.7815850528630143,0.9971104919012309,0.003870458996783111,-0.004999999999999893,0.7815850528630143
1.619883712007237,92.81249999999999,-0.0014999999999999996,0.3902193312180815,-0.10077694590961395,0.0,0.7385317281514979,0.9965864535153548,0.002086546242630353,0.0,0.7385317281514979
1.718058482431918,98.4375,-0.0014999999999999996,0.3885748992557367,-0.1001341924198864,0.0,0.6877617426512153,0.9957616491498306,0.0003854392990669094,0.0,0.6877617426512153
1.8162332528565992,104.0625,-0.0014999999999999996,0.387467785694095,-0.09970792119035203,-0.0749999999999984,-0.6526522372329909,0.9950951162710734,-0.0010415117733735269,-0.0749999999999984,-0.6526522372329909
1.9144080232812803,109.68750000000001,-0.0014999999999999996,0.3868584054458241,-0.09947716852208854,-0.0749999999999984,-0.6327428006629061,0.9946701480507514,-0.0018964367126060623,-0.0749999999999984,-0.6327428006629061
2.0125827937059615,115.31250000000001,-0.0014999999999999996,0.3863886188586988,-0.0993331768542289,-0.0749999999999984,-0.611705077485911,0.9941451241933219,-0.0023865360167353066,-0.0749999999999984,-0.611705077485911
2.110757564130642,120.9375,-0.0014999999999999996,0.38610404441283064,-0.09929578167015277,-0.0749999999999984,-0.5939825835904328,0.9936129611662341,-0.0023616585957629286,-0.0749999999999984,-0.5939825835904328
2.2089323345553233,126.5625,-0.0014999999999999996,0.385808397923981,-0.09920937770895424,-0.0749999999999984,-0.5754599298401122,0.9930255388699667,-0.0026271794539415895,-0.0749999999999984,-0.5754599298401122
2.3071071049800045,132.1875,-0.0014999999999999996,0.38559928039509683,-0.09916309505076457,-0.0749999999999984,-0.5535283322226004,0.9922197685638646,-0.0027437726159999657,-0.0749999999999984,-0.5535283322226004
2.405281875404685,137.8125,-0.0014999999999999996,0.38545818189980413,-0.09911539793168923,-0.0749999999999984,-0.5412562080471957,0.9917375188073357,-0.002877285218096513,-0.0749999999999984,-0.5412562080471957
2.5034566458293663,143.4375,-0.0014999999999999996,0.38537475501316315,-0.09908748725383805,-0.0749999999999984,-0.5308230076717306,0.9912858116649915,-0.002915276194605741,-0.0749999999999984,-0.5308230076717306
2.6016314162540475,149.0625,-0.0014999999999999996,0.3853592024354819,-0.09910176261511458,-0.0749999999999984,-0.5163112959447244,0.990554477875564,-0.0026236423864465785,-0.0749999999999984,-0.5163112959447244
2.699806186678728,154.68749999999997,-0.0014999999999999996,0.38540177456826413,-0.09914211601403385,-0.0749999999999984,-0.5020954483175339,0.9897494681088795,-0.002174740973901204,-0.0749999999999984,-0.5020954483175339
2.7979809571034093,160.3125,-0.0014999999999999996,0.3855126216519327,-0.09922825407476499,-0.0749999999999984,-0.4814134816866569,0.9884456516293563,-0.0012709848462466686,-0.0749999999999984,-0.4814134816866569
2.8961557275280905,165.9375,-0.0014999999999999996,0.38568941782404187,-0.09942008976448237,-0.0749999999999984,-0.44822824077439755,0.9860539370639352,0.0007260518812422461,-0.0749999999999984,-0.44822824077439755
2.9943304979527716,171.5625,-0.0014999999999999996,0.38580384440655174,-0.09953941340018793,-0.0799999999999983,-0.42745580526141774,0.9843448477032974,0.0021611353723790506,-0.0799999999999983,-0.42745580526141774
3.0925052683774528,177.1875,-0.0014999999999999996,0.38589006655374447,-0.09956157064500291,-0.0799999999999983,-0.41919169398766554,0.9834726612400285,0.002687931250987746,-0.0799999999999983,-0.41919169398766554
-3.0925052683774528,-177.1875,-0.0008999999999999998,0.3861438978290832,-0.09964578738158492,-0.0799999999999983,-0.40128861768839946,0.9814966912300915,0.003918016731075343,-0.0799999999999983,-0.40128861768839946
-2.994330497952771,-171.56249999999997,-0.0008999999999999998,0.38633718406328643,-0.09965276601316947,-0.0799999999999983,-0.39086148501549905,0.980306019851741,0.0042890635514326965,-0.0799999999999983,-0.39086148501549905
-2.8961557275280905,-165.9375,-0.0008999999999999998,0.38657594767602727,-0.09973972054250939,-0.0799999999999983,-0.37474170248649713,0.9782913331946079,0.005647859953330607,-0.0799999999999983,-0.37474170248649713
-2.7979809571034098,-160.31250000000003,-0.0008999999999999998,0.38697538874402454,-0.09995974139611259,-0.08499999999999819,-0.3460576382235589,0.9740676174790092,0.009195877978723777,-0.08499999999999819,-0.3460576382235589
-2.699806186678728,-154.68749999999997,-0.0008999999999999998,0.38733222824940117,-0.10009919842861521,-0.08499999999999819,-0.32819506999647424,0.9710607763850073,0.01170448732053945,-0.08499999999999819,-0.32819506999647424
-2.6016314162540475,-149.0625,-0.0008999999999999998,0.3876291308617382,-0.10019500348228562,0.06499999999999861,-0.31632402188088726,0.9687207840614767,0.01346683742989846,0.06499999999999861,-0.31632402188088726
-2.5034566458293668,-143.43750000000003,-0.0008999999999999998,0.3880001117023373,-0.1002857808529933,-0.08999999999999808,-0.3034268034165915,0.9660178951027765,0.015030105159666036,-0.08999999999999808,-0.3034268034165915
-2.405281875404685,-137.8125,-0.0008999999999999998,0.3883745639080387,-0.10034140843469058,-0.08999999999999808,-0.2917979809580145,0.9631692687261137,0.015786885317657505,-0.08999999999999808,-0.2917979809580145
-2.3071071049800045,-132.1875,-0.0008999999999999998,0.38885247908419485,-0.10040718462093544,0.05999999999999872,-0.2768179408286966,0.9590198226639789,0.016516451463680363,0.05999999999999872,-0.2768179408286966
-2.208932334555323,-126.56249999999997,-0.0008999999999999998,0.3895728408481234,-0.10054423049903713,0.05999999999999872,-0.2536771604387659,0.9511730101562071,0.018724834555858057,0.05999999999999872,-0.2536771604387659
-2.110757564130642,-120.9375,-0.0008999999999999998,0.39023679136125966,-0.10066832181426652,0.05999999999999872,-0.23204595586510843,0.9426980407698373,0.02086624461072086,0.05999999999999872,-0.23204595586510843
-2.0125827937059615,-115.31250000000001,-0.0008999999999999998,0.39107710235068066,-0.10080968533204822,0.05499999999999883,-0.20687034807698984,0.9287947569161531,0.02355801272526318,0.05499999999999883,-0.20687034807698984
-1.9144080232812801,-109.6875,-0.0008999999999999998,0.39216384631798556,-0.10095982255352601,0.049999999999998934,-0.1710212947699188,0.9012690299767423,0.027162246471196836,0.049999999999998934,-0.1710212947699188
-1.8162332528565992,-104.0625,-0.0008999999999999998,0.39337926836329556,-0.10109211470251703,0.9549999999999796,-0.1299287766029391,0.8400242598082991,0.031693864161463296,0.9549999999999796,-0.1299287766029391
-1.718058482431918,-98.4375,-0.0008999999999999998,0.3955731937893204,-0.10133011473562677,0.93999999999998,-0.10690139888459753,0.6630014926433255,0.05211620199463898,0.93999999999998,-0.10690139888459753
-1.6198837120072371,-92.8125,-0.0008999999999999998,0.3984753130217957,-0.1016576174832039,0.6049999999999871,-0.16782196093067944,0.8827611296865728,-0.0749304573124379,0.6049999999999871,-0.16782196093067944
-1.521708941582556,-87.1875,-0.0008999999999999998,0.40192889710271745,-0.10199501198621075,0.5999999999999872,-0.2906015163766991,0.9693052825212352,-0.06596840627074121,0.5999999999999872,-0.2906015163766991
-1.423534171157875,-81.5625,-0.0008999999999999998,0.40608240336405305,-0.10230050651857796,0.2899999999999938,-0.45415229804822504,0.9899757316038355,-0.06050654754457396,0.2899999999999938,-0.45415229804822504
-1.325359400733194,-75.9375,-0.0008999999999999998,0.4110648631957799,-0.10253922830395683,-0.019999999999999574,-0.6228000566282398,0.9959698570547824,-0.05674834783831466,-0.019999999999999574,-0.6228000566282398
-1.227184630308513,-70.3125,-0.0008999999999999998,0.41510918296045923,-0.10227567884977606,0.12999999999999723,-0.6773890172540553,0.9969410416369603,-0.054966697934168515,0.12999999999999723,-0.6773890172540553
-1.1290098598838318,-64.6875,-0.0008999999999999998,0.4267035400924512,-0.10156569658671677,-0.024999999999999467,-0.7156274134869535,0.9973649596840332,-0.052769911682687604,-0.024999999999999467,-0.7156274134869535
-1.030835089459151,-59.0625,-0.0008999999999999998,0.47964372356129475,-0.09938620682134817,0.04499999999999904,0.7699645214857551,0.9965585192661476,-0.04726615313786881,0.04499999999999904,0.7699645214857551
-0.93266031903447,-53.43750000000001,-0.0008999999999999998,0.6562590780358184,-0.09314767350314807,0.02999999999999936,0.6751526653367323,0.9822390996826119,-0.03210778473758117,0.02999999999999936,0.6751526653367323
-0.8344855486097889,-47.8125,-0.0008999999999999998,0.7721905816275942,-0.08457152319710368,0.01499999999999968,0.5774600952483445,0.9766749258491764,-0.014391010179419945,0.01499999999999968,0.5774600952483445
-0.7363107781851077,-42.1875,-0.0008999999999999998,0.7116599493811187,-0.07454097592014722,0.019999999999999574,0.4656357530890997,0.9871733381601205,-0.018452118959073276,0.019999999999999574,0.4656357530890997
-0.6381360077604266,-36.56249999999999,-0.0008999999999999998,0.6538838014422079,-0.06553883036143568,0.034999999999999254,0.3683656723407261,0.996209745795919,-0.033101764759545044,0.034999999999999254,0.3683656723407261
-0.5399612373357456,-30.937499999999996,-0.0008999999999999998,0.6213848304132426,-0.05559495831174137,0.05499999999999883,0.4083530885582398,0.9840631679179674,-0.05440146246670405,0.05499999999999883,0.4083530885582398
-0.4417864669110647,-25.312500000000004,-0.0008999999999999998,0.6182369485724203,-0.04802467244329512,0.06499999999999861,0.5175760679402339,0.9714578834393965,-0.06606332915766339,0.06499999999999861,0.5175760679402339
-0.34361169648638357,-19.687499999999996,-0.0008999999999999998,0.6414335008377061,-0.04204210442674711,0.0749999999999984,0.6184007895651961,0.9643573340334695,-0.07357310336782308,0.0749999999999984,0.6184007895651961
-0.24543692606170264,-14.062500000000004,-0.0008999999999999998,0.6781253177240882,-0.03933824807973574,0.0799999999999983,0.6645460037677715,0.9604187692910208,0.07415602120664423,0.0799999999999983,0.6645460037677715
-0.14726215563702172,-8.437500000000009,-0.0008999999999999998,0.7036207558522437,-0.0391913932102977,0.0799999999999983,0.6594302589463998,0.9582347263145663,0.07178840350842944,0.0799999999999983,0.6594302589463998
-0.04908738521234057,-2.812500000000003,-0.0008999999999999998,0.7316338368379683,-0.0407623589731048,0.08499999999999819,0.6214765725394094,0.9606346753369821,0.06827239882763546,0.08499999999999819,0.6214765725394094
0.04908738521234057,2.812500000000003,-0.0008999999999999998,0.7424606039143422,-0.04448022056342336,0.08999999999999808,0.5465358521614361,0.9645548645708574,0.06319468406681142,0.08999999999999808,0.5465358521614361
0.14726215563702172,8.437500000000009,-0.0008999999999999998,0.7477330879708339,-0.04934491557443146,0.09499999999999797,0.4370184289219676,0.9705898473811712,0.05727762775482782,0.09499999999999797,0.4370184289219676
0.24543692606170264,14.062500000000004,-0.0008999999999999998,0.7368207890557781,-0.05465634458438366,0.10499999999999776,0.33557469189055256,0.9720157225259834,0.048643540194962226,0.10499999999999776,0.33557469189055256
0.34361169648638357,19.687499999999996,-0.0008999999999999998,0.7005010111930916,-0.06435789188481399,0.11999999999999744,0.3768065336013306,0.9833203031112946,0.0324540059997988,0.11999999999999744,0.3768065336013306
0.4417864669110647,25.312500000000004,-0.0008999999999999998,0.6566474237484762,-0.07630788933426894,-0.02999999999999936,0.5841687971471687,0.9924602951083769,0.031217606049853876,-0.02999999999999936,0.5841687971471687
0.5399612373357456,30.937499999999996,-0.0008999999999999998,0.638399130263587,-0.0862522236599491,-0.034999999999999254,0.7522721362269328,0.9959941117449739,0.03427311410042699,-0.034999999999999254,0.7522721362269328
0.6381360077604266,36.56249999999999,-0.0008999999999999998,0.6323283293209764,-0.09512565907680692,-0.034999999999999254,0.8660978941551247,0.9969821267675456,0.03531737198945563,-0.034999999999999254,0.8660978941551247
0.7363107781851077,42.1875,-0.0008999999999999998,0.5964312023409488,-0.10031205954046639,-0.02999999999999936,0.9112013280248559,0.9967773690321639,0.0309702795194464,-0.02999999999999936,0.9112013280248559
0.8344855486097886,47.81249999999999,-0.0008999999999999998,0.5030445826806695,-0.10389319822323669,-0.019999999999999574,0.932342777075809,0.9973410763741515,0.0226148118935514,-0.019999999999999574,0.932342777075809
0.9326603190344698,53.4375,-0.0008999999999999998,0.4356646125632907,-0.10629478546146334,-0.019999999999999574,0.9416499880467354,0.9981271458071852,0.018623540236886924,-0.019999999999999574,0.9416499880467354
1.030835089459151,59.0625,-0.0008999999999999998,0.4100727323832311,-0.1068032204033953,-0.01499999999999968,0.9279672315199775,0.9982674102087958,0.015631826869740646,-0.01499999999999968,0.9279672315199775
1.1290098598838316,64.68749999999999,-0.0008999999999999998,0.4037973656245632,-0.10591577763108333,0.06499999999999861,-0.8988075247190278,0.9981309138692412,0.012196505658525687,0.06499999999999861,-0.8988075247190278
1.2271846303085128,70.31249999999999,-0.0008999999999999998,0.40147441687305674,-0.10540928315783792,-0.009999999999999787,0.8876683729879178,0.9981089365639699,0.010697132114923142,-0.009999999999999787,0.8876683729879178
1.325359400733194,75.9375,-0.0008999999999999998,0.39929442632895185,-0.10461505821413496,-0.009999999999999787,0.869539736041102,0.9979963051682541,0.00927964688362043,-0.009999999999999787,0.869539736041102
1.423534171157875,81.5625,-0.0008999999999999998,0.3953994123513862,-0.1028541498506905,-0.004999999999999893,0.8198665797988769,0.9975402072618231,0.00618355174852034,-0.004999999999999893,0.8198665797988769
1.5217089415825562,87.18750000000001,-0.0008999999999999998,0.39281544992487094,-0.10178178330881965,-0.004999999999999893,0.7808259764711127,0.9971481895613831,0.004020847597316932,-0.004999999999999893,0.7808259764711127
1.619883712007237,92.81249999999999,-0.0008999999999999998,0.39076344781655264,-0.10093381964292712,0.0749999999999984,-0.7367922230362847,0.9965999074276433,0.0021954882462686515,0.0749999999999984,-0.7367922230362847
1.718058482431918,98.4375,-0.0008999999999999998,0.3888961554948411,-0.10023232904311839,0.0,0.6859474991153952,0.9957577505045627,0.0004582898402396334,0.0,0.6859474991153952
1.8162332528565992,104.0625,-0.0008999999999999998,0.38766205557480904,-0.09977602178787286,-0.0749999999999984,-0.651205922844226,0.9950852634322895,-0.0009946118679096296,-0.0749999999999984,-0.651205922844226
1.9144080232812803,109.68750000000001,-0.0008999999999999998,0.3870292847497172,-0.0995297193078264,-0.0749999999999984,-0.6314526105529124,0.9946562306904974,-0.0018577736606394362,-0.0749999999999984,-0.6314526105529124
2.0125827937059615,115.31250000000001,-0.0008999999999999998,0.38653635278238846,-0.09937780494396026,-0.0749999999999984,-0.610524386475169,0.9941276094132445,-0.0023536843648399313,-0.0749999999999984,-0.610524386475169
2.110757564130642,120.9375,-0.0008999999999999998,0.3862093973974155,-0.09932820223956274,-0.0749999999999984,-0.5928825844413587,0.9935959431022674,-0.002356413075615863,-0.0749999999999984,-0.5928825844413587
2.2089323345553233,126.5625,-0.0008999999999999998,0.38590433720965195,-0.09923464277979552,-0.0749999999999984,-0.5747226886032679,0.993015670124292,-0.00263215702545275,-0.0749999999999984,-0.5747226886032679
2.3071071049800045,132.1875,-0.0008999999999999998,0.38566991058684863,-0.09917732701750907,-0.0749999999999984,-0.5531597064254745,0.9922180440757462,-0.00276126189078222,-0.0749999999999984,-0.5531597064254745
2.405281875404685,137.8125,-0.0008999999999999998,0.385494591427319,-0.09912296548641893,-0.0749999999999984,-0.5413235994273125,0.9917553335133198,-0.0029223424995919126,-0.0749999999999984,-0.5413235994273125
2.5034566458293663,143.4375,-0.0008999999999999998,0.3854172153283451,-0.09908905497876565,-0.0749999999999984,-0.5312759234415152,0.9913243646169385,-0.0029858647679551014,-0.0749999999999984,-0.5312759234415152
2.6016314162540475,149.0625,-0.0008999999999999998,0.38539974308536723,-0.09909821398309211,-0.0749999999999984,-0.5171544720413671,0.9906139292139079,-0.0027221486530140293,-0.0749999999999984,-0.5171544720413671
2.699806186678728,154.68749999999997,-0.0008999999999999998,0.3854346870183716,-0.09913424926223478,-0.0749999999999984,-0.5030711456523768,0.9898214615937244,-0.002285205416014567,-0.0749999999999984,-0.5030711456523768
2.7979809571034093,160.3125,-0.0008999999999999998,0.38553324749361445,-0.09922194936794396,-0.0749999999999984,-0.48235771663681426,0.9885192342095681,-0.0013765564142765381,-0.0749999999999984,-0.48235771663681426
2.8961557275280905,165.9375,-0.0008999999999999998,0.3856950449581315,-0.09942904283797503,-0.0749999999999984,-0.44742904665748917,0.9860021102510658,0.0007587413593007163,-0.0749999999999984,-0.44742904665748917
2.9943304979527716,171.5625,-0.0008999999999999998,0.38579100895340485,-0.09956044717254497,-0.0799999999999983,-0.42559874917082274,0.9841580244548855,0.00234572299903844,-0.0799999999999983,-0.42559874917082274
3.0925052683774528,177.1875,-0.0008999999999999998,0.38589758977520067,-0.09958182281874757,-0.0799999999999983,-0.41748437835269625,0.9833003196525422,0.002848967310418841,-0.0799999999999983,-0.41748437835269625
-3.0925052683774528,-177.1875,-0.0002999999999999999,0.38613580881477405,-0.0996448154093033,-0.0799999999999983,-0.40197411288659785,0.9815865050909575,0.0037985784070361044,-0.0799999999999983,-0.40197411288659785
-2.994330497952771,-171.56249999999997,-0.0002999999999999999,0.3863196029836451,-0.09965329034430555,-0.0799999999999983,-0.3916246616685463,0.9804093360005379,0.0041665158135904675,-0.0799999999999983,-0.3916246616685463
-2.8961557275280905,-165.9375,-0.0002999999999999999,0.3865714504402648,-0.09974741116425814,-0.0799999999999983,-0.375251462464546,0.9783602439250975,0.005595839326478477,-0.0799999999999983,-0.375251462464546
-2.7979809571034098,-160.31250000000003,-0.0002999999999999999,0.3869335054241765,-0.09998025923785953,-0.08499999999999819,-0.3460791944736174,0.9740661374630515,0.009283317956349384,-0.08499999999999819,-0.3460791944736174
-2.699806186678728,-154.68749999999997,-0.0002999999999999999,0.38726627955040804,-0.10012425696237624,0.06499999999999861,-0.32841899575837813,0.9711135534384602,0.011813508051638619,0.06499999999999861,-0.32841899575837813
-2.6016314162540475,-149.0625,-0.0002999999999999999,0.3875603221158122,-0.10022182252465656,0.06499999999999861,-0.3167324467834115,0.9688162510506383,0.0135554035207313,0.06499999999999861,-0.3167324467834115
-2.5034566458293668,-143.43750000000003,-0.0002999999999999999,0.38790672524774344,-0.10031844368943205,-0.08999999999999808,-0.3040517738595628,0.9661513536450949,0.015072870227434719,-0.08999999999999808,-0.3040517738595628
-2.405281875404685,-137.8125,-0.0002999999999999999,0.3882692454980687,-0.1003787385324542,-0.08999999999999808,-0.29250204949369707,0.9633376102184843,0.015784108244747293,-0.08999999999999808,-0.29250204949369707
-2.3071071049800045,-132.1875,-0.0002999999999999999,0.3887007091125385,-0.10045227462044286,0.05999999999999872,-0.2775773360331815,0.9592024738461956,0.016451751556579474,0.05999999999999872,-0.2775773360331815
-2.208932334555323,-126.56249999999997,-0.0002999999999999999,0.38937152130418906,-0.10060192140500193,0.05999999999999872,-0.25451698721777277,0.951367863179423,0.018586687085700267,0.05999999999999872,-0.25451698721777277
-2.110757564130642,-120.9375,-0.0002999999999999999,0.39003938605394045,-0.1007306537110282,0.05999999999999872,-0.23286195853337172,0.9428258418253527,0.020648697067015807,0.05999999999999872,-0.23286195853337172
-2.0125827937059615,-115.31250000000001,-0.0002999999999999999,0.39084264291250237,-0.10088524383553973,0.05499999999999883,-0.2073082683377211,0.9287406153185631,0.023248279448343477,0.05499999999999883,-0.2073082683377211
-1.9144080232812801,-109.6875,-0.0002999999999999999,0.3918466711405576,-0.10105938503061392,0.05499999999999883,-0.17112811917727277,0.9006836212789081,0.026748029902143203,0.05499999999999883,-0.17112811917727277
-1.8162332528565992,-104.0625,-0.0002999999999999999,0.3929887621510295,-0.10123718114619651,0.9549999999999796,-0.12745256685085657,0.8336822320682727,0.031297765968361556,0.9549999999999796,-0.12745256685085657
-1.718058482431918,-98.4375,-0.0002999999999999999,0.3950406002275046,-0.1015123541524991,0.93999999999998,-0.10350574448984846,0.6371479278058514,0.0515493271302398,0.93999999999998,-0.10350574448984846
-1.6198837120072371,-92.8125,-0.0002999999999999999,0.397742023458378,-0.10192136718635582,0.6049999999999871,-0.16470679427839166,0.8754699017925727,-0.07430635280240218,0.6049999999999871,-0.16470679427839166
-1.521708941582556,-87.1875,-0.0002999999999999999,0.40092000875344574,-0.1023808796496611,0.5999999999999872,-0.28903589739510965,0.9684610264175851,-0.06539418297568879,0.5999999999999872,-0.28903589739510965
-1.423534171157875,-81.5625,-0.0002999999999999999,0.40452179692743456,-0.10298042792870281,0.2899999999999938,-0.45857718446778933,0.9900203086075735,-0.059879182560772716,0.2899999999999938,-0.45857718446778933
-1.325359400733194,-75.9375,-0.0002999999999999999,0.40890304851376763,-0.10359657941658004,-0.019999999999999574,-0.6390875831639861,0.996163371555969,-0.056067612988560715,-0.019999999999999574,-0.6390875831639861
-1.227184630308513,-70.3125,-0.0002999999999999999,0.4111160942458988,-0.10378282781585979,0.12999999999999723,-0.6891664265955463,0.9969803426764818,-0.054322496482493245,0.12999999999999723,-0.6891664265955463
-1.1290098598838318,-64.6875,-0.0002999999999999999,0.42081528669824514,-0.10346166254617423,-0.024999999999999467,-0.7260216675655027,0.9973450694018964,-0.052088759735096246,-0.024999999999999467,-0.7260216675655027
-1.030835089459151,-59.0625,-0.0002999999999999999,0.47395332044928784,-0.10209634986511024,0.04499999999999904,0.7839495553215495,0.9964147232943682,-0.04677317592114402,0.04499999999999904,0.7839495553215495
-0.93266031903447,-53.43750000000001,-0.0002999999999999999,0.6655021606356211,-0.09520857364794082,0.02999999999999936,0.6898592251398293,0.9818256831046818,-0.03257961715711973,0.02999999999999936,0.6898592251398293
-0.8344855486097889,-47.8125,-0.0002999999999999999,0.7789310557545926,-0.08524252867406262,0.01499999999999968,0.5782859807257418,0.9755890756255537,-0.014707955942972454,0.01499999999999968,0.5782859807257418
-0.7363107781851077,-42.1875,-0.0002999999999999999,0.749208461053621,-0.07482544292973763,0.019999999999999574,0.4647634698583884,0.9876005977887842,-0.018282754763085666,0.019999999999999574,0.4647634698583884
-0.6381360077604266,-36.56249999999999,-0.0002999999999999999,0.7252022962374279,-0.0660512189467557,0.034999999999999254,0.3643160995155385,0.9970155867210867,-0.0332596671256616,0.034999999999999254,0.3643160995155385
-0.5399612373357456,-30.937499999999996,-0.0002999999999999999,0.7106310230548173,-0.05632869497139854,0.05499999999999883,0.4105756457294567,0.9848564593155745,-0.05522417647525283,0.05499999999999883,0.4105756457294567
-0.4417864669110647,-25.312500000000004,-0.0002999999999999999,0.7058969993858295,-0.04859188221583326,0.06499999999999861,0.5241057917398273,0.9749176206557132,-0.06668326515924157,0.06499999999999861,0.5241057917398273
-0.34361169648638357,-19.687499999999996,-0.0002999999999999999,0.7110748106393651,-0.041826743795181406,0.0749999999999984,0.6243529064626608,0.9703046166136656,-0.07393872871827066,0.0749999999999984,0.6243529064626608
-0.24543692606170264,-14.062500000000004,-0.0002999999999999999,0.7302811069939453,-0.03860734634782286,0.0799999999999983,0.6615686904842959,0.9684344229899082,0.07438724421696322,0.0799999999999983,0.6615686904842959
-0.14726215563702172,-8.437500000000009,-0.0002999999999999999,0.748622232796196,-0.03803232245835839,0.0799999999999983,0.6547990057680287,0.9679079267449864,0.07236189565736151,0.0799999999999983,0.6547990057680287
-0.04908738521234057,-2.812500000000003,-0.0002999999999999999,0.7732936308820356,-0.03946282382119542,0.08499999999999819,0.6092502116099698,0.9719927596247913,0.06889165783392127,0.08499999999999819,0.6092502116099698
0.04908738521234057,2.812500000000003,-0.0002999999999999999,0.7820463767930415,-0.043238800803172384,0.08999999999999808,0.534933841022164,0.9766052296749261,0.06440268459702815,0.08999999999999808,0.534933841022164
0.14726215563702172,8.437500000000009,-0.0002999999999999999,0.7848364444441894,-0.04737372978655293,0.09499999999999797,0.44034221215606867,0.9803107601608352,0.06020975538688928,0.09499999999999797,0.44034221215606867
0.24543692606170264,14.062500000000004,-0.0002999999999999999,0.7709079922637434,-0.05271082040215235,0.09999999999999787,0.338814721214164,0.9784012299093197,0.052964845833848154,0.09999999999999787,0.338814721214164
0.34361169648638357,19.687499999999996,-0.0002999999999999999,0.7262765346121638,-0.0626719359662746,0.11499999999999755,0.36164383449446086,0.9832056870183303,0.035721302669616456,0.11499999999999755,0.36164383449446086
0.4417864669110647,25.312500000000004,-0.0002999999999999999,0.6755939429950619,-0.07471909221447548,0.11999999999999744,0.5784724066552875,0.9938871793924203,0.032775540056343165,0.11999999999999744,0.5784724066552875
0.5399612373357456,30.937499999999996,-0.0002999999999999999,0.652330047421747,-0.08532964934880258,0.11999999999999744,0.7525553062612114,0.9970201855425597,0.03467171292400014,0.11999999999999744,0.7525553062612114
0.6381360077604266,36.56249999999999,-0.0002999999999999999,0.6454715037278617,-0.0957324498565395,-0.034999999999999254,0.8695006313389119,0.9974909974710955,0.034620496122790306,-0.034999999999999254,0.8695006313389119
0.7363107781851077,42.1875,-0.0002999999999999999,0.6110473581887043,-0.10238579731572982,-0.02999999999999936,0.9175312547647755,0.9972840800003404,0.030211859050391504,-0.02999999999999936,0.9175312547647755
0.8344855486097886,47.81249999999999,-0.0002999999999999999,0.5099344651288327,-0.10719900561136637,-0.019999999999999574,0.9398499821526585,0.997909814055077,0.022266216849697706,-0.019999999999999574,0.9398499821526585
0.9326603190344698,53.4375,-0.0002999999999999999,0.4395008181573753,-0.10922928684228422,-0.019999999999999574,0.9449354894262963,0.9984905745901537,0.018748601530028327,-0.019999999999999574,0.9449354894262963
1.030835089459151,59.0625,-0.0002999999999999999,0.41419236150016175,-0.1084455684487984,-0.01499999999999968,0.9295600177456711,0.998469737862527,0.01601742776734877,-0.01499999999999968,0.9295600177456711
1.1290098598838316,64.68749999999999,-0.0002999999999999999,0.4067017457103129,-0.10690909098144409,0.06499999999999861,-0.9005565271811797,0.9982712057547632,0.012561253470647495,0.06499999999999861,-0.9005565271811797
1.2271846303085128,70.31249999999999,-0.0002999999999999999,0.40371624035441445,-0.10614401092095056,-0.009999999999999787,0.8899121970616388,0.9982276567025186,0.01103008563110339,-0.009999999999999787,0.8899121970616388
1.325359400733194,75.9375,-0.0002999999999999999,0.4010213313591384,-0.10515930221483588,-0.009999999999999787,0.8721141555803082,0.998094402668216,0.009546786812506054,-0.009999999999999787,0.8721141555803082
1.423534171157875,81.5625,-0.0002999999999999999,0.3966281908988422,-0.10322585222031969,-0.004999999999999893,0.8205995919223696,0.9976159793379838,0.006377047449805833,-0.004999999999999893,0.8205995919223696
1.5217089415825562,87.18750000000001,-0.0002999999999999999,0.3935312303771089,-0.10199846825932979,-0.004999999999999893,0.7805732427661297,0.9971901082528913,0.0041106049609104835,-0.004999999999999893,0.7805732427661297
1.619883712007237,92.81249999999999,-0.0002999999999999999,0.3912393447033857,-0.10108655210531507,0.0749999999999984,-0.7360044418242859,0.9966277894110253,0.002254123147059659,0.0749999999999984,-0.7360044418242859
1.718058482431918,98.4375,-0.0002999999999999999,0.389189832418657,-0.10032433132724333,0.0,0.6836581345910238,0.9957509069930556,0.00045082704587699713,0.0,0.6836581345910238
1.8162332528565992,104.0625,-0.0002999999999999999,0.3878702902114078,-0.09984260568260736,-0.0749999999999984,-0.6497568032946538,0.9950822830841015,-0.0010078519808564869,-0.0749999999999984,-0.6497568032946538
1.9144080232812803,109.68750000000001,-0.0002999999999999999,0.3872465416704887,-0.09960239798710081,-0.0749999999999984,-0.6317078122145232,0.994685725332167,-0.0018050322972988841,-0.0749999999999984,-0.6317078122145232
2.0125827937059615,115.31250000000001,-0.0002999999999999999,0.38667708563089614,-0.09942811472274614,-0.0749999999999984,-0.6103207963776425,0.9941424513972685,-0.002328157532943111,-0.0749999999999984,-0.6103207963776425
2.110757564130642,120.9375,-0.0002999999999999999,0.3863411027589661,-0.0993679041203502,-0.0749999999999984,-0.5927209255035707,0.9936102546098923,-0.00234679640650086,-0.0749999999999984,-0.5927209255035707
2.2089323345553233,126.5625,-0.0002999999999999999,0.3859796848827009,-0.09926111371078454,-0.0749999999999984,-0.5743401887751243,0.9930177055935556,-0.002632357585161604,-0.0749999999999984,-0.5743401887751243
2.3071071049800045,132.1875,-0.0002999999999999999,0.3857359280573197,-0.09919771772031816,-0.0749999999999984,-0.5529384306392712,0.9922270217991944,-0.0027722053814071817,-0.0749999999999984,-0.5529384306392712
2.405281875404685,137.8125,-0.0002999999999999999,0.38555043923351334,-0.09913759687904034,-0.0749999999999984,-0.5413338298430598,0.9917722600329839,-0.0029495984298893887,-0.0749999999999984,-0.5413338298430598
2.5034566458293663,143.4375,-0.0002999999999999999,0.385439952519234,-0.09909726459231412,-0.0749999999999984,-0.5314672330094282,0.9913494079424909,-0.003028029200807206,-0.0749999999999984,-0.5314672330094282
2.6016314162540475,149.0625,-0.0002999999999999999,0.38541788901117835,-0.09910144958401326,-0.0749999999999984,-0.5175687115683146,0.9906506373730801,-0.002781831668286457,-0.0749999999999984,-0.5175687115683146
2.699806186678728,154.68749999999997,-0.0002999999999999999,0.38544811273342056,-0.09913399638457747,-0.0749999999999984,-0.5036280817999709,0.98986859936963,-0.0023630561373008206,-0.0749999999999984,-0.5036280817999709
2.7979809571034093,160.3125,-0.0002999999999999999,0.385548766780686,-0.09921883051886746,-0.0749999999999984,-0.4829761867328453,0.9885728424415836,-0.0014704258484112092,-0.0749999999999984,-0.4829761867328453
2.8961557275280905,165.9375,-0.0002999999999999999,0.3857073032440091,-0.09942233712695799,-0.0749999999999984,-0.44849408151431436,0.9860936707842594,0.0006193172684007052,-0.0749999999999984,-0.44849408151431436
2.9943304979527716,171.5625,-0.0002999999999999999,0.3858264929397753,-0.09956812492762689,-0.0799999999999983,-0.4245130642980475,0.9840642882764431,0.0023665192291935544,-0.0799999999999983,-0.4245130642980475
3.0925052683774528,177.1875,-0.0002999999999999999,0.3859208224732229,-0.09959098992530802,-0.0799999999999983,-0.4161676558213002,0.9831747595293671,0.0028761196474034545,-0.0799999999999983,-0.4161676558213002
-3.0925052683774528,-177.1875,0.00030000000000000035,0.38614117535664566,-0.09965540016545693,-0.0799999999999983,-0.40081262367050513,0.9814568094319144,0.0038678768362543584,-0.0799999999999983,-0.40081262367050513
-2.994330497952771,-171.56249999999997,0.00030000000000000035,0.3863027674446124,-0.09966138520724008,-0.0799999999999983,-0.39158639374063436,0.9804005735334177,0.004170250501639937,-0.0799999999999983,-0.39158639374063436
-2.8961557275280905,-165.9375,0.00030000000000000035,0.38652069895436786,-0.0997565296425471,-0.0799999999999983,-0.3752315702176451,0.9783550471368698,0.005594624886857078,-0.0799999999999983,-0.3752315702176451
-2.7979809571034098,-160.31250000000003,0.00030000000000000035,0.3868965360500676,-0.09999071497714367,-0.08499999999999819,-0.3460747126432609,0.9740615632344025,0.009273311671443909,-0.08499999999999819,-0.3460747126432609
-2.699806186678728,-154.68749999999997,0.00030000000000000035,0.38721734405087,-0.10013867022318663,0.06499999999999861,-0.32838596978860174,0.9710923516118585,0.011800844445459875,0.06499999999999861,-0.32838596978860174
-2.6016314162540475,-149.0625,0.00030000000000000035,0.38749672606924707,-0.10023904340817112,0.06499999999999861,-0.31673328786324373,0.96879727391515,0.013549917837373977,0.06499999999999861,-0.31673328786324373
-2.5034566458293668,-143.43750000000003,0.00030000000000000035,0.38784462777005,-0.10033948734254002,-0.08999999999999808,-0.3039850231852535,0.9661039450189515,0.015057416672310473,-0.08999999999999808,-0.3039850231852535
-2.405281875404685,-137.8125,0.00030000000000000035,0.38817303069780756,-0.10040525942492522,-0.08999999999999808,-0.29241817488801886,0.9632686551944935,0.015766768747884716,-0.08999999999999808,-0.29241817488801886
-2.3071071049800045,-132.1875,0.00030000000000000035,0.3886133068382838,-0.10048544499762702,-0.08999999999999808,-0.27747867588561886,0.9591202315276472,0.01643159190099073,-0.08999999999999808,-0.27747867588561886
-2.208932334555323,-126.56249999999997,0.00030000000000000035,0.3892552226007816,-0.10064863630064254,0.05999999999999872,-0.2543750280273744,0.9512145043859133,0.018558953110635434,0.05999999999999872,-0.2543750280273744
-2.110757564130642,-120.9375,0.00030000000000000035,0.38987055338035076,-0.10078892631823304,0.05999999999999872,-0.23279090830322613,0.9426092264146555,0.02059537253707127,0.05999999999999872,-0.23279090830322613
-2.0125827937059615,-115.31250000000001,0.00030000000000000035,0.39062923833927,-0.10096053225746017,0.05499999999999883,-0.20710131322819067,0.9283368480628675,0.02317506570939195,0.05499999999999883,-0.20710131322819067
-1.9144080232812801,-109.6875,0.00030000000000000035,0.3915938642705869,-0.10115512417673753,0.05499999999999883,-0.17087118813687782,0.8998098383290783,0.026647874889800333,0.05499999999999883,-0.17087118813687782
-1.8162332528565992,-104.0625,0.00030000000000000035,0.39260767251949397,-0.10134665101376578,0.049999999999998934,-0.12877196742364802,0.8384407838702933,0.030759210065553766,0.049999999999998934,-0.12877196742364802
-1.718058482431918,-98.4375,0.00030000000000000035,0.394626137084968,-0.10168991680655126,0.93999999999998,-0.10217716795713673,0.6260214232295274,0.05156422347815297,0.93999999999998,-0.10217716795713673
-1.6198837120072371,-92.8125,0.00030000000000000035,0.3971958044131368,-0.10217716191109,0.6049999999999871,-0.16398320080102496,0.8728351572789491,-0.07399340112641459,0.6049999999999871,-0.16398320080102496
-1.521708941582556,-87.1875,0.00030000000000000035,0.40020115362836206,-0.10274821722557137,0.5999999999999872,-0.28859661259593405,0.9679152693405687,-0.06515183433312878,0.5999999999999872,-0.28859661259593405
-1.423534171157875,-81.5625,0.00030000000000000035,0.4035483804809802,-0.10353087216223351,0.2899999999999938,-0.45847222624297207,0.9897990705265167,-0.05970551622379127,0.2899999999999938,-0.45847222624297207
-1.325359400733194,-75.9375,0.00030000000000000035,0.40736377585658845,-0.10442164409822083,-0.019999999999999574,-0.6345012184820693,0.995956886381849,-0.056023643163540984,-0.019999999999999574,-0.6345012184820693
-1.227184630308513,-70.3125,0.00030000000000000035,0.40893339545414625,-0.10498894484508117,0.12999999999999723,-0.690114378418513,0.9968611361379159,-0.05414503869616278,0.12999999999999723,-0.690114378418513
-1.1290098598838318,-64.6875,0.00030000000000000035,0.41716492891720486,-0.10523917099804925,-0.024999999999999467,-0.7288504320470441,0.997196229327612,-0.05184741128436911,-0.024999999999999467,-0.7288504320470441
-1.030835089459151,-59.0625,0.00030000000000000035,0.4699718264205489,-0.10476642581795803,0.04499999999999904,0.7887213697118769,0.9960985926261866,-0.04655186673135098,0.04499999999999904,0.7887213697118769
-0.93266031903447,-53.43750000000001,0.00030000000000000035,0.669840126637702,-0.0972520266390857,0.02999999999999936,0.6976956767760449,0.9814941226439804,-0.032625833026087514,0.02999999999999936,0.6976956767760449
-0.8344855486097889,-47.8125,0.00030000000000000035,0.7845544590184594,-0.08582991390376433,0.01499999999999968,0.585745950102587,0.9759785048487813,-0.014755663053266529,0.01499999999999968,0.585745950102587
-0.7363107781851077,-42.1875,0.00030000000000000035,0.7804175286827904,-0.07505258329403372,0.019999999999999574,0.4712274908254465,0.9884165136296351,-0.018070652595413576,0.019999999999999574,0.4712274908254465
-0.6381360077604266,-36.56249999999999,0.00030000000000000035,0.7775487373979378,-0.06646389473510057,0.034999999999999254,0.3669552121018334,0.9977585967420171,-0.03314909825285166,0.034999999999999254,0.3669552121018334
-0.5399612373357456,-30.937499999999996,0.00030000000000000035,0.7724056592120258,-0.05688127573344065,0.05499999999999883,0.4150100156190113,0.9863155871639776,-0.05550420733685238,0.05499999999999883,0.4150100156190113
-0.4417864669110647,-25.312500000000004,0.00030000000000000035,0.7636718737864095,-0.04896094165577475,0.06999999999999851,0.5298130399314553,0.9778808020809883,-0.06690683383143706,0.06999999999999851,0.5298130399314553
-0.34361169648638357,-19.687499999999996,0.00030000000000000035,0.7558764206348518,-0.04195142733569325,0.0749999999999984,0.6224525044360116,0.974653792512701,-0.07364531396730213,0.0749999999999984,0.6224525044360116
-0.24543692606170264,-14.062500000000004,0.00030000000000000035,0.764267786496374,-0.037700064165667964,0.0799999999999983,0.6574471607550412,0.973981523043365,0.0745415519827762,0.0799999999999983,0.6574471607550412
-0.14726215563702172,-8.437500000000009,0.00030000000000000035,0.7759951914478962,-0.03670274668892442,0.0799999999999983,0.6480707353368415,0.9742794715113358,0.07266371404589529,0.0799999999999983,0.6480707353368415
-0.04908738521234057,-2.812500000000003,0.00030000000000000035,0.7925359048903708,-0.03761168938744866,0.08499999999999819,0.6032615332557112,0.9778675971841292,0.06971124212010754,0.08499999999999819,0.6032615332557112
0.04908738521234057,2.812500000000003,0.00030000000000000035,0.8015018395099953,-0.04133992195281663,0.08999999999999808,0.5240153191792143,0.9823780742656513,0.06528926841579742,0.08999999999999808,0.5240153191792143
0.14726215563702172,8.437500000000009,0.00030000000000000035,0.8009489613798196,-0.04540698906988848,0.08999999999999808,0.4310022484101696,0.9845545574747081,0.061267487568420646,0.08999999999999808,0.4310022484101696
0.24543692606170264,14.062500000000004,0.00030000000000000035,0.7851872646502089,-0.05072606331708856,0.09999999999999787,0.3304773285129555,0.9811558474243494,0.05431895652866777,0.09999999999999787,0.3304773285129555
0.34361169648638357,19.687499999999996,0.00030000000000000035,0.737615815099442,-0.06073550399628132,0.11499999999999755,0.35122641005718147,0.9840988774887234,0.036834716558604846,0.11499999999999755,0.35122641005718147
0.4417864669110647,25.312500000000004,0.00030000000000000035,0.6805423610601716,-0.07297050650757994,0.11999999999999744,0.5649108703776653,0.9950981694764685,0.03296866730740043,0.11999999999999744,0.5649108703776653
0.5399612373357456,30.937499999999996,0.00030000000000000035,0.6548913660049577,-0.08408548952562153,0.11999999999999744,0.744187235109354,0.9977781817451322,0.03453410011637364,0.11999999999999744,0.744187235109354
0.6381360077604266,36.56249999999999,0.00030000000000000035,0.6493023289031562,-0.09577946963265162,0.11999999999999744,0.8672986020666129,0.9977569385806169,0.03429648671184921,0.11999999999999744,0.8672986020666129
0.7363107781851077,42.1875,0.00030000000000000035,0.6097185534862497,-0.1047072207890535,-0.02999999999999936,0.9218967047068617,0.9974344376571328,0.02925826910939624,-0.02999999999999936,0.9218967047068617
0.8344855486097886,47.81249999999999,0.00030000000000000035,0.5132985799649664,-0.11031025318373086,-0.019999999999999574,0.9421363003730918,0.9981482628393016,0.022200496983931676,-0.019999999999999574,0.9421363003730918
0.9326603190344698,53.4375,0.00030000000000000035,0.4464461568117553,-0.1116882412453049,-0.019999999999999574,0.9466073132954759,0.9986683742636017,0.01899609276118969,-0.019999999999999574,0.9466073132954759
1.030835089459151,59.0625,0.00030000000000000035,0.4173748146903425,-0.10994734727343584,-0.01499999999999968,0.9297245244033702,0.9986254664282392,0.016131396267577047,-0.01499999999999968,0.9297245244033702
1.1290098598838316,64.68749999999999,0.00030000000000000035,0.40900670683953655,-0.10778231358504177,0.06499999999999861,-0.900929095952829,0.9983930280339612,0.012667639947584972,0.06499999999999861,-0.900929095952829
1.2271846303085128,70.31249999999999,0.00030000000000000035,0.405507841540205,-0.10675428165454684,-0.009999999999999787,0.8900123804817048,0.9983190700972964,0.011120580124267358,-0.009999999999999787,0.8900123804817048
1.325359400733194,75.9375,0.00030000000000000035,0.4024385752970599,-0.10561530518617841,-0.009999999999999787,0.8723439114873786,0.9981694285175104,0.009623721808296917,-0.009999999999999787,0.8723439114873786
1.423534171157875,81.5625,0.00030000000000000035,0.3975499152146146,-0.10352443807117034,-0.004999999999999893,0.8204394848295198,0.9976782663985817,0.006429914120288801,-0.004999999999999893,0.8204394848295198
1.5217089415825562,87.18750000000001,0.00030000000000000035,0.3942123913762205,-0.10222240134505661,-0.004999999999999893,0.7805771038933498,0.9972406200866025,0.0041609236710493415,-0.004999999999999893,0.7805771038933498
1.619883712007237,92.81249999999999,0.00030000000000000035,0.3916930785793593,-0.10124663573432544,0.0749999999999984,-0.7359168071569454,0.9966688181614942,0.0022948533574276525,0.0749999999999984,-0.7359168071569454
1.718058482431918,98.4375,0.00030000000000000035,0.38955961302214,-0.10046733567321636,0.0,0.6864330822368778,0.9958364483226855,0.0005783027717027037,0.0,0.6864330822368778
1.8162332528565992,104.0625,0.00030000000000000035,0.38812481914533475,-0.09993739488842762,-0.0749999999999984,-0.6511418609511352,0.9951389369061948,-0.00091204145934471,-0.0749999999999984,-0.6511418609511352
1.9144080232812803,109.68750000000001,0.00030000000000000035,0.3872902135319275,-0.09964046110441488,-0.0749999999999984,-0.6296743495546082,0.9946609002492983,-0.0018515350602862435,-0.0749999999999984,-0.6296743495546082
2.0125827937059615,115.31250000000001,0.00030000000000000035,0.3867410727607404,-0.09946837857845779,-0.0749999999999984,-0.6092086753849627,0.994131908982244,-0.0023240713456819106,-0.0749999999999984,-0.6092086753849627
2.110757564130642,120.9375,0.00030000000000000035,0.3864076715967704,-0.09940440750087742,-0.0749999999999984,-0.5917146619244318,0.9935988794460745,-0.002333126357499417,-0.0749999999999984,-0.5917146619244318
2.2089323345553233,126.5625,0.00030000000000000035,0.38603803500065614,-0.09929408730887276,-0.0749999999999984,-0.574194109360434,0.9930340859411314,-0.0026274314770502972,-0.0749999999999984,-0.574194109360434
2.3071071049800045,132.1875,0.00030000000000000035,0.3857762041129822,-0.09922284618301717,-0.0749999999999984,-0.5528874056002344,0.9922390357921214,-0.002762962057868117,-0.0749999999999984,-0.5528874056002344
2.405281875404685,137.8125,0.00030000000000000035,0.3855725915052764,-0.09915550380789726,-0.0749999999999984,-0.5412960649126678,0.9917817576064472,-0.0029403167908039073,-0.0749999999999984,-0.5412960649126678
2.5034566458293663,143.4375,0.00030000000000000035,0.38546053859724166,-0.09911226596671437,-0.0749999999999984,-0.5314271200448004,0.9913569752609451,-0.0030201106097802683,-0.0749999999999984,-0.5314271200448004
2.6016314162540475,149.0625,0.00030000000000000035,0.38542203111265627,-0.09911186673193119,-0.0749999999999984,-0.5175541135586972,0.990659559676676,-0.002780450967664649,-0.0749999999999984,-0.5175541135586972
2.699806186678728,154.68749999999997,0.00030000000000000035,0.3854588017114599,-0.09914436480452675,-0.0749999999999984,-0.5036275523435113,0.9898760163101132,-0.0023631718207093523,-0.0749999999999984,-0.5036275523435113
2.7979809571034093,160.3125,0.00030000000000000035,0.3855386003266159,-0.09922682690545731,-0.0749999999999984,-0.4829847557730349,0.9885796144139861,-0.00147307761921594,-0.0749999999999984,-0.4829847557730349
2.8961557275280905,165.9375,0.00030000000000000035,0.3857079190823372,-0.09944974455470378,-0.0749999999999984,-0.4456936089573505,0.9858810164248732,0.0008125162597344013,-0.0749999999999984,-0.4456936089573505
2.9943304979527716,171.5625,0.00030000000000000035,0.3858111089169105,-0.09957459914202783,-0.0799999999999983,-0.4244537472079971,0.9840641402213919,0.002366759561506177,-0.0799999999999983,-0.4244537472079971
3.0925052683774528,177.1875,0.00030000000000000035,0.3858983911698304,-0.09959606289588542,-0.0799999999999983,-0.4167698238545878,0.9832452745040947,0.00284150548681191,-0.0799999999999983,-0.4167698238545878
-3.0925052683774528,-177.1875,0.0009000000000000006,0.3860910016602626,-0.09966789214446282,-0.0799999999999983,-0.40128249685127804,0.9815035965517993,0.003917289365036601,-0.0799999999999983,-0.40128249685127804
-2.994330497952771,-171.56249999999997,0.0009000000000000006,0.38627525905409266,-0.09967752285698919,-0.0799999999999983,-0.3908652504695712,0.9803052720547342,0.004284195805365398,-0.0799999999999983,-0.3908652504695712
-2.8961557275280905,-165.9375,0.0009000000000000006,0.38649184747619,-0.09976802049747262,-0.0799999999999983,-0.3747488445193034,0.9782860138718552,0.005639296824052167,-0.0799999999999983,-0.3747488445193034
-2.7979809571034098,-160.31250000000003,0.0009000000000000006,0.38686441651116515,-0.0999941221950527,-0.08499999999999819,-0.346033205701949,0.9740452769464782,0.009180672162278889,-0.08499999999999819,-0.346033205701949
-2.699806186678728,-154.68749999999997,0.0009000000000000006,0.3871829085765652,-0.10014255008688037,-0.08499999999999819,-0.3281708050604425,0.9710189658547839,0.01168152182977834,-0.08499999999999819,-0.3281708050604425
-2.6016314162540475,-149.0625,0.0009000000000000006,0.3874562610993621,-0.10024902810553588,0.06499999999999861,-0.31626715482788126,0.968659184832959,0.013437243858276925,0.06499999999999861,-0.31626715482788126
-2.5034566458293668,-143.43750000000003,0.0009000000000000006,0.38779644560238524,-0.10035236133458988,-0.08999999999999808,-0.30330777334419917,0.9659102235302431,0.014989739625525455,-0.08999999999999808,-0.30330777334419917
-2.405281875404685,-137.8125,0.0009000000000000006,0.3881208179567747,-0.10042533350329308,-0.08999999999999808,-0.29165514948683463,0.9630190464079118,0.015733497043992926,-0.08999999999999808,-0.29165514948683463
-2.3071071049800045,-132.1875,0.0009000000000000006,0.38853397009383855,-0.1005158140594359,-0.08999999999999808,-0.27659385863684505,0.9587796883034867,0.016444183571415433,-0.08999999999999808,-0.27659385863684505
-2.208932334555323,-126.56249999999997,0.0009000000000000006,0.389166342637429,-0.10069001045861573,0.05999999999999872,-0.25338359118613635,0.9507236000812876,0.01862068038188505,0.05999999999999872,-0.25338359118613635
-2.110757564130642,-120.9375,0.0009000000000000006,0.3897377935304926,-0.10085207909409431,0.05999999999999872,-0.23168358699250838,0.9419632607738243,0.02072824281229318,0.05999999999999872,-0.23168358699250838
-2.0125827937059615,-115.31250000000001,0.0009000000000000006,0.3904657350816056,-0.10104345782859096,0.05499999999999883,-0.2061052141531448,0.9274430784983156,0.023372676692256043,0.05499999999999883,-0.2061052141531448
-1.9144080232812801,-109.6875,0.0009000000000000006,0.39138758460202755,-0.10126304994225546,0.05499999999999883,-0.1696859824413609,0.8983893269402736,0.026903672020692215,0.05499999999999883,-0.1696859824413609
-1.8162332528565992,-104.0625,0.0009000000000000006,0.3924409766936511,-0.10148004174344792,0.9549999999999796,-0.12757527681217698,0.8325059364781795,0.0313259176787426,0.9549999999999796,-0.12757527681217698
-1.718058482431918,-98.4375,0.0009000000000000006,0.3943222485906539,-0.10188359929776622,0.93999999999998,-0.10299272223955089,0.6315881063886054,0.052303117962232575,0.93999999999998,-0.10299272223955089
-1.6198837120072371,-92.8125,0.0009000000000000006,0.3968061937297487,-0.10245396660114514,0.6049999999999871,-0.16597641879628916,0.8755350432607008,-0.07398559123668103,0.6049999999999871,-0.16597641879628916
-1.521708941582556,-87.1875,0.0009000000000000006,0.3996831875420387,-0.1031425092446241,0.5999999999999872,-0.2894947820680553,0.9676561180828475,-0.06524132989178322,0.5999999999999872,-0.2894947820680553
-1.423534171157875,-81.5625,0.0009000000000000006,0.4029185862101077,-0.10403561104294634,0.2899999999999938,-0.45473459830930985,0.9893128862707128,-0.059898874054128366,0.2899999999999938,-0.45473459830930985
-1.325359400733194,-75.9375,0.0009000000000000006,0.40635482458301436,-0.10528190413761293,-0.019999999999999574,-0.625498594244435,0.9956102860292234,-0.05618199671708541,-0.019999999999999574,-0.625498594244435
-1.227184630308513,-70.3125,0.0009000000000000006,0.4078732159152569,-0.10610417080835784,0.12999999999999723,-0.6825208926753663,0.9965607199988722,-0.05432844547853257,0.12999999999999723,-0.6825208926753663
-1.1290098598838318,-64.6875,0.0009000000000000006,0.415245813839143,-0.10716040361745086,-0.024999999999999467,-0.7241004836445136,0.996812799621168,-0.052029296223727345,-0.024999999999999467,-0.7241004836445136
-1.030835089459151,-59.0625,0.0009000000000000006,0.46661252636888284,-0.10772926588815637,0.04499999999999904,0.7847517288954432,0.995421485030446,-0.04656759585503393,0.04499999999999904,0.7847517288954432
-0.93266031903447,-53.43750000000001,0.0009000000000000006,0.6663302482928859,-0.09955366284252352,0.02999999999999936,0.6993732643260522,0.9808762803765763,-0.0322385195275593,0.02999999999999936,0.6993732643260522
-0.8344855486097889,-47.8125,0.0009000000000000006,0.7874050797818097,-0.08648795154845453,0.01499999999999968,0.6015036180395565,0.977709215099751,-0.014546322026656209,0.01499999999999968,0.6015036180395565
-0.7363107781851077,-42.1875,0.0009000000000000006,0.8037896194399774,-0.07535414985345502,0.01499999999999968,0.4859307961037128,0.9894570766517484,-0.01783941892708166,0.01499999999999968,0.4859307961037128
-0.6381360077604266,-36.56249999999999,0.0009000000000000006,0.8144029680456991,-0.06698655767662316,0.034999999999999254,0.37674610467629266,0.9983865983458265,-0.03279909643454322,0.034999999999999254,0.37674610467629266
-0.5399612373357456,-30.937499999999996,0.0009000000000000006,0.8151797696701766,-0.057575518488646914,0.05499999999999883,0.4228030785004068,0.9882645304966792,-0.05531443714721936,0.05499999999999883,0.4228030785004068
-0.4417864669110647,-25.312500000000004,0.0009000000000000006,0.8033570713127033,-0.04950789496090699,0.06499999999999861,0.5366904873283822,0.9806269998426463,-0.06681392961048185,0.06499999999999861,0.5366904873283822
-0.34361169648638357,-19.687499999999996,0.0009000000000000006,0.7890448128427424,-0.04176830344656429,0.0749999999999984,0.6270291323898376,0.9782346757013598,-0.07373258752148004,0.0749999999999984,0.6270291323898376
-0.24543692606170264,-14.062500000000004,0.0009000000000000006,0.7856717060672278,-0.03682121543633583,0.0799999999999983,0.654013757763649,0.9782841295862087,0.07463327674524939,0.0799999999999983,0.654013757763649
-0.14726215563702172,-8.437500000000009,0.0009000000000000006,0.7904955596466336,-0.035288905938626665,0.0799999999999983,0.6411265748437373,0.9790197480451674,0.07273001252282196,0.0799999999999983,0.6411265748437373
-0.04908738521234057,-2.812500000000003,0.0009000000000000006,0.8004089642434656,-0.03591215040204393,0.08499999999999819,0.5898121667428298,0.982246421004691,0.06961208108001812,0.08499999999999819,0.5898121667428298
0.04908738521234057,2.812500000000003,0.0009000000000000006,0.8067730090883283,-0.039063619434044135,0.08999999999999808,0.5058654405580605,0.98611622418975,0.0653860392417635,0.08999999999999808,0.5058654405580605
0.14726215563702172,8.437500000000009,0.0009000000000000006,0.802843109928911,-0.04327154920868783,0.08999999999999808,0.41263996052763574,0.9867117113969559,0.06110260832247029,0.08999999999999808,0.41263996052763574
0.24543692606170264,14.062500000000004,0.0009000000000000006,0.7854192898706219,-0.04851794178371849,0.09999999999999787,0.31541035807413476,0.9821072963797689,0.05365639888291747,0.09999999999999787,0.31541035807413476
0.34361169648638357,19.687499999999996,0.0009000000000000006,0.7353215025800107,-0.05831100592724076,0.11499999999999755,0.33764741039981516,0.984937493627964,0.03575718539973395,0.11499999999999755,0.33764741039981516
0.4417864669110647,25.312500000000004,0.0009000000000000006,0.6748755475264825,-0.07083260148018733,0.11999999999999744,0.547741356220403,0.9960445417123209,0.0321501989717106,0.11999999999999744,0.547741356220403
0.5399612373357456,30.937499999999996,0.0009000000000000006,0.6481428274240435,-0.0822919509946898,0.11999999999999744,0.7292586448974998,0.9984006896787911,0.03400876971072761,0.11999999999999744,0.7292586448974998
0.6381360077604266,36.56249999999999,0.0009000000000000006,0.6443212930838502,-0.09504564473505958,0.11999999999999744,0.8593875359223093,0.997863512176085,0.034292788845424714,0.11999999999999744,0.8593875359223093
0.7363107781851077,42.1875,0.0009000000000000006,0.6101934015369557,-0.10541278151639791,-0.02999999999999936,0.916594826878569,0.9972028437145445,0.030012840579225406,-0.02999999999999936,0.916594826878569
0.8344855486097886,47.81249999999999,0.0009000000000000006,0.5120335133340469,-0.11306807407686863,-0.019999999999999574,0.9387176071664165,0.9981068798317491,0.022564381210071927,-0.019999999999999574,0.9387176071664165
0.9326603190344698,53.4375,0.0009000000000000006,0.4461432365321829,-0.1141267028448046,-0.019999999999999574,0.944800881231394,0.998797857028291,0.01895468136081163,-0.019999999999999574,0.944800881231394
1.030835089459151,59.0625,0.0009000000000000006,0.41993483007864485,-0.11160808226411328,0.05999999999999872,-0.9284335749432686,0.9987823844836892,0.016002586763300485,0.05999999999999872,-0.9284335749432686
1.1290098598838316,64.68749999999999,0.0009000000000000006,0.4109679102490253,-0.10873486993748821,0.06499999999999861,-0.8998446056687232,0.9985290971488265,0.012521574505210225,0.06499999999999861,-0.8998446056687232
1.2271846303085128,70.31249999999999,0.0009000000000000006,0.4069997137223936,-0.10735215061897763,-0.009999999999999787,0.8876670447979242,0.9984088333451258,0.010961542109936813,-0.009999999999999787,0.8876670447979242
1.325359400733194,75.9375,0.0009000000000000006,0.40365237094445616,-0.10605565761755384,-0.009999999999999787,0.8698784295940661,0.9982401441257504,0.009502495406312483,-0.009999999999999787,0.8698784295940661
1.423534171157875,81.5625,0.0009000000000000006,0.39827559755932684,-0.10381252991288016,-0.004999999999999893,0.8195888756695665,0.9977377802864542,0.006370001017077353,-0.004999999999999893,0.8195888756695665
1.5217089415825562,87.18750000000001,0.0009000000000000006,0.3948714073991189,-0.10248343591519166,-0.004999999999999893,0.7808812143503716,0.9973107631843187,0.00417921495107783,-0.004999999999999893,0.7808812143503716
1.619883712007237,92.81249999999999,0.0009000000000000006,0.3921726577578046,-0.10144009583690744,0.0749999999999984,-0.7366407998722118,0.9967345566265562,0.0023272782033318343,0.0749999999999984,-0.7366407998722118
1.718058482431918,98.4375,0.0009000000000000006,0.3897734368940768,-0.10056886155211013,0.0,0.6856338724005494,0.9958633235111287,0.0005613713241740775,0.0,0.6856338724005494
1.8162332528565992,104.0625,0.0009000000000000006,0.3882575132640719,-0.10001573769051417,-0.0749999999999984,-0.650992913837307,0.9951690794672573,-0.0009125852577920759,-0.0749999999999984,-0.650992913837307
1.9144080232812803,109.68750000000001,0.0009000000000000006,0.38745143518627706,-0.09972182895408549,-0.0749999999999984,-0.6312826058891381,0.9947267756165136,-0.00178830177523901,-0.0749999999999984,-0.6312826058891381
2.0125827937059615,115.31250000000001,0.0009000000000000006,0.386840166579744,-0.09952666665153341,-0.0749999999999984,-0.6103748234437332,0.9941876987997486,-0.0022947373677176036,-0.0749999999999984,-0.6103748234437332
2.110757564130642,120.9375,0.0009000000000000006,0.3864458295190045,-0.09945179937316025,-0.0749999999999984,-0.5927565687655301,0.9936499979587046,-0.0023002280055478266,-0.0749999999999984,-0.5927565687655301
2.2089323345553233,126.5625,0.0009000000000000006,0.3860626038646069,-0.09933548648466406,-0.0749999999999984,-0.5745145770359297,0.9930637735675532,-0.0025940796912330903,-0.0749999999999984,-0.5745145770359297
2.3071071049800045,132.1875,0.0009000000000000006,0.38579406320492654,-0.09925303923894677,-0.0749999999999984,-0.5529051818397833,0.9922593914749711,-0.002741479692933254,-0.0749999999999984,-0.5529051818397833
2.405281875404685,137.8125,0.0009000000000000006,0.38557460330920273,-0.09918157053330089,-0.0749999999999984,-0.5412031548292763,0.9917860783720304,-0.0028977059492543878,-0.0749999999999984,-0.5412031548292763
2.5034566458293663,143.4375,0.0009000000000000006,0.38545725422660493,-0.09913571954529908,-0.0749999999999984,-0.5311768741022374,0.991349947330239,-0.0029661073574350316,-0.0749999999999984,-0.5311768741022374
2.6016314162540475,149.0625,0.0009000000000000006,0.3854004969030521,-0.0991366647003516,-0.0749999999999984,-0.5170747649704456,0.9906352714595003,-0.002707047180189459,-0.0749999999999984,-0.5170747649704456
2.699806186678728,154.68749999999997,0.0009000000000000006,0.3854376864665413,-0.09916654155112246,-0.0749999999999984,-0.5029963551128376,0.9898393368528522,-0.002273150369647861,-0.0749999999999984,-0.5029963551128376
2.7979809571034093,160.3125,0.0009000000000000006,0.38551542924079074,-0.0992482675972759,-0.0749999999999984,-0.4822832888724899,0.9885342633130422,-0.0013670275614309823,-0.0749999999999984,-0.4822832888724899
2.8961557275280905,165.9375,0.0009000000000000006,0.38566575121351016,-0.09945234570983982,-0.0749999999999984,-0.4473686901201498,0.9860147492001562,0.0007655436393365579,-0.0749999999999984,-0.4473686901201498
2.9943304979527716,171.5625,0.0009000000000000006,0.38577611735627326,-0.0995817962756387,-0.0799999999999983,-0.4255711527094015,0.9841676213550031,0.0023495564299735655,-0.0799999999999983,-0.4255711527094015
3.0925052683774528,177.1875,0.0009000000000000006,0.38585174343219975,-0.0996041366570598,-0.0799999999999983,-0.4174687323543172,0.9833068532277833,0.002850727131852534,-0.0799999999999983,-0.4174687323543172
-3.0925052683774528,-177.1875,0.0015000000000000005,0.38606553398577853,-0.0996828885378824,-0.0799999999999983,-0.40095911029734294,0.9814491049608088,0.004018215478249633,-0.0799999999999983,-0.40095911029734294
-2.994330497952771,-171.56249999999997,0.0015000000000000005,0.3862506521625455,-0.09970331499277929,-0.0799999999999983,-0.389302245840645,0.9801047053401596,0.004540998353898473,-0.0799999999999983,-0.389302245840645
-2.8961557275280905,-165.9375,0.0015000000000000005,0.38647757989719345,-0.09978518426342842,-0.0799999999999983,-0.37359576969789593,0.9781333614072709,0.005805186997340189,-0.0799999999999983,-0.37359576969789593
-2.7979809571034098,-160.31250000000003,0.0015000000000000005,0.3868297205527301,-0.09999739408131546,-0.08499999999999819,-0.34590295089838935,0.9740109276494047,0.009122083288105749,-0.08499999999999819,-0.34590295089838935
-2.699806186678728,-154.68749999999997,0.0015000000000000005,0.38713343992505345,-0.100143254867845,-0.08499999999999819,-0.3279216044928069,0.9709208266360848,0.011550311030583188,-0.08499999999999819,-0.3279216044928069
-2.6016314162540475,-149.0625,0.0015000000000000005,0.38742432036056773,-0.10025050614700906,0.06499999999999861,-0.31561892350348153,0.9684761312779697,0.013292400345220558,0.06499999999999861,-0.31561892350348153
-2.5034566458293668,-143.43750000000003,0.0015000000000000005,0.38776326622818913,-0.10036068617156496,-0.08999999999999808,-0.30228120570448624,0.9656156007886126,0.014893353614710957,-0.08999999999999808,-0.30228120570448624
-2.405281875404685,-137.8125,0.0015000000000000005,0.38808817831915793,-0.10044063846192391,-0.08999999999999808,-0.2904190464961429,0.9626223172036169,0.01570069458609744,-0.08999999999999808,-0.2904190464961429
-2.3071071049800045,-132.1875,0.0015000000000000005,0.38849167948575813,-0.10054083981310417,0.05999999999999872,-0.2751114188545571,0.9582454264744821,0.016499020358420054,0.05999999999999872,-0.2751114188545571
-2.208932334555323,-126.56249999999997,0.0015000000000000005,0.38910240599331497,-0.10073189162794396,0.05999999999999872,-0.25152723379491265,0.9499091677858852,0.01876537674356426,0.05999999999999872,-0.25152723379491265
-2.110757564130642,-120.9375,0.0015000000000000005,0.38965357399630696,-0.10090982204436719,0.05999999999999872,-0.22953117581963275,0.9408955259553673,0.020993384336242222,0.05999999999999872,-0.22953117581963275
-2.0125827937059615,-115.31250000000001,0.0015000000000000005,0.3903573537054192,-0.10111453225718758,0.05499999999999883,-0.2046234328291864,0.9263317539129641,0.02377834085909196,0.05499999999999883,-0.2046234328291864
-1.9144080232812801,-109.6875,0.0015000000000000005,0.3912781297062376,-0.10135520410244306,0.049999999999998934,-0.16882600441362075,0.8970680262227753,0.02747875739789334,0.049999999999998934,-0.16882600441362075
-1.8162332528565992,-104.0625,0.0015000000000000005,0.39230127980465945,-0.10159861139168051,0.9549999999999796,-0.12842338699943062,0.8315504505265628,0.03221724753577469,0.9549999999999796,-0.12842338699943062
-1.718058482431918,-98.4375,0.0015000000000000005,0.39415337715757054,-0.10205642974332306,0.9349999999999801,-0.10705036211062127,0.6586780448650227,0.05356593784923615,0.9349999999999801,-0.10705036211062127
-1.6198837120072371,-92.8125,0.0015000000000000005,0.3965878614675049,-0.10270318053800347,0.6049999999999871,-0.1709264958514591,0.8839030887051414,-0.07445247055937053,0.6049999999999871,-0.1709264958514591
-1.521708941582556,-87.1875,0.0015000000000000005,0.3994263574274892,-0.10349495236145118,0.5999999999999872,-0.29234850548392555,0.9679647043382075,-0.06575692984908676,0.5999999999999872,-0.29234850548392555
-1.423534171157875,-81.5625,0.0015000000000000005,0.40260575235694546,-0.10455343284413672,0.2899999999999938,-0.452097749669613,0.9888187767963361,-0.06042629697342251,0.2899999999999938,-0.452097749669613
-1.325359400733194,-75.9375,0.0015000000000000005,0.40602559864840976,-0.10606966361763794,-0.019999999999999574,-0.6131508021625349,0.9951208598947132,-0.05675134395806541,-0.019999999999999574,-0.6131508021625349
-1.227184630308513,-70.3125,0.0015000000000000005,0.40782023985006255,-0.10725721035303405,0.12999999999999723,-0.6724298274933554,0.9961181296207757,-0.0548965194900712,0.12999999999999723,-0.6724298274933554
-1.1290098598838318,-64.6875,0.0015000000000000005,0.4151920958834255,-0.10886375698711054,-0.024999999999999467,-0.7152658536924842,0.9962260854690127,-0.05263210586541034,-0.024999999999999467,-0.7152658536924842
-1.030835089459151,-59.0625,0.0015000000000000005,0.46398792465369976,-0.11026329243226345,0.04499999999999904,0.7730581372684616,0.9943893231584491,-0.04683639369824598,0.04499999999999904,0.7730581372684616
-0.93266031903447,-53.43750000000001,0.0015000000000000005,0.6553398252399754,-0.10152624961960079,0.02999999999999936,0.6932831572397782,0.9797836528872753,-0.03147182456485681,0.02999999999999936,0.6932831572397782
-0.8344855486097889,-47.8125,0.0015000000000000005,0.7851573666032495,-0.0870682289853702,0.01499999999999968,0.6199943527066698,0.9797607408690013,-0.014088154106611642,0.01499999999999968,0.6199943527066698
-0.7363107781851077,-42.1875,0.0015000000000000005,0.8174205920264093,-0.07576242453182416,0.01499999999999968,0.5074051354444098,0.9904818925274399,-0.01753686611383831,0.01499999999999968,0.5074051354444098
-0.6381360077604266,-36.56249999999999,0.0015000000000000005,0.8351318599924612,-0.06767920696677394,0.02999999999999936,0.3932659532110456,0.9988113148423574,-0.032213758829501185,0.02999999999999936,0.3932659532110456
-0.5399612373357456,-30.937499999999996,0.0015000000000000005,0.8391805555662244,-0.058528177872689435,0.05499999999999883,0.43321828443326516,0.9904529623695055,-0.0547100641880619,0.05499999999999883,0.43321828443326516
-0.4417864669110647,-25.312500000000004,0.0015000000000000005,0.825699468241579,-0.0504060272191047,0.06499999999999861,0.5449598773838369,0.9831840252164228,-0.06644777610659855,0.06499999999999861,0.5449598773838369
-0.34361169648638357,-19.687499999999996,0.0015000000000000005,0.8034178136891279,-0.04215838375524074,0.0749999999999984,0.6309489948378545,0.9807806108631755,-0.07353920587291561,0.0749999999999984,0.6309489948378545
-0.24543692606170264,-14.062500000000004,0.0015000000000000005,0.7900151153499007,-0.0364419352204394,0.0799999999999983,0.6541676209400836,0.9808659012381383,0.07467536402122044,0.0799999999999983,0.6541676209400836
-0.14726215563702172,-8.437500000000009,0.0015000000000000005,0.788839989428893,-0.03436999651197397,0.0799999999999983,0.6388416984202658,0.9817287165874244,0.07260862829889127,0.0799999999999983,0.6388416984202658
-0.04908738521234057,-2.812500000000003,0.0015000000000000005,0.7930208343797314,-0.03440516691978048,0.08499999999999819,0.5827918893243019,0.9847393629235436,0.06933513734625216,0.08499999999999819,0.5827918893243019
0.04908738521234057,2.812500000000003,0.0015000000000000005,0.7956687818062564,-0.037112647811209876,0.08999999999999808,0.4924761750191943,0.9879847052437459,0.06490564372099293,0.08999999999999808,0.4924761750191943
0.14726215563702172,8.437500000000009,0.0015000000000000005,0.7898002997058654,-0.0410854331887164,0.09499999999999797,0.39414467334202197,0.9877716137584274,0.060167547534771326,0.09499999999999797,0.39414467334202197
0.24543692606170264,14.062500000000004,0.0015000000000000005,0.7712394708281477,-0.04618717994117866,0.09999999999999787,0.3002576454066642,0.9818614948635922,0.051694518892187916,0.09999999999999787,0.3002576454066642
0.34361169648638357,19.687499999999996,0.0015000000000000005,0.720525392380409,-0.05585964779367171,0.11999999999999744,0.33389956861369335,0.9851783262304713,0.033506683094862204,0.11999999999999744,0.33389956861369335
0.4417864669110647,25.312500000000004,0.0015000000000000005,0.6600625232922971,-0.06833779766585957,0.11999999999999744,0.5318560325829393,0.9965294487728327,0.0306321698603472,0.11999999999999744,0.5318560325829393
0.5399612373357456,30.937499999999996,0.0015000000000000005,0.6333704843294969,-0.07995463182154902,0.11999999999999744,0.7116797028047164,0.9988936271977442,0.03312667636574128,0.11999999999999744,0.7116797028047164
0.6381360077604266,36.56249999999999,0.0015000000000000005,0.6312414041005721,-0.09346854675914279,0.11999999999999744,0.8463504784173247,0.9979334433227686,0.03440276674758369,0.11999999999999744,0.8463504784173247
0.7363107781851077,42.1875,0.0015000000000000005,0.6014571409580161,-0.10532399901961248,-0.02999999999999936,0.9069136307003212,0.9967144531906055,0.030915736428160707,-0.02999999999999936,0.9069136307003212
0.8344855486097886,47.81249999999999,0.0015000000000000005,0.5075418117165023,-0.11480932292599244,-0.024999999999999467,0.9352303637808487,0.9977232221012694,0.023128361727548574,-0.024999999999999467,0.9352303637808487
0.9326603190344698,53.4375,0.0015000000000000005,0.4454827592196292,-0.11628427596355123,-0.019999999999999574,0.9414139324692872,0.9987888506161291,0.01887546603516436,-0.019999999999999574,0.9414139324692872
1.030835089459151,59.0625,0.0015000000000000005,0.42116290295181497,-0.11323405739019861,-0.01499999999999968,0.9263800711509141,0.9988871080209002,0.015616965842747597,-0.01499999999999968,0.9263800711509141
1.1290098598838316,64.68749999999999,0.0015000000000000005,0.41217266356443366,-0.10973504668304977,0.06499999999999861,-0.8984968177899023,0.9986492242482015,0.012138596926689095,0.06499999999999861,-0.8984968177899023
1.2271846303085128,70.31249999999999,0.0015000000000000005,0.4079424718581405,-0.10796778129680562,-0.009999999999999787,0.8849082430149643,0.9984862240599851,0.010606883435178563,-0.009999999999999787,0.8849082430149643
1.325359400733194,75.9375,0.0015000000000000005,0.40442788250575307,-0.10649386782233249,-0.009999999999999787,0.866953698538469,0.9983037427394142,0.00924457238381791,-0.009999999999999787,0.866953698538469
1.423534171157875,81.5625,0.0015000000000000005,0.3988755028498918,-0.10415149409988221,-0.004999999999999893,0.8194655824956257,0.9978117089972122,0.006262093422437916,-0.004999999999999893,0.8194655824956257
1.5217089415825562,87.18750000000001,0.0015000000000000005,0.39535325952312705,-0.10274647077581152,-0.004999999999999893,0.7817273590099048,0.9973868715927917,0.004139106627123491,-0.004999999999999893,0.7817273590099048
1.619883712007237,92.81249999999999,0.0015000000000000005,0.39249937665704066,-0.10163045596327644,0.0749999999999984,-0.7381988519744538,0.9968125902623256,0.0023075916635006814,0.0749999999999984,-0.7381988519744538
1.718058482431918,98.4375,0.0015000000000000005,0.3899833103837087,-0.10069738914234738,0.0,0.6872639711553483,0.9959382578953653,0.000557342831315741,0.0,0.6872639711553483
1.8162332528565992,104.0625,0.0015000000000000005,0.38836383894326015,-0.10010782367683817,-0.0749999999999984,-0.6523199569281272,0.9952342762098246,-0.0009050966016534977,-0.0749999999999984,-0.6523199569281272
1.9144080232812803,109.68750000000001,0.0015000000000000005,0.3875287886070594,-0.09979395558307154,-0.0749999999999984,-0.6324826961274059,0.9947878514013644,-0.0017807837215859852,-0.0749999999999984,-0.6324826961274059
2.0125827937059615,115.31250000000001,0.0015000000000000005,0.38687092257282435,-0.09958421673587589,-0.0749999999999984,-0.6114739828528698,0.9942456784530648,-0.0022898520916098033,-0.0749999999999984,-0.6114739828528698
2.110757564130642,120.9375,0.0015000000000000005,0.3864786891652429,-0.09950115918489434,-0.0749999999999984,-0.5937407997406441,0.9937030376720041,-0.0022774846600605346,-0.0749999999999984,-0.5937407997406441
2.2089323345553233,126.5625,0.0015000000000000005,0.386068259181364,-0.09937361695813048,-0.0749999999999984,-0.5751897848969604,0.9931037974137288,-0.002561686147186034,-0.0749999999999984,-0.5751897848969604
2.3071071049800045,132.1875,0.0015000000000000005,0.3857803729608314,-0.09928930188954711,-0.0749999999999984,-0.553096793714852,0.992284553511482,-0.0027131053989847198,-0.0749999999999984,-0.553096793714852
2.405281875404685,137.8125,0.0015000000000000005,0.3855524798313244,-0.09921121854682932,-0.0749999999999984,-0.541065259468253,0.9917887662865613,-0.002835698304433265,-0.0749999999999984,-0.541065259468253
2.5034566458293663,143.4375,0.0015000000000000005,0.3854260296782583,-0.09916596652900218,-0.0749999999999984,-0.5306772606678526,0.9913285581917348,-0.0028801816605824888,-0.0749999999999984,-0.5306772606678526
2.6016314162540475,149.0625,0.0015000000000000005,0.385385017467362,-0.09916650272403599,-0.0749999999999984,-0.5161859900042575,0.9905897927496055,-0.0025963833870446575,-0.0749999999999984,-0.5161859900042575
2.699806186678728,154.68749999999997,0.0015000000000000005,0.38540651904583373,-0.09919332772147321,-0.0749999999999984,-0.50198267979603,0.9897791570525742,-0.0021530955518900574,-0.0749999999999984,-0.50198267979603
2.7979809571034093,160.3125,0.0015000000000000005,0.38550272977010264,-0.09927223701440886,-0.0749999999999984,-0.48130122593581337,0.9884700048042383,-0.0012543704026105234,-0.0749999999999984,-0.48130122593581337
2.8961557275280905,165.9375,0.0015000000000000005,0.3856572719163376,-0.09945929549827393,-0.0749999999999984,-0.4481344064711435,0.9860764106867762,0.0007382657191809092,-0.0749999999999984,-0.4481344064711435
2.9943304979527716,171.5625,0.0015000000000000005,0.38573001908423526,-0.0995750461707886,-0.0799999999999983,-0.4274177034194498,0.984361193859241,0.002169004736210618,-0.0799999999999983,-0.4274177034194498
3.0925052683774528,177.1875,0.0015000000000000005,0.3858484188110122,-0.09959894826567342,-0.0799999999999983,-0.4191663075228374,0.983484740519754,0.0026929351972474437,-0.0799999999999983,-0.4191663075228374
-3.0925052683774528,-177.1875,0.0021000000000000007,0.3860827511376898,-0.09970205647433572,-0.0799999999999983,-0.3992629358706147,0.9812399251410745,0.004169588647079546,-0.0799999999999983,-0.3992629358706147
-2.994330497952771,-171.56249999999997,0.0021000000000000007,0.3862456957477943,-0.09974755538709126,-0.0799999999999983,-0.3863714301874657,0.9797363351269913,0.005050872147393528,-0.0799999999999983,-0.3863714301874657
-2.8961557275280905,-165.9375,0.0021000000000000007,0.3864362963865255,-0.09982431244178205,-0.0799999999999983,-0.37130851852231306,0.9778627302792847,0.006247078571878903,-0.0799999999999983,-0.37130851852231306
-2.7979809571034098,-160.31250000000003,0.0021000000000000007,0.3867940955892116,-0.10001364370843756,-0.08499999999999819,-0.34577009727717756,0.9739813920468189,0.009251492111547075,-0.08499999999999819,-0.34577009727717756
-2.699806186678728,-154.68749999999997,0.0021000000000000007,0.387116781627086,-0.10015216848968964,-0.08499999999999819,-0.3276331661014854,0.9708466724119327,0.011535709866005002,-0.08499999999999819,-0.3276331661014854
-2.6016314162540475,-149.0625,0.0021000000000000007,0.3874113826800936,-0.10025817963246536,0.06499999999999861,-0.3149306268691592,0.9682959864465225,0.013223200598918445,0.06499999999999861,-0.3149306268691592
-2.5034566458293668,-143.43750000000003,0.0021000000000000007,0.38775008724624827,-0.10037204477961868,-0.08999999999999808,-0.30107352106865326,0.9652746349473353,0.014842047844872627,-0.08999999999999808,-0.30107352106865326
-2.405281875404685,-137.8125,0.0021000000000000007,0.3880604884555981,-0.10046033512148943,-0.08999999999999808,-0.2887670063190852,0.9621207879434397,0.01573672365058178,-0.08999999999999808,-0.2887670063190852
-2.3071071049800045,-132.1875,0.0021000000000000007,0.38846863871320947,-0.10057262115489483,0.05999999999999872,-0.2730085953342238,0.9574786386724183,0.01668518707104936,0.05999999999999872,-0.2730085953342238
-2.208932334555323,-126.56249999999997,0.0021000000000000007,0.38909752380501234,-0.10077575772862558,0.05999999999999872,-0.248490953733509,0.9486312960158628,0.01908436873819838,0.05999999999999872,-0.248490953733509
-2.110757564130642,-120.9375,0.0021000000000000007,0.3896303738038787,-0.10097024291284218,0.05499999999999883,-0.22634425619680862,0.9390943403254489,0.021491268395006754,0.05499999999999883,-0.22634425619680862
-2.0125827937059615,-115.31250000000001,0.0021000000000000007,0.39032149022016044,-0.10119572165271158,0.05499999999999883,-0.20210104126720604,0.9247177470089978,0.024569190470608706,0.05499999999999883,-0.20210104126720604
-1.9144080232812801,-109.6875,0.0021000000000000007,0.3912088799175347,-0.10146044997957394,0.049999999999998934,-0.16756360235030468,0.8957109934493074,0.028664417856404407,0.049999999999998934,-0.16756360235030468
-1.8162332528565992,-104.0625,0.0021000000000000007,0.39221318325704085,-0.10173000727146617,0.9499999999999797,-0.1312990263106729,0.833508538761427,0.033993796192689094,0.9499999999999797,-0.1312990263106729
-1.718058482431918,-98.4375,0.0021000000000000007,0.39405939432923603,-0.10224946912789859,0.9349999999999801,-0.11592408678976591,0.7128268829997667,0.055266488144133034,0.9349999999999801,-0.11592408678976591
-1.6198837120072371,-92.8125,0.0021000000000000007,0.39652939472262727,-0.10298724145352753,0.609999999999987,-0.1824220516702989,0.9001648286355113,-0.07547944676917043,0.609999999999987,-0.1824220516702989
-1.521708941582556,-87.1875,0.0021000000000000007,0.39938915602419456,-0.10389689198208188,0.2949999999999937,-0.3011382027171092,0.9697150784174327,-0.06681534162922212,0.2949999999999937,-0.3011382027171092
-1.423534171157875,-81.5625,0.0021000000000000007,0.40265067024746376,-0.10514130603079225,0.2899999999999938,-0.45518445204836333,0.9886159437373854,-0.061372002080804636,0.2899999999999938,-0.45518445204836333
-1.325359400733194,-75.9375,0.0021000000000000007,0.40635651312962895,-0.10693465704521093,-0.019999999999999574,-0.6064443456577109,0.994635358397216,-0.05771227579949052,-0.019999999999999574,-0.6064443456577109
-1.227184630308513,-70.3125,0.0021000000000000007,0.40872202997595386,-0.10848678936585236,-0.019999999999999574,-0.6654429607398238,0.9955662149007078,-0.05591128592220011,-0.019999999999999574,-0.6654429607398238
-1.1290098598838318,-64.6875,0.0021000000000000007,0.4162862055480758,-0.11056975259550521,0.12999999999999723,-0.7051863968911644,0.9953958504563267,-0.05371371921902218,0.12999999999999723,-0.7051863968911644
-1.030835089459151,-59.0625,0.0021000000000000007,0.4610148739134647,-0.11248723601765558,0.04499999999999904,0.7493718985325613,0.9928131745341733,-0.047508992024884525,0.04499999999999904,0.7493718985325613
-0.93266031903447,-53.43750000000001,0.0021000000000000007,0.6388765317606585,-0.10317994712411283,0.02999999999999936,0.6742305125899053,0.9774127400663719,-0.03026898211857559,0.02999999999999936,0.6742305125899053
-0.8344855486097889,-47.8125,0.0021000000000000007,0.7788585921149781,-0.08759196800437317,0.01499999999999968,0.6397794077148206,0.9816819068216941,-0.013406758659158005,0.01499999999999968,0.6397794077148206
-0.7363107781851077,-42.1875,0.0021000000000000007,0.821997752883971,-0.07628651944217643,0.01499999999999968,0.5346453154213721,0.991316061571927,-0.01713423127584994,0.01499999999999968,0.5346453154213721
-0.6381360077604266,-36.56249999999999,0.0021000000000000007,0.8414260150695714,-0.06858976867917833,0.02999999999999936,0.417029681998805,0.998966994693264,-0.03135531021500147,0.02999999999999936,0.417029681998805
-0.5399612373357456,-30.937499999999996,0.0021000000000000007,0.8458265930545333,-0.05986073662437313,0.05499999999999883,0.4457729041929453,0.9927756120578404,-0.05363404354392392,0.05499999999999883,0.4457729041929453
-0.4417864669110647,-25.312500000000004,0.0021000000000000007,0.8312092032163008,-0.05184256029130794,0.06499999999999861,0.5544014136524799,0.9856189494675877,-0.06572921740939458,0.06499999999999861,0.5544014136524799
-0.34361169648638357,-19.687499999999996,0.0021000000000000007,0.8030524321191759,-0.043229223771235115,0.0749999999999984,0.6365101088814896,0.9828987056189794,-0.07315436921581399,0.0749999999999984,0.6365101088814896
-0.24543692606170264,-14.062500000000004,0.0021000000000000007,0.7807799009306603,-0.03676209091433236,0.0799999999999983,0.6582500811726619,0.9827424436941351,0.07479284971656684,0.0799999999999983,0.6582500811726619
-0.14726215563702172,-8.437500000000009,0.0021000000000000007,0.7736140106803554,-0.03409446242450552,0.0799999999999983,0.6421348365466076,0.9835226025275209,0.07249647039588826,0.0799999999999983,0.6421348365466076
-0.04908738521234057,-2.812500000000003,0.0021000000000000007,0.772560283283285,-0.0334188596377415,0.08499999999999819,0.5855869442469441,0.9861237490918159,0.06911546907779079,0.08499999999999819,0.5855869442469441
0.04908738521234057,2.812500000000003,0.0021000000000000007,0.7687822220757411,-0.03529168537462243,0.08999999999999808,0.4943423454641783,0.9890417154209025,0.06457629119321105,0.08999999999999808,0.4943423454641783
0.14726215563702172,8.437500000000009,0.0021000000000000007,0.7624569244151878,-0.03915206804126167,0.09499999999999797,0.38481196023984654,0.9883906304525629,0.058855834163914135,0.09499999999999797,0.38481196023984654
0.24543692606170264,14.062500000000004,0.0021000000000000007,0.7439387115730203,-0.04400732975418011,0.10499999999999776,0.2926108759858145,0.9812934617648059,0.0491032148081168,0.10499999999999776,0.2926108759858145
0.34361169648638357,19.687499999999996,0.0021000000000000007,0.6958823227072404,-0.053420056424171726,0.11999999999999744,0.3376970013952281,0.9849419496525648,0.03080734505583604,0.11999999999999744,0.3376970013952281
0.4417864669110647,25.312500000000004,0.0021000000000000007,0.6388708728039217,-0.06568035510527274,0.12499999999999734,0.5296090209874434,0.9964516184515738,0.02870724390100813,0.12499999999999734,0.5296090209874434
0.5399612373357456,30.937499999999996,0.0021000000000000007,0.6131692786903654,-0.0772405615102225,0.11999999999999744,0.6972897641499941,0.9992170122193132,0.03186367724839554,0.11999999999999744,0.6972897641499941
0.6381360077604266,36.56249999999999,0.0021000000000000007,0.6121919378879066,-0.0911670181760415,0.11999999999999744,0.8323501372154066,0.99814118630479,0.03434121183618016,0.11999999999999744,0.8323501372154066
0.7363107781851077,42.1875,0.0021000000000000007,0.5890984800752908,-0.10427433649092133,0.11999999999999744,0.8980504402993462,0.9962290864075366,0.032033022778548685,0.11999999999999744,0.8980504402993462
0.8344855486097886,47.81249999999999,0.0021000000000000007,0.501909318148982,-0.11582837186511621,-0.024999999999999467,0.9282974301744997,0.9969543027219641,0.023865127546052755,-0.024999999999999467,0.9282974301744997
0.9326603190344698,53.4375,0.0021000000000000007,0.44343706926796955,-0.118262914756651,-0.019999999999999574,0.9359773731297065,0.9986318398239602,0.018633339187669372,-0.019999999999999574,0.9359773731297065
1.030835089459151,59.0625,0.0021000000000000007,0.4214633838730203,-0.11502451997485548,-0.01499999999999968,0.9237039452524084,0.9989553127616736,0.014986851820999552,-0.01499999999999968,0.9237039452524084
1.1290098598838316,64.68749999999999,0.0021000000000000007,0.41299307368002386,-0.11100092840980331,0.06499999999999861,-0.8977991546400077,0.9987814630660634,0.011534492575419008,0.06499999999999861,-0.8977991546400077
1.2271846303085128,70.31249999999999,0.0021000000000000007,0.40858703297109455,-0.10880170404145843,-0.009999999999999787,0.8833570555826713,0.9986031204185996,0.01008558988820391,-0.009999999999999787,0.8833570555826713
1.325359400733194,75.9375,0.0021000000000000007,0.40497191656959375,-0.107074134734942,-0.009999999999999787,0.8651391212917217,0.9984060682156394,0.008866741871218952,-0.009999999999999787,0.8651391212917217
1.423534171157875,81.5625,0.0021000000000000007,0.3993850141357556,-0.10459570836476596,-0.004999999999999893,0.8214589746944206,0.997927395329586,0.006095943836214548,-0.004999999999999893,0.8214589746944206
1.5217089415825562,87.18750000000001,0.0021000000000000007,0.3957471119938291,-0.10307908793689449,-0.004999999999999893,0.7845465460354127,0.9975065754231238,0.00403829808588122,-0.004999999999999893,0.7845465460354127
1.619883712007237,92.81249999999999,0.0021000000000000007,0.3927665372295655,-0.10186232749197076,0.0749999999999984,-0.7416869112258524,0.9969357357219399,0.0022165922978396326,0.0749999999999984,-0.7416869112258524
1.718058482431918,98.4375,0.0021000000000000007,0.39011007257357827,-0.10084780496225454,0.0,0.6904073814444495,0.9960572222544981,0.00048066397898911047,0.0,0.6904073814444495
1.8162332528565992,104.0625,0.0021000000000000007,0.3884646283167258,-0.10021513601686656,-0.0749999999999984,-0.6551115659346237,0.9953461237398757,-0.0009558693071010115,-0.0749999999999984,-0.6551115659346237
1.9144080232812803,109.68750000000001,0.0021000000000000007,0.3875594259579962,-0.09987945832850152,-0.0749999999999984,-0.6350893747272457,0.9948954474958072,-0.0018251809610713306,-0.0749999999999984,-0.6350893747272457
2.0125827937059615,115.31250000000001,0.0021000000000000007,0.3868832549545927,-0.09964967851377536,-0.0749999999999984,-0.6137014558389804,0.9943453261987388,-0.0023302060932806606,-0.0749999999999984,-0.6137014558389804
2.110757564130642,120.9375,0.0021000000000000007,0.38647765610134766,-0.09955958162726665,-0.0749999999999984,-0.5955856432247639,0.9937935378483213,-0.002297083332820206,-0.0749999999999984,-0.5955856432247639
2.2089323345553233,126.5625,0.0021000000000000007,0.3860544566927572,-0.09942069793212191,-0.0749999999999984,-0.5765891342118104,0.9931790046631934,-0.002569997044840495,-0.0749999999999984,-0.5765891342118104
2.3071071049800045,132.1875,0.0021000000000000007,0.38576394283016,-0.09932785491748931,-0.0749999999999984,-0.5539983712293728,0.9923405133724078,-0.0027045993781338326,-0.0749999999999984,-0.5539983712293728
2.405281875404685,137.8125,0.0021000000000000007,0.3855106846257558,-0.09924941677039077,-0.0749999999999984,-0.5411617840751144,0.99180466661779,-0.0027829485262251224,-0.0749999999999984,-0.5411617840751144
2.5034566458293663,143.4375,0.0021000000000000007,0.3853976348581433,-0.09920241900535468,-0.0749999999999984,-0.5301084086495208,0.9913091543428089,-0.0027914716811946005,-0.0749999999999984,-0.5301084086495208
2.6016314162540475,149.0625,0.0021000000000000007,0.3853403734254729,-0.09920141185965632,-0.0749999999999984,-0.515121748350771,0.9905382637049996,-0.0024866339605498613,-0.0749999999999984,-0.515121748350771
2.699806186678728,154.68749999999997,0.0021000000000000007,0.3853964207078477,-0.09922551798310027,-0.0749999999999984,-0.5006947841223878,0.9897112867968114,-0.002051948547631457,-0.0749999999999984,-0.5006947841223878
2.7979809571034093,160.3125,0.0021000000000000007,0.38547789833054846,-0.09929434008927542,-0.0749999999999984,-0.4801143917050003,0.9884039785302732,-0.0012212328171941913,-0.0749999999999984,-0.4801143917050003
2.8961557275280905,165.9375,0.0021000000000000007,0.38564336422412376,-0.09944867959435283,-0.0749999999999984,-0.44979705527508923,0.9862009764204778,0.00045762988996901844,-0.0749999999999984,-0.44979705527508923
2.9943304979527716,171.5625,0.0021000000000000007,0.3857420609776736,-0.09953741994853117,-0.0749999999999984,-0.43114776824950896,0.9846943104887704,0.0015766356697976432,-0.0749999999999984,-0.43114776824950896
3.0925052683774528,177.1875,0.0021000000000000007,0.38586089023762443,-0.09957103001016059,-0.0799999999999983,-0.4202267621813928,0.983644586418103,0.002247167819022597,-0.0799999999999983,-0.4202267621813928
-3.0925052683774528,-177.1875,0.002700000000000001,0.38618324850545127,-0.09976492948950463,-0.0799999999999983,-0.39293124677911573,0.9804852655377161,0.0047687781725828235,-0.0799999999999983,-0.39293124677911573
-2.994330497952771,-171.56249999999997,0.002700000000000001,0.38625825033635597,-0.09981978569709328,-0.0799999999999983,-0.3822170339233433,0.9792463629387854,0.005796315065638427,-0.0799999999999983,-0.3822170339233433
-2.8961557275280905,-165.9375,0.002700000000000001,0.3864355904304383,-0.09988600722248556,-0.0799999999999983,-0.368241358936656,0.9775277479573113,0.006905350559329575,-0.0799999999999983,-0.368241358936656
-2.7979809571034098,-160.31250000000003,0.002700000000000001,0.3867604331724267,-0.10005006517309449,-0.08499999999999819,-0.3455871869504683,0.9739382191956728,0.009518676714002725,-0.08499999999999819,-0.3455871869504683
-2.699806186678728,-154.68749999999997,0.002700000000000001,0.3871084125460178,-0.10017918929852646,-0.08499999999999819,-0.3269687304091077,0.9707159246972965,0.011639103985649778,-0.08499999999999819,-0.3269687304091077
-2.6016314162540475,-149.0625,0.002700000000000001,0.38738856471737737,-0.10028274358336262,0.06499999999999861,-0.31360602176856617,0.9679829224783265,0.013281554022295725,0.06499999999999861,-0.31360602176856617
-2.5034566458293668,-143.43750000000003,0.002700000000000001,0.3877362571431687,-0.10040070711468486,-0.08999999999999808,-0.2988283849663478,0.9646666423591336,0.014947690424481654,-0.08999999999999808,-0.2988283849663478
-2.405281875404685,-137.8125,0.002700000000000001,0.3880721268374944,-0.10049909664078771,-0.08999999999999808,-0.28555955466113103,0.9611922589225943,0.015990924759443234,-0.08999999999999808,-0.28555955466113103
-2.3071071049800045,-132.1875,0.002700000000000001,0.38848311099468813,-0.10062702350404379,0.05999999999999872,-0.26915400387277744,0.9560838660447705,0.01718222551642334,0.05999999999999872,-0.26915400387277744
-2.208932334555323,-126.56249999999997,0.002700000000000001,0.3891085355017499,-0.10084690387184297,0.05999999999999872,-0.24357028055585928,0.9466310560748444,0.019810378622573815,0.05999999999999872,-0.24357028055585928
-2.110757564130642,-120.9375,0.002700000000000001,0.3896395375053649,-0.10106129050317807,0.05499999999999883,-0.22212762780212722,0.9365707331311925,0.02256755164643402,0.05499999999999883,-0.22212762780212722
-2.0125827937059615,-115.31250000000001,0.002700000000000001,0.39033246503885716,-0.10131441259400975,0.05499999999999883,-0.1970310755032506,0.922012407600898,0.026219850448933324,0.05499999999999883,-0.1970310755032506
-1.9144080232812801,-109.6875,0.002700000000000001,0.39118037532797795,-0.10160769080444565,0.049999999999998934,-0.16520428650240657,0.8947770540921652,0.03102728985772298,0.049999999999998934,-0.16520428650240657
-1.8162332528565992,-104.0625,0.002700000000000001,0.3920940286688547,-0.10189967461383327,0.9499999999999797,-0.1403959475286352,0.8468943694747454,0.03701550519538204,0.9499999999999797,-0.1403959475286352
-1.718058482431918,-98.4375,0.002700000000000001,0.3941548487719018,-0.10256769724235773,0.9349999999999801,-0.14270349337038987,0.8244900452231919,0.05830678117166505,0.9349999999999801,-0.14270349337038987
-1.6198837120072371,-92.8125,0.002700000000000001,0.39724698274095005,-0.1035372198051939,0.609999999999987,-0.23108362704071403,0.9422932145116018,-0.07590005405803087,0.609999999999987,-0.23108362704071403
-1.521708941582556,-87.1875,0.002700000000000001,0.4000415189566154,-0.1045445551524674,0.2949999999999937,-0.3394662080260858,0.9765881292975802,-0.06810527402875097,0.2949999999999937,-0.3394662080260858
-1.423534171157875,-81.5625,0.002700000000000001,0.40330713086575537,-0.1059352564429117,0.2899999999999938,-0.4752551138403331,0.9893743097413304,-0.06249131527648002,0.2899999999999938,-0.4752551138403331
-1.325359400733194,-75.9375,0.002700000000000001,0.4078556359983415,-0.10806320322869668,0.13499999999999712,-0.6232961096574922,0.9946173282990028,-0.05870451198487631,0.13499999999999712,-0.6232961096574922
-1.227184630308513,-70.3125,0.002700000000000001,0.41077303526437275,-0.10990996373437593,-0.019999999999999574,-0.6745708095558517,0.9951898704844256,-0.05709401958703426,-0.019999999999999574,-0.6745708095558517
-1.1290098598838318,-64.6875,0.002700000000000001,0.41821890858091243,-0.11227448326047829,0.05499999999999883,0.7026929591745672,0.994557317890761,-0.05511471130002868,0.05499999999999883,0.7026929591745672
-1.030835089459151,-59.0625,0.002700000000000001,0.4576552207530337,-0.11430278573279196,0.049999999999998934,0.7253143850359164,0.9909101389756655,-0.048932395627196784,0.049999999999998934,0.7253143850359164
-0.93266031903447,-53.43750000000001,0.002700000000000001,0.6199530325099228,-0.10458717324855783,0.02999999999999936,0.6526292404057767,0.9743289629113666,-0.029873318875563798,0.02999999999999936,0.6526292404057767
-0.8344855486097889,-47.8125,0.002700000000000001,0.7707358820813188,-0.08826189164723207,0.01499999999999968,0.6614547532679849,0.9829597664001102,-0.013302135071732134,0.01499999999999968,0.6614547532679849
-0.7363107781851077,-42.1875,0.002700000000000001,0.8195457692110792,-0.07712907701515523,0.01499999999999968,0.5696504161630344,0.9918108867703825,-0.016982035318080412,0.01499999999999968,0.5696504161630344
-0.6381360077604266,-36.56249999999999,0.002700000000000001,0.8358493554014044,-0.06996025752193111,0.02999999999999936,0.4523229340111351,0.9987375748753553,-0.030328047191062274,0.02999999999999936,0.4523229340111351
-0.5399612373357456,-30.937499999999996,0.002700000000000001,0.8372039941601084,-0.061873407793159224,0.049999999999998934,0.4633196375927347,0.995400752134786,-0.051815769879291776,0.049999999999998934,0.4633196375927347
-0.4417864669110647,-25.312500000000004,0.002700000000000001,0.8206820002102359,-0.054204724582834735,0.06499999999999861,0.5652279840192685,0.9884919104789207,-0.06438244525463763,0.06499999999999861,0.5652279840192685
-0.34361169648638357,-19.687499999999996,0.002700000000000001,0.787344719165477,-0.04546027594478379,0.0749999999999984,0.6426104914192319,0.9852668323938081,-0.07238794083324228,0.0749999999999984,0.6426104914192319
-0.24543692606170264,-14.062500000000004,0.002700000000000001,0.7566619771861035,-0.03826689916972235,0.0799999999999983,0.6641471887599629,0.9844868956599616,0.07525388860081288,0.0799999999999983,0.6641471887599629
-0.14726215563702172,-8.437500000000009,0.002700000000000001,0.7434253752530032,-0.03490081659487023,0.0799999999999983,0.6495697102463822,0.9848836083092873,0.07274955867267253,0.0799999999999983,0.6495697102463822
-0.04908738521234057,-2.812500000000003,0.002700000000000001,0.7355086176879726,-0.033302918217234044,0.08499999999999819,0.6052530459537052,0.9867330530349459,0.06963213451937911,0.08499999999999819,0.6052530459537052
0.04908738521234057,2.812500000000003,0.002700000000000001,0.7305231762846952,-0.03416896182484696,0.08999999999999808,0.5126539967618007,0.9895374220669095,0.06487980833044064,0.08999999999999808,0.5126539967618007
0.14726215563702172,8.437500000000009,0.002700000000000001,0.7203906485399966,-0.03769557096991218,0.09499999999999797,0.3816690110354871,0.989011516002313,0.05760887053007484,0.09499999999999797,0.3816690110354871
0.24543692606170264,14.062500000000004,0.002700000000000001,0.703512609901557,-0.04213223859124553,0.10499999999999776,0.28808331296603107,0.9807231875823885,0.0462775969621424,0.10499999999999776,0.28808331296603107
0.34361169648638357,19.687499999999996,0.002700000000000001,0.6618902333066577,-0.0510825806417474,0.12499999999999734,0.3540670228956231,0.9845383633403837,0.027875415431847003,0.12499999999999734,0.3540670228956231
0.4417864669110647,25.312500000000004,0.002700000000000001,0.6120658742082693,-0.06291103863505385,0.12499999999999734,0.5389897583678478,0.9958796418176847,0.026499361892774093,0.12499999999999734,0.5389897583678478
0.5399612373357456,30.937499999999996,0.002700000000000001,0.5886029515923097,-0.07419468824616483,0.12499999999999734,0.6903008122795642,0.9993038742020697,0.0301461417544208,0.12499999999999734,0.6903008122795642
0.6381360077604266,36.56249999999999,0.002700000000000001,0.5884522124609257,-0.08823632537000214,0.11999999999999744,0.8221532338001275,0.9985608253748708,0.03377965634516052,0.11999999999999744,0.8221532338001275
0.7363107781851077,42.1875,0.002700000000000001,0.5741663528114597,-0.1023678206569908,0.11999999999999744,0.8870903286542037,0.9960168935364858,0.03296003060935705,0.11999999999999744,0.8870903286542037
0.8344855486097886,47.81249999999999,0.002700000000000001,0.4969170685554582,-0.1161422419673952,-0.024999999999999467,0.9170226088231388,0.9956757983286458,0.02470834006415395,-0.024999999999999467,0.9170226088231388
0.9326603190344698,53.4375,0.002700000000000001,0.4412273346868889,-0.11994714023779544,-0.019999999999999574,0.9278702491595324,0.9982216921077949,0.018104255969875624,-0.019999999999999574,0.9278702491595324
1.030835089459151,59.0625,0.002700000000000001,0.4213145794819743,-0.11695587760062096,-0.01499999999999968,0.9203329154822119,0.9989668137174998,0.014077000811026717,-0.01499999999999968,0.9203329154822119
1.1290098598838316,64.68749999999999,0.002700000000000001,0.41370006171327645,-0.11268131274879964,-0.009999999999999787,0.8999997228060365,0.9989315462112662,0.010776479945022606,-0.009999999999999787,0.8999997228060365
1.2271846303085128,70.31249999999999,0.002700000000000001,0.4092773766963292,-0.11012194853367967,-0.009999999999999787,0.8863044125418199,0.9987826076020282,0.009546527186282043,-0.009999999999999787,0.8863044125418199
1.325359400733194,75.9375,0.002700000000000001,0.40561246092606956,-0.10810846783496351,-0.009999999999999787,0.8693208766463926,0.9985909362852277,0.008540161741278845,-0.009999999999999787,0.8693208766463926
1.423534171157875,81.5625,0.002700000000000001,0.39992934020350895,-0.1053674091205134,-0.004999999999999893,0.8295737403267898,0.9981430115440438,0.005979538526894049,-0.004999999999999893,0.8295737403267898
1.5217089415825562,87.18750000000001,0.002700000000000001,0.3962203448799387,-0.10368261539589682,-0.004999999999999893,0.7961685568193746,0.9977672536214915,0.0039846431349039365,-0.004999999999999893,0.7961685568193746
1.619883712007237,92.81249999999999,0.002700000000000001,0.393122462568198,-0.10229564727925963,0.0,0.758379674381868,0.9972842601195934,0.00214174391196777,0.0,0.758379674381868
1.718058482431918,98.4375,0.002700000000000001,0.3900520445202199,-0.10103646136195969,0.0,0.7010101309181755,0.9963542309224879,0.0001445195989833056,0.0,0.7010101309181755
1.8162332528565992,104.0625,0.002700000000000001,0.3883619329147899,-0.10035279215666369,-0.0749999999999984,-0.660246021164311,0.9955385877242479,-0.001146266172847332,-0.0749999999999984,-0.660246021164311
1.9144080232812803,109.68750000000001,0.002700000000000001,0.38753053498879464,-0.09999880047949922,-0.0749999999999984,-0.6406747744217428,0.9951032004698982,-0.001951131497094743,-0.0749999999999984,-0.6406747744217428
2.0125827937059615,115.31250000000001,0.002700000000000001,0.3868460801823737,-0.09974726424893243,-0.0749999999999984,-0.618730261062998,0.9945471680691497,-0.002442838454644996,-0.0749999999999984,-0.618730261062998
2.110757564130642,120.9375,0.002700000000000001,0.3864222838087505,-0.09963643868564395,-0.0749999999999984,-0.59948118346113,0.9939706495789107,-0.0024180244460987855,-0.0749999999999984,-0.59948118346113
2.2089323345553233,126.5625,0.002700000000000001,0.3860001333625485,-0.09949007480713488,-0.0749999999999984,-0.5799970298626883,0.9933448680106242,-0.0026417891479234143,-0.0749999999999984,-0.5799970298626883
2.3071071049800045,132.1875,0.002700000000000001,0.3856787632102441,-0.09938354339447533,-0.0749999999999984,-0.557035092444713,0.9924965692267326,-0.002736274083408124,-0.0749999999999984,-0.557035092444713
2.405281875404685,137.8125,0.002700000000000001,0.3854626985988613,-0.09930486674083677,-0.0749999999999984,-0.5427718983621675,0.9919069901711031,-0.002778580068614997,-0.0749999999999984,-0.5427718983621675
2.5034566458293663,143.4375,0.002700000000000001,0.3853532930056812,-0.099257753675286,-0.0749999999999984,-0.5305946179564063,0.9913531484758997,-0.00274056714257205,-0.0749999999999984,-0.5305946179564063
2.6016314162540475,149.0625,0.002700000000000001,0.38530786418811164,-0.0992524507004004,-0.0749999999999984,-0.5146829778900849,0.990534433379898,-0.00241294627962073,-0.0749999999999984,-0.5146829778900849
2.699806186678728,154.68749999999997,0.002700000000000001,0.3853355283932945,-0.09927126502180258,-0.0749999999999984,-0.499616558210635,0.989672272127907,-0.001990526922752809,-0.0749999999999984,-0.499616558210635
2.7979809571034093,160.3125,0.002700000000000001,0.3854643588316243,-0.09932566173449908,-0.0749999999999984,-0.4787951069898986,0.9883485307115323,-0.0012733249554231366,-0.0749999999999984,-0.4787951069898986
2.8961557275280905,165.9375,0.002700000000000001,0.38565556825133185,-0.09943248697022564,-0.0749999999999984,-0.45199424560999635,0.9863826708819671,-7.522952700492426e-05,-0.0749999999999984,-0.45199424560999635
2.9943304979527716,171.5625,0.002700000000000001,0.385793483184208,-0.0994792765019236,-0.0749999999999984,-0.4374930207838021,0.9851803731121442,0.0005578823722992313,-0.0749999999999984,-0.4374930207838021
3.0925052683774528,177.1875,0.002700000000000001,0.385979070089642,-0.09954485965363627,-0.0749999999999984,-0.4208348755174903,0.9837079545975237,0.0016609986577385105,-0.0749999999999984,-0.4208348755174903
-3.0925052683774528,-177.1875,0.003300000000000001,0.386226737594848,-0.0997931171822007,-0.0799999999999983,-0.393119228169396,0.9805072866080689,0.004574240385483777,-0.0799999999999983,-0.393119228169396
-2.994330497952771,-171.56249999999997,0.003300000000000001,0.38626728716548,-0.09990072007999672,-0.0799999999999983,-0.37757084302470345,0.9787202823054284,0.0064418958828087935,-0.0799999999999983,-0.37757084302470345
-2.8961557275280905,-165.9375,0.003300000000000001,0.38640734463971693,-0.0999241316598668,-0.0799999999999983,-0.36831713366992114,0.9775519194502801,0.006962075668088614,-0.0799999999999983,-0.36831713366992114
-2.7979809571034098,-160.31250000000003,0.003300000000000001,0.3867573918405125,-0.1000816793913377,-0.08499999999999819,-0.345322938314763,0.9738741600923037,0.009484940473588582,-0.08499999999999819,-0.345322938314763
-2.699806186678728,-154.68749999999997,0.003300000000000001,0.38710309109887187,-0.10022039424168402,-0.08499999999999819,-0.32511440050560125,0.9703462720847734,0.011766451595780044,-0.08499999999999819,-0.32511440050560125
-2.6016314162540475,-149.0625,0.003300000000000001,0.3874115407091755,-0.1003331262396971,0.06499999999999861,-0.3107770630222029,0.9673348592009625,0.013560991764895726,0.06499999999999861,-0.3107770630222029
-2.5034566458293668,-143.43750000000003,0.003300000000000001,0.387751176670709,-0.10046164530381195,-0.08999999999999808,-0.29501610137120915,0.9636798164146262,0.01543145617225413,-0.08999999999999808,-0.29501610137120915
-2.405281875404685,-137.8125,0.003300000000000001,0.38808208665685756,-0.10056911392576708,0.05999999999999872,-0.2812436326321377,0.9599186752594387,0.016650665410396434,0.05999999999999872,-0.2812436326321377
-2.3071071049800045,-132.1875,0.003300000000000001,0.38850377731047053,-0.10070829387877211,0.05999999999999872,-0.2648997520229439,0.9545677180237941,0.018041507178888208,0.05999999999999872,-0.2648997520229439
-2.208932334555323,-126.56249999999997,0.003300000000000001,0.3890251930697524,-0.10093351446300522,0.05499999999999883,-0.24175197865925363,0.9463226405161099,0.021107717514964645,0.05499999999999883,-0.24175197865925363
-2.110757564130642,-120.9375,0.003300000000000001,0.38964113542339407,-0.10118681318067184,0.05499999999999883,-0.21988472023858255,0.9357838879150888,0.02467898026489716,0.05499999999999883,-0.21988472023858255
-2.0125827937059615,-115.31250000000001,0.003300000000000001,0.39036978917254567,-0.10148071028662733,0.049999999999998934,-0.19534238354750133,0.9214337669633333,0.029412713104642257,0.049999999999998934,-0.19534238354750133
-1.9144080232812801,-109.6875,0.003300000000000001,0.3912233529383369,-0.10180014136805188,0.04499999999999904,-0.16932900730097855,0.9018326948373976,0.035168781841652876,0.04499999999999904,-0.16932900730097855
-1.8162332528565992,-104.0625,0.003300000000000001,0.39206271845801954,-0.1021061877925503,0.9449999999999799,-0.1626028575847292,0.8841188995485078,0.04170836468597366,0.9449999999999799,-0.1626028575847292
-1.718058482431918,-98.4375,0.003300000000000001,0.3955453510779856,-0.10321934923518938,0.7749999999999835,-0.22487990157500978,0.9422629999492873,0.06333711065208232,0.7749999999999835,-0.22487990157500978
-1.6198837120072371,-92.8125,0.003300000000000001,0.4004405113390943,-0.1046529062908065,0.4549999999999903,-0.35859513182138836,0.9798583421542865,-0.07436088839426548,0.4549999999999903,-0.35859513182138836
-1.521708941582556,-87.1875,0.003300000000000001,0.40191226132998736,-0.10532602454352596,0.2949999999999937,-0.41263727383200355,0.9849672945479993,-0.0679774276308524,0.2949999999999937,-0.41263727383200355
-1.423534171157875,-81.5625,0.003300000000000001,0.4057316317444868,-0.10680552225479462,-0.01499999999999968,-0.5435331994254391,0.9922426465714981,-0.061748846746383666,-0.01499999999999968,-0.5435331994254391
-1.325359400733194,-75.9375,0.003300000000000001,0.4108758477071268,-0.10914291302097227,-0.019999999999999574,-0.6721921545378499,0.9954572242269839,-0.058350675760211974,-0.019999999999999574,-0.6721921545378499
-1.227184630308513,-70.3125,0.003300000000000001,0.4136752864556516,-0.11095975349532113,-0.019999999999999574,-0.7052284253933835,0.9954869660653901,-0.057034012119435734,-0.019999999999999574,-0.7052284253933835
-1.1290098598838318,-64.6875,0.003300000000000001,0.42184655641630364,-0.11343017167365212,0.05499999999999883,0.7373546424611357,0.9949638354787496,-0.05516250058899908,0.05499999999999883,0.7373546424611357
-1.030835089459151,-59.0625,0.003300000000000001,0.4593070497763009,-0.11557633201002293,0.049999999999998934,0.7668778719557844,0.9922616642699573,-0.05007411952584275,0.049999999999998934,0.7668778719557844
-0.93266031903447,-53.43750000000001,0.003300000000000001,0.610396650213996,-0.10631868665141855,0.034999999999999254,0.6912639614105789,0.9784629678522536,-0.03390689682301765,0.034999999999999254,0.6912639614105789
-0.8344855486097889,-47.8125,0.003300000000000001,0.767359228409748,-0.08942384559478393,0.01499999999999968,0.679869581409718,0.9828162456385455,-0.015728547726963867,0.01499999999999968,0.679869581409718
-0.7363107781851077,-42.1875,0.003300000000000001,0.8139362071129934,-0.07822720055758942,0.01499999999999968,0.5992159626848564,0.9917108067246466,-0.01794620846871637,0.01499999999999968,0.5992159626848564
-0.6381360077604266,-36.56249999999999,0.003300000000000001,0.8247288962395213,-0.07148389718962092,0.02999999999999936,0.4924839002494585,0.9981162797321356,-0.02988184041810764,0.02999999999999936,0.4924839002494585
-0.5399612373357456,-30.937499999999996,0.003300000000000001,0.8214011853779006,-0.0640373026315152,0.049999999999998934,0.48819749203979307,0.9974544093736303,-0.04980165550629966,0.049999999999998934,0.48819749203979307
-0.4417864669110647,-25.312500000000004,0.003300000000000001,0.8024839473604494,-0.056873553861414385,0.06499999999999861,0.5725738186704126,0.9914093855786292,-0.06268668122152865,0.06499999999999861,0.5725738186704126
-0.34361169648638357,-19.687499999999996,0.003300000000000001,0.7655808979936085,-0.04832658259616566,0.06999999999999851,0.6480268353886247,0.9876244371724854,-0.07135211915622262,0.06999999999999851,0.6480268353886247
-0.24543692606170264,-14.062500000000004,0.003300000000000001,0.7286024163834368,-0.040691959376411686,0.0749999999999984,0.666079551252238,0.985565011833987,0.07619957664240498,0.0749999999999984,0.666079551252238
-0.14726215563702172,-8.437500000000009,0.003300000000000001,0.7121638922883853,-0.0368218222122394,0.0799999999999983,0.648353757397745,0.9852885235157981,0.07377661261119432,0.0799999999999983,0.648353757397745
-0.04908738521234057,-2.812500000000003,0.003300000000000001,0.6986861261206518,-0.034464531798655364,0.08499999999999819,0.597125534102587,0.9877007136551266,0.0691795280750948,0.08499999999999819,0.597125534102587
0.04908738521234057,2.812500000000003,0.003300000000000001,0.6903361189888896,-0.034938247097062454,0.08999999999999808,0.4935073541806917,0.9900553866380664,0.06377507818562762,0.08999999999999808,0.4935073541806917
0.14726215563702172,8.437500000000009,0.003300000000000001,0.6814140525764709,-0.037426436645128874,0.09499999999999797,0.3703603142652606,0.9888914669313634,0.05743927205492995,0.09499999999999797,0.3703603142652606
0.24543692606170264,14.062500000000004,0.003300000000000001,0.6668878075401643,-0.041241428884216474,0.10999999999999766,0.25853745838059866,0.9763747941367589,0.042837118726435246,0.10999999999999766,0.25853745838059866
0.34361169648638357,19.687499999999996,0.003300000000000001,0.6323476667309916,-0.04984558415630226,0.12999999999999723,0.3726266024586899,0.9845700514394553,0.02559613852101627,0.12999999999999723,0.3726266024586899
0.4417864669110647,25.312500000000004,0.003300000000000001,0.5900378058139574,-0.06114973296961238,-0.024999999999999467,0.5596341140092348,0.9952225971339839,0.024774614906193763,-0.024999999999999467,0.5596341140092348
0.5399612373357456,30.937499999999996,0.003300000000000001,0.5693963843083151,-0.07204140495664432,0.12499999999999734,0.7011778744433708,0.9991202065873233,0.0285978372308352,0.12499999999999734,0.7011778744433708
0.6381360077604266,36.56249999999999,0.003300000000000001,0.5701873341687477,-0.08595457271911035,0.11999999999999744,0.8212183970213055,0.9989509777086742,0.03279127866525896,0.11999999999999744,0.8212183970213055
0.7363107781851077,42.1875,0.003300000000000001,0.5632609262741461,-0.10058378165301371,0.11999999999999744,0.8822593874461243,0.9963345447535468,0.03294804704471075,0.11999999999999744,0.8822593874461243
0.8344855486097886,47.81249999999999,0.003300000000000001,0.49542334872170946,-0.11587620867951078,-0.024999999999999467,0.9108550080985516,0.9949403699862881,0.025064884229451932,-0.024999999999999467,0.9108550080985516
0.9326603190344698,53.4375,0.003300000000000001,0.4409385097003558,-0.12082144243599564,-0.01499999999999968,0.9255052941541827,0.9979156907036623,0.01755480876567099,-0.01499999999999968,0.9255052941541827
1.030835089459151,59.0625,0.003300000000000001,0.4217445052311563,-0.11842095228149642,-0.01499999999999968,0.9228230884191484,0.9989772823079729,0.0136587591436147,-0.01499999999999968,0.9228230884191484
1.1290098598838316,64.68749999999999,0.003300000000000001,0.4145190409769394,-0.11416044858671834,-0.009999999999999787,0.9061181835670185,0.9990492038994508,0.010711371793972753,-0.009999999999999787,0.9061181835670185
1.2271846303085128,70.31249999999999,0.003300000000000001,0.40990358727577575,-0.11141176846200765,-0.009999999999999787,0.8927953166848566,0.9989369986655448,0.009485487307717208,-0.009999999999999787,0.8927953166848566
1.325359400733194,75.9375,0.003300000000000001,0.4063356794397078,-0.10935391188002425,-0.009999999999999787,0.8809730089080722,0.9987912825799435,0.008706899075700355,-0.009999999999999787,0.8809730089080722
1.423534171157875,81.5625,0.003300000000000001,0.4007143467974876,-0.106373305262138,-0.004999999999999893,0.8476027962725142,0.9984194324029244,0.006483798521873746,-0.004999999999999893,0.8476027962725142
1.5217089415825562,87.18750000000001,0.003300000000000001,0.3965712764352707,-0.10437864091218785,-0.004999999999999893,0.8139105057522629,0.998060344882269,0.0041830607912465125,-0.004999999999999893,0.8139105057522629
1.619883712007237,92.81249999999999,0.003300000000000001,0.39389830004367027,-0.10300365574600454,0.0,0.8008526760921948,0.9979338025471259,0.0023332395445890995,0.0,0.8008526760921948
1.718058482431918,98.4375,0.003300000000000001,0.38975585468428064,-0.1011225944484371,0.0,0.7375293001214437,0.9970918602601992,-0.0007388948779575399,0.0,0.7375293001214437
1.8162332528565992,104.0625,0.003300000000000001,0.38795045895362934,-0.10042307224878155,-0.0749999999999984,-0.6712337030272882,0.9958776744353527,-0.0016511761760352225,-0.0749999999999984,-0.6712337030272882
1.9144080232812803,109.68750000000001,0.003300000000000001,0.3872705142650094,-0.1001056592446497,-0.0749999999999984,-0.6522647927799013,0.9954720470710123,-0.002249427356019843,-0.0749999999999984,-0.6522647927799013
2.0125827937059615,115.31250000000001,0.003300000000000001,0.3866600342290705,-0.0998177208342963,-0.0749999999999984,-0.6284768626493759,0.9948972736894761,-0.002753564157840384,-0.0749999999999984,-0.6284768626493759
2.110757564130642,120.9375,0.003300000000000001,0.3862089608762377,-0.09965074483691384,-0.0749999999999984,-0.604886197277235,0.9942263103357573,-0.0028797967489610447,-0.0749999999999984,-0.604886197277235
2.2089323345553233,126.5625,0.003300000000000001,0.3858523002324473,-0.0995287272436336,-0.0749999999999984,-0.5841403352387048,0.9935566618448197,-0.0029206853284466663,-0.0749999999999984,-0.5841403352387048
2.3071071049800045,132.1875,0.003300000000000001,0.38559032403019516,-0.0994419505649694,-0.0749999999999984,-0.5618365542959852,0.9927383530046603,-0.00286552985784206,-0.0749999999999984,-0.5618365542959852
2.405281875404685,137.8125,0.003300000000000001,0.38538483975213156,-0.09935973983445792,-0.0749999999999984,-0.5470954742252269,0.9921391309146217,-0.0028880926672028196,-0.0749999999999984,-0.5470954742252269
2.5034566458293663,143.4375,0.003300000000000001,0.38529425349793023,-0.09930942350410277,-0.0749999999999984,-0.5341126960357353,0.9915580399877261,-0.0028245086852287014,-0.0749999999999984,-0.5341126960357353
2.6016314162540475,149.0625,0.003300000000000001,0.38524794758012976,-0.0993032877586823,-0.0749999999999984,-0.5169647614778152,0.9906858228999795,-0.0024650826952218523,-0.0749999999999984,-0.5169647614778152
2.699806186678728,154.68749999999997,0.003300000000000001,0.385306904721934,-0.09932100979654057,-0.0749999999999984,-0.50068010037594,0.9897626148105572,-0.002014294317290783,-0.0749999999999984,-0.50068010037594
2.7979809571034093,160.3125,0.003300000000000001,0.3854510466455531,-0.09937673076479321,-0.0749999999999984,-0.47805636729770024,0.9883294472836348,-0.0012689461220460007,-0.0749999999999984,-0.47805636729770024
2.8961557275280905,165.9375,0.003300000000000001,0.3856724096594776,-0.09947010027412556,-0.0749999999999984,-0.45093770113298454,0.9863288359686919,-0.00021411854316823515,-0.0749999999999984,-0.45093770113298454
2.9943304979527716,171.5625,0.003300000000000001,0.38578739145217844,-0.09945765241378834,-0.0749999999999984,-0.44291204388224453,0.9856470235007895,-0.00015781343672730314,-0.0749999999999984,-0.44291204388224453
3.0925052683774528,177.1875,0.003300000000000001,0.3859191329442498,-0.09943147411254324,-0.0749999999999984,-0.4399393577205914,0.9853565343905965,-6.207385322844697e-05,-0.0749999999999984,-0.4399393577205914
-3.0925052683774528,-177.1875,0.0039000000000000007,0.3865492588842561,-0.10013772048848853,-0.08499999999999819,-0.35928082566250846,0.9760875179266052,0.00849539974573409,-0.08499999999999819,-0.35928082566250846
-2.994330497952771,-171.56249999999997,0.0039000000000000007,0.38648583227020833,-0.10021355301204686,-0.08499999999999819,-0.35097825389577275,0.9748787543042836,0.010235100796052402,-0.08499999999999819,-0.35097825389577275
-2.8961557275280905,-165.9375,0.0039000000000000007,0.386333010662989,-0.09993056084497899,-0.0799999999999983,-0.3721361862146077,0.9780228165295813,0.006328106750742306,-0.0799999999999983,-0.3721361862146077
-2.7979809571034098,-160.31250000000003,0.0039000000000000007,0.38685891026864044,-0.1002238890634524,-0.08499999999999819,-0.3345497363684139,0.9720090802642743,0.010902920759057152,-0.08499999999999819,-0.3345497363684139
-2.699806186678728,-154.68749999999997,0.0039000000000000007,0.38723546549737975,-0.10039435599293287,0.06499999999999861,-0.31449432838676383,0.968167746597318,0.01393316202355044,0.06499999999999861,-0.31449432838676383
-2.6016314162540475,-149.0625,0.0039000000000000007,0.3875533024165466,-0.10054805980060667,0.05999999999999872,-0.3001903883767288,0.965071439869207,0.016604321415902446,0.05999999999999872,-0.3001903883767288
-2.5034566458293668,-143.43750000000003,0.0039000000000000007,0.38793279639226,-0.10070362615825788,0.05999999999999872,-0.2867044988149363,0.96172347595615,0.01921288506000629,0.05999999999999872,-0.2867044988149363
-2.405281875404685,-137.8125,0.0039000000000000007,0.38818861888916034,-0.10081455691681944,0.05499999999999883,-0.2760422542400175,0.9590956426262942,0.020661264907682143,0.05499999999999883,-0.2760422542400175
-2.3071071049800045,-132.1875,0.0039000000000000007,0.3885394068145969,-0.10095423567987277,0.05499999999999883,-0.2631403527248939,0.954694602505304,0.022622787513157515,0.05499999999999883,-0.2631403527248939
-2.208932334555323,-126.56249999999997,0.0039000000000000007,0.3891796220587582,-0.10122732213844855,0.049999999999998934,-0.2467245867971728,0.9495068940259747,0.027092817617842026,0.049999999999998934,-0.2467245867971728
-2.110757564130642,-120.9375,0.0039000000000000007,0.39035251592394565,-0.10173142361829535,0.03999999999999915,-0.23697840983765578,0.9479954814977972,0.0357575370108379,0.03999999999999915,-0.23697840983765578
-2.0125827937059615,-115.31250000000001,0.0039000000000000007,0.39099397307218575,-0.10197307265186076,0.03999999999999915,-0.2252468691855107,0.9433943158653522,0.03944276535773734,0.03999999999999915,-0.2252468691855107
-1.9144080232812801,-109.6875,0.0039000000000000007,0.3920398022545055,-0.10234975525628096,0.9449999999999799,-0.22025341081545602,0.9407675526356631,0.045526787517215,0.9449999999999799,-0.22025341081545602
-1.8162332528565992,-104.0625,0.0039000000000000007,0.3927887116320892,-0.10264186261842917,0.93999999999998,-0.21528301298219765,0.9358027354488184,0.05033643871432055,0.93999999999998,-0.21528301298219765
-1.718058482431918,-98.4375,0.0039000000000000007,0.3953690072105245,-0.10361072408067251,0.7749999999999835,-0.2614971185790504,0.9590921732643128,0.062865780585989,0.7749999999999835,-0.2614971185790504
-1.6198837120072371,-92.8125,0.0039000000000000007,0.39865141806330623,-0.10470262739204482,0.609999999999987,-0.3287500932402911,0.974368545857182,0.07593729666485932,0.609999999999987,-0.3287500932402911
-1.521708941582556,-87.1875,0.0039000000000000007,0.40163625058342667,-0.10554433649615409,0.2949999999999937,-0.4111148026499511,0.9842139616243653,-0.06654357114140888,0.2949999999999937,-0.4111148026499511
-1.423534171157875,-81.5625,0.0039000000000000007,0.40732451708664785,-0.10748131525123317,0.13499999999999712,-0.5813951786099048,0.9931972675443628,-0.05992826112734937,0.13499999999999712,-0.5813951786099048
-1.325359400733194,-75.9375,0.0039000000000000007,0.4125024376623109,-0.109520776334456,-0.019999999999999574,-0.6959998718949455,0.9957616024502272,-0.05672415326346333,-0.019999999999999574,-0.6959998718949455
-1.227184630308513,-70.3125,0.0039000000000000007,0.41851317340267197,-0.11155462664810774,-0.019999999999999574,-0.762089325246228,0.9966058511647572,-0.054932344675478036,-0.019999999999999574,-0.762089325246228
-1.1290098598838318,-64.6875,0.0039000000000000007,0.4314392551001521,-0.1146243417861627,0.05499999999999883,0.8275870400598142,0.9970220679275401,-0.05321185293251742,0.05499999999999883,0.8275870400598142
-1.030835089459151,-59.0625,0.0039000000000000007,0.4691590712098788,-0.11743442087485495,0.049999999999998934,0.8677982880392474,0.99603212233998,-0.050475411509114575,0.049999999999998934,0.8677982880392474
-0.93266031903447,-53.43750000000001,0.0039000000000000007,0.6081794950799998,-0.1097781788782174,0.03999999999999915,0.8260326027805733,0.9896420807526846,-0.04069255275568536,0.03999999999999915,0.8260326027805733
-0.8344855486097889,-47.8125,0.0039000000000000007,0.7701088113274954,-0.09185793807765436,0.019999999999999574,0.7092050867647686,0.9830742983653492,-0.02265895326673894,0.019999999999999574,0.7092050867647686
-0.7363107781851077,-42.1875,0.0039000000000000007,0.8081263099296457,-0.0796992476713967,0.019999999999999574,0.6320367256231101,0.9909240706924065,-0.020507732515980398,0.019999999999999574,0.6320367256231101
-0.6381360077604266,-36.56249999999999,0.0039000000000000007,0.8125796202708143,-0.0732199636763012,0.02999999999999936,0.5389427498028253,0.9969825459433825,-0.03031681469883185,0.02999999999999936,0.5389427498028253
-0.5399612373357456,-30.937499999999996,0.0039000000000000007,0.8044607914558082,-0.066315197091376,0.049999999999998934,0.5162301322783814,0.99880870721497,-0.048079770565706066,0.049999999999998934,0.5162301322783814
-0.4417864669110647,-25.312500000000004,0.0039000000000000007,0.7832158627071755,-0.05970671459790517,0.05999999999999872,0.580814357410668,0.9946644678771027,-0.060755116852514966,0.05999999999999872,0.580814357410668
-0.34361169648638357,-19.687499999999996,0.0039000000000000007,0.7443126018709587,-0.0515333533503687,0.06999999999999851,0.6450651476909397,0.9900088247577745,-0.06982011659803926,0.06999999999999851,0.6450651476909397
-0.24543692606170264,-14.062500000000004,0.0039000000000000007,0.7040140365155493,-0.04367480840958374,0.0749999999999984,0.6633768143624905,0.9867074301868627,-0.07513689840510378,0.0749999999999984,0.6633768143624905
-0.14726215563702172,-8.437500000000009,0.0039000000000000007,0.684297623762671,-0.039498647002618834,0.0799999999999983,0.6426933339014705,0.985521098687784,0.07491153243646653,0.0799999999999983,0.6426933339014705
-0.04908738521234057,-2.812500000000003,0.0039000000000000007,0.6676860437254437,-0.036516095800690776,0.08499999999999819,0.5954075643212949,0.9873690312749454,0.0701674156909579,0.08499999999999819,0.5954075643212949
0.04908738521234057,2.812500000000003,0.0039000000000000007,0.6571927693401197,-0.0362562762011223,0.08999999999999808,0.48641235699552315,0.9895034117595385,0.06462061962956311,0.08999999999999808,0.48641235699552315
0.14726215563702172,8.437500000000009,0.0039000000000000007,0.648514857359166,-0.038172980611329545,0.09499999999999797,0.3372114494897533,0.9878304396758802,0.057371458731097315,0.09499999999999797,0.3372114494897533
0.24543692606170264,14.062500000000004,0.0039000000000000007,0.6367176891159583,-0.04156007112595385,0.11499999999999755,0.24214893307969074,0.9739696209896788,0.038384725788714075,0.11499999999999755,0.24214893307969074
0.34361169648638357,19.687499999999996,0.0039000000000000007,0.6077100014732579,-0.04971194133933806,0.12999999999999723,0.4023812538610511,0.9851070225920243,0.023219404966936908,0.12999999999999723,0.4023812538610511
0.4417864669110647,25.312500000000004,0.0039000000000000007,0.5726512711163204,-0.06035621047634643,-0.019999999999999574,0.586957240225621,0.9944090456531273,0.02295728894387546,-0.019999999999999574,0.586957240225621
0.5399612373357456,30.937499999999996,0.0039000000000000007,0.555624228038413,-0.07079485111508803,0.12499999999999734,0.7157022550219136,0.9986318284147031,0.026928653299105165,0.12499999999999734,0.7157022550219136
0.6381360077604266,36.56249999999999,0.0039000000000000007,0.5586915687737398,-0.08450925077186083,0.11999999999999744,0.8245031045200507,0.9991931021836634,0.03123578341071993,0.11999999999999744,0.8245031045200507
0.7363107781851077,42.1875,0.0039000000000000007,0.5582980812072063,-0.09924024622699505,0.11999999999999744,0.8841538294736955,0.9970521650019564,0.03162368706719558,0.11999999999999744,0.8841538294736955
0.8344855486097886,47.81249999999999,0.0039000000000000007,0.49808042321164103,-0.11527560140372344,-0.024999999999999467,0.9195315596847897,0.9956057040899516,0.0243749750912991,-0.024999999999999467,0.9195315596847897
0.9326603190344698,53.4375,0.0039000000000000007,0.4433330737497851,-0.12098827633491736,-0.01499999999999968,0.9369258226313282,0.9981641025454894,0.017194588612144165,-0.01499999999999968,0.9369258226313282
1.030835089459151,59.0625,0.0039000000000000007,0.42348835184048017,-0.11965504248808505,-0.01499999999999968,0.9376900631841516,0.9991097738820257,0.014234544509823064,-0.01499999999999968,0.9376900631841516
1.1290098598838316,64.68749999999999,0.0039000000000000007,0.41663722796021696,-0.11547118610165016,0.06499999999999861,-0.9205347678188099,0.9991554931042045,0.012223936339917089,0.06499999999999861,-0.9205347678188099
1.2271846303085128,70.31249999999999,0.0039000000000000007,0.4110218162503764,-0.11218780873095394,-0.009999999999999787,0.900837702466184,0.9990098382515972,0.010386802154383853,-0.009999999999999787,0.900837702466184
1.325359400733194,75.9375,0.0039000000000000007,0.40630818128184837,-0.10994409814795003,-0.009999999999999787,0.8834090755330717,0.9988601124562722,0.009086849015232457,-0.009999999999999787,0.8834090755330717
1.423534171157875,81.5625,0.0039000000000000007,0.40080694736145384,-0.10726400224651174,0.06999999999999851,-0.8560510434042881,0.9986023003027703,0.007129630941281261,0.06999999999999851,-0.8560510434042881
1.5217089415825562,87.18750000000001,0.0039000000000000007,0.3949188695575257,-0.10443615242947571,-0.004999999999999893,0.8112194136048674,0.9981291516307812,0.00392816115899255,-0.004999999999999893,0.8112194136048674
1.619883712007237,92.81249999999999,0.0039000000000000007,0.39179218530317744,-0.10293520097179783,0.0,0.7933640707924617,0.9979452026044165,0.0015363897844583088,0.0,0.7933640707924617
1.718058482431918,98.4375,0.0039000000000000007,0.388752937274327,-0.10143315242471847,0.0,0.7535232580020215,0.9974554098488286,-0.0009262134182512033,0.0,0.7535232580020215
1.8162332528565992,104.0625,0.0039000000000000007,0.387208442914022,-0.10056076161117215,-0.0749999999999984,-0.6987822080708825,0.9965491423044172,-0.0020846140843951166,-0.0749999999999984,-0.6987822080708825
1.9144080232812803,109.68750000000001,0.0039000000000000007,0.3866202280571529,-0.10015282004787222,0.0799999999999983,-0.6937566439955238,0.9964970617638099,-0.002979228031957848,0.0799999999999983,-0.6937566439955238
2.0125827937059615,115.31250000000001,0.0039000000000000007,0.38598534505699267,-0.09979609630204148,0.0799999999999983,-0.6706409093166658,0.9960385248147776,-0.0036390526996297246,0.0799999999999983,-0.6706409093166658
2.110757564130642,120.9375,0.0039000000000000007,0.3856430356053932,-0.09952952385232058,-0.06999999999999851,-0.6473026739410778,0.9955116721551915,-0.004105368722619114,-0.06999999999999851,-0.6473026739410778
2.2089323345553233,126.5625,0.0039000000000000007,0.3854013805322278,-0.09942319979254396,-0.06999999999999851,-0.6079730499404391,0.994427808796738,-0.003976931757668614,-0.06999999999999851,-0.6079730499404391
2.3071071049800045,132.1875,0.0039000000000000007,0.3852896207465937,-0.09935711000408898,-0.06999999999999851,-0.5817304543156319,0.9935759504068796,-0.003843296203387499,-0.06999999999999851,-0.5817304543156319
2.405281875404685,137.8125,0.0039000000000000007,0.38517186488692995,-0.09928183490174725,-0.06999999999999851,-0.5668665819504805,0.9930247070285122,-0.003807900867437282,-0.06999999999999851,-0.5668665819504805
2.5034566458293663,143.4375,0.0039000000000000007,0.3850717286103648,-0.09923496451433429,-0.06999999999999851,-0.5550961088404862,0.9925618662448514,-0.0037284791692455523,-0.06999999999999851,-0.5550961088404862
2.6016314162540475,149.0625,0.0039000000000000007,0.3850777340574419,-0.0992321716759333,-0.0749999999999984,-0.5358831909934706,0.9917183266111036,-0.003351179984671911,-0.0749999999999984,-0.5358831909934706
2.699806186678728,154.68749999999997,0.0039000000000000007,0.38515246647773294,-0.09927481294740113,-0.0749999999999984,-0.5167931183177531,0.9907196966007805,-0.0027647680435857283,-0.0749999999999984,-0.5167931183177531
2.7979809571034093,160.3125,0.0039000000000000007,0.38529899800864803,-0.09935731758544085,-0.0749999999999984,-0.49111163687546555,0.9892056338905645,-0.0018451684208282194,-0.0749999999999984,-0.49111163687546555
2.8961557275280905,165.9375,0.0039000000000000007,0.3856120932301788,-0.09958515352335759,-0.0749999999999984,-0.4450208618972657,0.9859011558682282,0.00031314575072459075,-0.0749999999999984,-0.4450208618972657
2.9943304979527716,171.5625,0.0039000000000000007,0.3854742805084578,-0.09929011496155929,-0.0749999999999984,-0.4763641649982656,0.9882550708922491,-0.0020228512572925705,-0.0749999999999984,-0.4763641649982656
3.0925052683774528,177.1875,0.0039000000000000007,0.3854648051809629,-0.09906577699247818,-0.0749999999999984,-0.4991312848790989,0.9897501741259603,-0.003279669621032955,-0.0749999999999984,-0.4991312848790989
-3.0925052683774528,-177.1875,0.0045000000000000005,0.3867755187556221,-0.10039284319343939,-0.08499999999999819,-0.3416514434834606,0.9733445017118346,0.011471386747035482,-0.08499999999999819,-0.3416514434834606
-2.994330497952771,-171.56249999999997,0.0045000000000000005,0.38678751814565837,-0.10048982136025994,0.06499999999999861,-0.3289214081373481,0.9712711852806887,0.013886181235223272,0.06499999999999861,-0.3289214081373481
-2.8961557275280905,-165.9375,0.0045000000000000005,0.38664780187121794,-0.10011974299928486,-0.08499999999999819,-0.34682184290790563,0.9742684279231606,0.008000644502717308,-0.08499999999999819,-0.34682184290790563
-2.7979809571034098,-160.31250000000003,0.0045000000000000005,0.3874489364924816,-0.1005520465136883,-0.08999999999999808,-0.2995941465580553,0.9647783089014056,0.015822054054829168,-0.08999999999999808,-0.2995941465580553
-2.699806186678728,-154.68749999999997,0.0045000000000000005,0.387965049513652,-0.10077266375211602,0.05499999999999883,-0.2826997451514108,0.9608990060604649,0.020605961534718574,0.05499999999999883,-0.2826997451514108
-2.6016314162540475,-149.0625,0.0045000000000000005,0.3883218563973293,-0.10093331223877305,0.05499999999999883,-0.2758490593175187,0.9590858128473934,0.02404707397924512,0.05499999999999883,-0.2758490593175187
-2.5034566458293668,-143.43750000000003,0.0045000000000000005,0.38875032699970397,-0.10110438181654348,0.049999999999998934,-0.2691833220024668,0.9575705847079188,0.027463254023017143,0.049999999999998934,-0.2691833220024668
-2.405281875404685,-137.8125,0.0045000000000000005,0.38899365473871955,-0.1012439047237591,0.049999999999998934,-0.26696706377695933,0.9573306437825742,0.02957185476853069,0.049999999999998934,-0.26696706377695933
-2.3071071049800045,-132.1875,0.0045000000000000005,0.38951852882398263,-0.10148718751080296,0.04499999999999904,-0.2657929292192463,0.957584667509043,0.033670312415220525,0.04499999999999904,-0.2657929292192463
-2.208932334555323,-126.56249999999997,0.0045000000000000005,0.39016781966794356,-0.10178160888829028,0.03999999999999915,-0.26716585669895127,0.9587400725183505,0.03799729142864761,0.03999999999999915,-0.26716585669895127
-2.110757564130642,-120.9375,0.0045000000000000005,0.3908794565904772,-0.10207727786164679,0.034999999999999254,-0.26139324429027017,0.9576024464103147,0.04177041799498005,0.034999999999999254,-0.26139324429027017
-2.0125827937059615,-115.31250000000001,0.0045000000000000005,0.3914980042770732,-0.10234959730493404,0.02999999999999936,-0.2552818602187727,0.9563303060555728,0.045396519122766946,0.02999999999999936,-0.2552818602187727
-1.9144080232812801,-109.6875,0.0045000000000000005,0.39219274938028664,-0.10261719301715,0.93999999999998,-0.2423070918604229,0.9519886959062758,0.04896902099146543,0.93999999999998,-0.2423070918604229
-1.8162332528565992,-104.0625,0.0045000000000000005,0.3928211972590532,-0.10290590051936191,0.93999999999998,-0.23110147330031705,0.9448971452166559,0.05299135893019088,0.93999999999998,-0.23110147330031705
-1.718058482431918,-98.4375,0.0045000000000000005,0.3946207864048106,-0.10365824671533971,0.7749999999999835,-0.2468663856588431,0.9524972255962338,0.06264107536323724,0.7749999999999835,-0.2468663856588431
-1.6198837120072371,-92.8125,0.0045000000000000005,0.3961699611151414,-0.10437028338750953,0.609999999999987,-0.254413484482415,0.9525194130740997,0.07342451706902536,0.609999999999987,-0.254413484482415
-1.521708941582556,-87.1875,0.0045000000000000005,0.4002748941204187,-0.10570504871349273,0.2899999999999938,-0.3646513195214729,0.9776429837945384,-0.06366029261791807,0.2899999999999938,-0.3646513195214729
-1.423534171157875,-81.5625,0.0045000000000000005,0.4056461391756023,-0.10741823773408944,0.13499999999999712,-0.5336513986922667,0.9910574920614623,-0.05773155625345011,0.13499999999999712,-0.5336513986922667
-1.325359400733194,-75.9375,0.0045000000000000005,0.41507067949974774,-0.11021531524435356,-0.019999999999999574,-0.7202610881557789,0.9962049561277961,-0.054990890058370843,-0.019999999999999574,-0.7202610881557789
-1.227184630308513,-70.3125,0.0045000000000000005,0.42627089165574783,-0.1133485418111793,0.05499999999999883,0.8209474217141906,0.9975436014526797,-0.053759595291051857,0.05499999999999883,0.8209474217141906
-1.1290098598838318,-64.6875,0.0045000000000000005,0.44203675807189147,-0.11745448107806875,0.05499999999999883,0.8808121753077023,0.9979169654300666,-0.05328604906817769,0.05499999999999883,0.8808121753077023
-1.030835089459151,-59.0625,0.0045000000000000005,0.47663640535098767,-0.12107286354486088,0.049999999999998934,0.9139250471002205,0.9974475473828931,-0.051696528019192604,0.049999999999998934,0.9139250471002205
-0.93266031903447,-53.43750000000001,0.0045000000000000005,0.5987674350809925,-0.11428259268723591,0.04499999999999904,0.8962065128573732,0.99414083723636,-0.04505991975607433,0.04499999999999904,0.8962065128573732
-0.8344855486097889,-47.8125,0.0045000000000000005,0.7691286363363297,-0.09556351098294998,0.02999999999999936,0.7737438749500406,0.986794137240411,-0.03070686456926603,0.02999999999999936,0.7737438749500406
-0.7363107781851077,-42.1875,0.0045000000000000005,0.8033864504423748,-0.08182069809770777,0.024999999999999467,0.6736647194595201,0.9910168595108024,-0.02471811045370053,0.024999999999999467,0.6736647194595201
-0.6381360077604266,-36.56249999999999,0.0045000000000000005,0.8012964319480453,-0.07497889886665991,0.02999999999999936,0.5855563996532901,0.9957371748818874,-0.031723919346047805,0.02999999999999936,0.5855563996532901
-0.5399612373357456,-30.937499999999996,0.0045000000000000005,0.7898817212871533,-0.06837638121913593,0.04499999999999904,0.5491352275117144,0.9983963699149693,-0.046989045622651285,0.04499999999999904,0.5491352275117144
-0.4417864669110647,-25.312500000000004,0.0045000000000000005,0.767315042679464,-0.062178449253505894,0.05999999999999872,0.5896556767685912,0.996789012255667,-0.058859960482818365,0.05999999999999872,0.5896556767685912
-0.34361169648638357,-19.687499999999996,0.0045000000000000005,0.7277966966253013,-0.05444094228141236,0.06999999999999851,0.6325466344623563,0.9920038482929043,-0.0676187289160847,0.06999999999999851,0.6325466344623563
-0.24543692606170264,-14.062500000000004,0.0045000000000000005,0.6862772542876487,-0.04705737913241838,0.0749999999999984,0.653474519962179,0.98822208748107,-0.0736628946132388,0.0749999999999984,0.653474519962179
-0.14726215563702172,-8.437500000000009,0.0045000000000000005,0.6623789717119517,-0.04273787249463142,0.0749999999999984,0.6418226397312318,0.9869523057910874,0.07533162817141628,0.0749999999999984,0.6418226397312318
-0.04908738521234057,-2.812500000000003,0.0045000000000000005,0.6431274339793377,-0.039274701648346455,0.0799999999999983,0.5874869986844695,0.987439275083711,0.07097973282602289,0.0799999999999983,0.5874869986844695
0.04908738521234057,2.812500000000003,0.0045000000000000005,0.6306388099035679,-0.0384433735862645,0.08999999999999808,0.46910545665202996,0.9891199328960151,0.06488475464998729,0.08999999999999808,0.46910545665202996
0.14726215563702172,8.437500000000009,0.0045000000000000005,0.6224059974654239,-0.03996450457505198,0.09499999999999797,0.32302537314597946,0.9881773584487996,0.05562957534444783,0.09499999999999797,0.32302537314597946
0.24543692606170264,14.062500000000004,0.0045000000000000005,0.6118455496624258,-0.04322869796061271,0.11499999999999755,0.2869940582754993,0.9823220858042366,0.03711064120160492,0.11499999999999755,0.2869940582754993
0.34361169648638357,19.687499999999996,0.0045000000000000005,0.5879922021807406,-0.05046125561919911,-0.019999999999999574,0.44161085018886503,0.9863273809529426,0.020452202232752383,-0.019999999999999574,0.44161085018886503
0.4417864669110647,25.312500000000004,0.0045000000000000005,0.5594333879998349,-0.06041262793904336,-0.019999999999999574,0.6180273622275544,0.9937460452269392,0.02094216044007967,-0.019999999999999574,0.6180273622275544
0.5399612373357456,30.937499999999996,0.0045000000000000005,0.5462219551610653,-0.07045857721974035,-0.024999999999999467,0.7312430311275775,0.9979651703441722,0.025051151437182225,-0.024999999999999467,0.7312430311275775
0.6381360077604266,36.56249999999999,0.0045000000000000005,0.5529816790343363,-0.08407396353358482,0.12499999999999734,0.8274018717851601,0.9991683917222745,0.02919217160280363,0.12499999999999734,0.8274018717851601
0.7363107781851077,42.1875,0.0045000000000000005,0.5584219518497298,-0.0988184050521873,-0.02999999999999936,0.8861198852421306,0.9976097305450103,0.02912202382753624,-0.02999999999999936,0.8861198852421306
0.8344855486097886,47.81249999999999,0.0045000000000000005,0.5033785583909112,-0.11502764699163893,-0.019999999999999574,0.9270641394658411,0.996428152533056,0.022355278288740062,-0.019999999999999574,0.9270641394658411
0.9326603190344698,53.4375,0.0045000000000000005,0.44827611274902557,-0.12149956281384273,-0.01499999999999968,0.9486005186468089,0.998429752538589,0.01551632775728738,-0.01499999999999968,0.9486005186468089
1.030835089459151,59.0625,0.0045000000000000005,0.4266885732623201,-0.1212789923428362,-0.01499999999999968,0.9481481791854516,0.9992535900279538,0.013842113431833872,-0.01499999999999968,0.9481481791854516
1.1290098598838316,64.68749999999999,0.0045000000000000005,0.421103733166304,-0.11743335315332044,0.06499999999999861,-0.9330798281097329,0.9992805094817566,0.012793815000616559,0.06499999999999861,-0.9330798281097329
1.2271846303085128,70.31249999999999,0.0045000000000000005,0.4149869279796897,-0.11346176845731816,0.06499999999999861,-0.9121678228144093,0.9991028941379951,0.01147409769041048,0.06499999999999861,-0.9121678228144093
1.325359400733194,75.9375,0.0045000000000000005,0.40763405624367904,-0.11022437750965698,-0.009999999999999787,0.882815817854078,0.9988575494927605,0.009617105224290245,-0.009999999999999787,0.882815817854078
1.423534171157875,81.5625,0.0045000000000000005,0.3998986316615938,-0.10707935113954364,0.06999999999999851,-0.8385401796340552,0.99846698802969,0.006975774699571292,0.06999999999999851,-0.8385401796340552
1.5217089415825562,87.18750000000001,0.0045000000000000005,0.3935761525725703,-0.10459512929002383,-0.004999999999999893,0.7990270071206915,0.9980591645524821,0.004141137708679055,-0.004999999999999893,0.7990270071206915
1.619883712007237,92.81249999999999,0.0045000000000000005,0.38955613109443227,-0.10291834027124194,0.0,0.7755403662733683,0.9978051422569579,0.0014456362245777838,0.0,0.7755403662733683
1.718058482431918,98.4375,0.0045000000000000005,0.3876785402175437,-0.10184177131913615,0.0,0.7588097853473097,0.9975753434681807,-0.00020538833171122978,0.0,0.7588097853473097
1.8162332528565992,104.0625,0.0045000000000000005,0.38620331684667025,-0.10088766744595751,-0.0749999999999984,-0.7241431416882874,0.997060618710915,-0.001636402729790323,-0.0749999999999984,-0.7241431416882874
1.9144080232812803,109.68750000000001,0.0045000000000000005,0.3855194968356022,-0.10036599531829377,-0.0749999999999984,-0.712728440579337,0.9969008151264742,-0.002707816041337594,-0.0749999999999984,-0.712728440579337
2.0125827937059615,115.31250000000001,0.0045000000000000005,0.3850286723026333,-0.09993324594751823,0.0799999999999983,-0.6984547640723159,0.9966551405746044,-0.0036010473379730363,0.0799999999999983,-0.6984547640723159
2.110757564130642,120.9375,0.0045000000000000005,0.38483368015442354,-0.09960259155106861,-0.06999999999999851,-0.6806670002520075,0.9963123421474657,-0.0042346266032650594,-0.06999999999999851,-0.6806670002520075
2.2089323345553233,126.5625,0.0045000000000000005,0.38448309664817854,-0.09933149348471351,-0.06999999999999851,-0.663624282246927,0.9959187606360983,-0.004765027469625258,-0.06999999999999851,-0.663624282246927
2.3071071049800045,132.1875,0.0045000000000000005,0.3844317187504469,-0.09919912669422362,-0.06999999999999851,-0.640872808246168,0.9953581827899363,-0.0049574252304068565,-0.06999999999999851,-0.640872808246168
2.405281875404685,137.8125,0.0045000000000000005,0.38441738820003823,-0.09911906113999334,-0.06999999999999851,-0.6199206166755699,0.9947681538634103,-0.004870629359451151,-0.06999999999999851,-0.6199206166755699
2.5034566458293663,143.4375,0.0045000000000000005,0.38436030224717144,-0.09907555263673996,-0.06999999999999851,-0.6077344668029085,0.9944011681333413,-0.004775923087067737,-0.06999999999999851,-0.6077344668029085
2.6016314162540475,149.0625,0.0045000000000000005,0.38445895827781745,-0.09906017380316016,-0.06999999999999851,-0.5878733784478046,0.9937475446087826,-0.004545908530076064,-0.06999999999999851,-0.5878733784478046
2.699806186678728,154.68749999999997,0.0045000000000000005,0.38457159211367825,-0.0990863795103058,-0.06999999999999851,-0.5675479913541962,0.9930012922407944,-0.004137506361208332,-0.06999999999999851,-0.5675479913541962
2.7979809571034093,160.3125,0.0045000000000000005,0.3847987781712864,-0.09919844191295636,-0.0749999999999984,-0.5352802018974446,0.9916382314326931,-0.0032183700328830946,-0.0749999999999984,-0.5352802018974446
2.8961557275280905,165.9375,0.0045000000000000005,0.38523149121954786,-0.0995592162731439,-0.0749999999999984,-0.470615505569915,0.9877985036439465,-0.00038037168914865097,-0.0749999999999984,-0.470615505569915
2.9943304979527716,171.5625,0.0045000000000000005,0.38507457286722924,-0.09918935806027018,-0.0749999999999984,-0.5065662695708093,0.9901800612361061,-0.0031033830467938994,-0.0749999999999984,-0.5065662695708093
3.0925052683774528,177.1875,0.0045000000000000005,0.38511273339348384,-0.09892587534398321,-0.06999999999999851,-0.5353738293221488,0.9915780096704713,-0.0044274990810365756,-0.06999999999999851,-0.5353738293221488
-3.0925052683774528,-177.1875,0.0051,0.3867195490303653,-0.100425715441328,-0.08499999999999819,-0.33987811219963876,0.9732843412955464,0.011133835753303241,-0.08499999999999819,-0.33987811219963876
-2.994330497952771,-171.56249999999997,0.0051,0.38670144630373543,-0.10036457086728691,-0.08499999999999819,-0.3332809164888412,0.9720346217873923,0.010914095234420138,-0.08499999999999819,-0.3332809164888412
-2.8961557275280905,-165.9375,0.0051,0.3871241040356062,-0.10033214632933152,-0.08499999999999819,-0.31553959005023163,0.9681283669909806,0.010464703942778259,-0.08499999999999819,-0.31553959005023163
-2.7979809571034098,-160.31250000000003,0.0051,0.3877473204400545,-0.10056538327630267,-0.08999999999999808,-0.2828783779861891,0.960039443823252,0.015420837617736247,-0.08999999999999808,-0.2828783779861891
-2.699806186678728,-154.68749999999997,0.0051,0.3883948173414323,-0.10086579586356043,0.05499999999999883,-0.2635421829426287,0.9545796693651135,0.022393714612072416,0.05499999999999883,-0.2635421829426287
-2.6016314162540475,-149.0625,0.0051,0.38878999684950566,-0.10104645054370011,0.049999999999998934,-0.25826901226199384,0.9537327680284738,0.026664072836477357,0.049999999999998934,-0.25826901226199384
-2.5034566458293668,-143.43750000000003,0.0051,0.38916566579021755,-0.1012240321320751,0.049999999999998934,-0.2570027552213049,0.954265509414454,0.030338675733671466,0.049999999999998934,-0.2570027552213049
-2.405281875404685,-137.8125,0.0051,0.38946788890112016,-0.10140146417368925,0.04499999999999904,-0.2612777041583719,0.9559602632494798,0.033356664673308126,0.04499999999999904,-0.2612777041583719
-2.3071071049800045,-132.1875,0.0051,0.39015175121744894,-0.10173937756277346,0.03999999999999915,-0.2745521312504795,0.9610051579522052,0.03873936509667861,0.03999999999999915,-0.2745521312504795
-2.208932334555323,-126.56249999999997,0.0051,0.39049430955676917,-0.10199296205601367,0.034999999999999254,-0.28051731647527833,0.9629545589848115,0.041244009467179515,0.034999999999999254,-0.28051731647527833
-2.110757564130642,-120.9375,0.0051,0.39078418280139576,-0.10223471554987752,0.034999999999999254,-0.2760734611607355,0.9618195309916703,0.04302241019046075,0.034999999999999254,-0.2760734611607355
-2.0125827937059615,-115.31250000000001,0.0051,0.39130191609872733,-0.10252244042810849,0.02999999999999936,-0.2720792791166594,0.9610509830868103,0.04588603027295701,0.02999999999999936,-0.2720792791166594
-1.9144080232812801,-109.6875,0.0051,0.3916812440402895,-0.1027736750591156,0.02999999999999936,-0.25329400673646474,0.955294035895743,0.047885792865401934,0.02999999999999936,-0.25329400673646474
-1.8162332528565992,-104.0625,0.0051,0.3923421877391558,-0.10314497740990841,0.93999999999998,-0.2378914786140669,0.948466583920101,0.05133005972521016,0.93999999999998,-0.2378914786140669
-1.718058482431918,-98.4375,0.0051,0.39438404688965234,-0.1040443296288574,0.8549999999999818,0.24174241032132648,0.9501899173923937,0.0614996484276905,0.8549999999999818,0.24174241032132648
-1.6198837120072371,-92.8125,0.0051,0.39634882653207254,-0.10492464339540912,0.609999999999987,-0.23777969318907144,0.943627970999197,0.07372303572208501,0.609999999999987,-0.23777969318907144
-1.521708941582556,-87.1875,0.0051,0.4024838301086879,-0.10688984819535281,0.2899999999999938,-0.40058291504770993,0.9814331011413927,-0.06181618215221903,0.2899999999999938,-0.40058291504770993
-1.423534171157875,-81.5625,0.0051,0.40988178873384684,-0.10917237028123301,0.13499999999999712,-0.5970334881751561,0.9931967158669859,-0.05816637531375296,0.13499999999999712,-0.5970334881751561
-1.325359400733194,-75.9375,0.0051,0.42145299711862455,-0.11256902411433256,-0.019999999999999574,-0.7737529306070366,0.9969683514633161,-0.05594465327913639,-0.019999999999999574,-0.7737529306070366
-1.227184630308513,-70.3125,0.0051,0.4351676915212565,-0.11647140040885012,-0.019999999999999574,-0.86383984798634,0.9980354228447784,-0.055192239822373944,-0.019999999999999574,-0.86383984798634
-1.1290098598838318,-64.6875,0.0051,0.45170729779113084,-0.12097834305152838,0.05499999999999883,0.9122199410105449,0.9983417603265332,-0.05477018679506691,0.05499999999999883,0.9122199410105449
-1.030835089459151,-59.0625,0.0051,0.48157194076871224,-0.12445314643474532,0.05499999999999883,0.9314470659093145,0.9980101851498033,-0.05317886291723674,0.05499999999999883,0.9314470659093145
-0.93266031903447,-53.43750000000001,0.0051,0.5885493441694636,-0.11797503909281948,0.04499999999999904,0.917557589554171,0.9957353318581508,-0.047848029660238635,0.04499999999999904,0.917557589554171
-0.8344855486097889,-47.8125,0.0051,0.761476954465459,-0.09918275328346522,0.034999999999999254,0.8243031664587868,0.9899324552822387,-0.03572297187489203,0.034999999999999254,0.8243031664587868
-0.7363107781851077,-42.1875,0.0051,0.8002536876779873,-0.08381984882431105,0.024999999999999467,0.7056777935576717,0.9913928515004707,-0.028052336733383296,0.024999999999999467,0.7056777935576717
-0.6381360077604266,-36.56249999999999,0.0051,0.7938011367992827,-0.07653579036885244,0.02999999999999936,0.6218581720601298,0.9948722445444214,-0.03260165205938881,0.02999999999999936,0.6218581720601298
-0.5399612373357456,-30.937499999999996,0.0051,0.7806009246211404,-0.07007991274823362,0.04499999999999904,0.5742570497929715,0.9975148868810194,-0.04547472658582631,0.04499999999999904,0.5742570497929715
-0.4417864669110647,-25.312500000000004,0.0051,0.7580035499842741,-0.06415937524915448,0.05499999999999883,0.5897055577313524,0.9973996506457751,-0.0571838240546633,0.05499999999999883,0.5897055577313524
-0.34361169648638357,-19.687499999999996,0.0051,0.7191212021155098,-0.056793327009708836,0.06499999999999861,0.621476163661329,0.9932332861448732,-0.06612386098628274,0.06499999999999861,0.621476163661329
-0.24543692606170264,-14.062500000000004,0.0051,0.6770528620554774,-0.04969937360304223,0.0749999999999984,0.6358998860146784,0.9891116101587114,-0.07279004200434071,0.0749999999999984,0.6358998860146784
-0.14726215563702172,-8.437500000000009,0.0051,0.6518798696851748,-0.04548116224093727,0.0749999999999984,0.6259021447836793,0.9874816284939582,0.0754536554087092,0.0749999999999984,0.6259021447836793
-0.04908738521234057,-2.812500000000003,0.0051,0.6305400894315903,-0.0418775932722941,0.0799999999999983,0.5675153083988599,0.9871327352728277,0.07082121104513148,0.0799999999999983,0.5675153083988599
0.04908738521234057,2.812500000000003,0.0051,0.6166021108076264,-0.04072626538462803,0.08999999999999808,0.4481454852183023,0.9881828904621311,0.06411654432426012,0.08999999999999808,0.4481454852183023
0.14726215563702172,8.437500000000009,0.0051,0.6081430854082053,-0.04199159899640561,0.09999999999999787,0.3232614229004054,0.9879348810177663,0.05300046137220971,0.09999999999999787,0.3232614229004054
0.24543692606170264,14.062500000000004,0.0051,0.5980183680675959,-0.04496019823724184,0.11999999999999744,0.31720599564710056,0.9857552559171705,0.035266041385747515,0.11999999999999744,0.31720599564710056
0.34361169648638357,19.687499999999996,0.0051,0.5770979375293218,-0.051640412289342595,-0.019999999999999574,0.4711917902053801,0.9882605511343253,0.020215079021668247,-0.019999999999999574,0.4711917902053801
0.4417864669110647,25.312500000000004,0.0051,0.552832201273034,-0.06098043718601018,-0.019999999999999574,0.63580520855244,0.9940190469544516,0.02055172250354397,-0.019999999999999574,0.63580520855244
0.5399612373357456,30.937499999999996,0.0051,0.5419868536801292,-0.0707598909807179,-0.024999999999999467,0.7406796389042979,0.9977581089333003,0.024356417570752117,-0.024999999999999467,0.7406796389042979
0.6381360077604266,36.56249999999999,0.0051,0.5506534449752601,-0.08429650906866148,0.12499999999999734,0.8298923176950852,0.9990094073863754,0.027835165540454385,0.12499999999999734,0.8298923176950852
0.7363107781851077,42.1875,0.0051,0.5577938081386895,-0.09937268254795274,0.12499999999999734,0.8883311019825717,0.9977650513871846,0.027091715572036375,0.12499999999999734,0.8883311019825717
0.8344855486097886,47.81249999999999,0.0051,0.5045365722525418,-0.1158007696314647,-0.019999999999999574,0.9390449929535423,0.9969555545409416,0.02041320398727582,-0.019999999999999574,0.9390449929535423
0.9326603190344698,53.4375,0.0051,0.45096894537250726,-0.12262209979202467,-0.01499999999999968,0.9567247267306849,0.9986368269023641,0.014400998797906095,-0.01499999999999968,0.9567247267306849
1.030835089459151,59.0625,0.0051,0.42919784635337294,-0.1226949581786728,-0.01499999999999968,0.9545475805450528,0.9993281033635404,0.013035388664586006,-0.01499999999999968,0.9545475805450528
1.1290098598838316,64.68749999999999,0.0051,0.4246975471012106,-0.11954755193130763,0.06499999999999861,-0.9463632302396202,0.999371287553563,0.01250361694585099,0.06499999999999861,-0.9463632302396202
1.2271846303085128,70.31249999999999,0.0051,0.42059741713098325,-0.11535890316671485,-0.009999999999999787,0.929250582796287,0.9992195431863395,0.011337005941533172,-0.009999999999999787,0.929250582796287
1.325359400733194,75.9375,0.0051,0.4129911463758601,-0.11134409598088628,-0.009999999999999787,0.8974860489884615,0.9989653491035897,0.00953199330466542,-0.009999999999999787,0.8974860489884615
1.423534171157875,81.5625,0.0051,0.4035562592105324,-0.10759036841567775,-0.004999999999999893,0.8502811781736462,0.9985652384981176,0.006796830798848111,-0.004999999999999893,0.8502811781736462
1.5217089415825562,87.18750000000001,0.0051,0.3952501916843052,-0.10482106599598233,-0.004999999999999893,0.7994123098112071,0.9980545105164265,0.004170068430370432,-0.004999999999999893,0.7994123098112071
1.619883712007237,92.81249999999999,0.0051,0.389718580468577,-0.1030829793214003,0.0,0.7715022695798232,0.9977720713735081,0.0016279620552040596,0.0,0.7715022695798232
1.718058482431918,98.4375,0.0051,0.38768897644732997,-0.10215396015029156,0.0,0.7620911719413456,0.9976396648532109,0.00030492298163625606,0.0,0.7620911719413456
1.8162332528565992,104.0625,0.0051,0.38577857435629215,-0.10112012732980698,-0.0749999999999984,-0.7294008139564089,0.9971712576397483,-0.0012043067397263833,-0.0749999999999984,-0.7294008139564089
1.9144080232812803,109.68750000000001,0.0051,0.3848868268429793,-0.1005791281204252,-0.0749999999999984,-0.716817598334529,0.9969792673317875,-0.0022019602291336406,-0.0749999999999984,-0.716817598334529
2.0125827937059615,115.31250000000001,0.0051,0.3843027192306372,-0.10014556809740398,0.0799999999999983,-0.7071052348499584,0.9968307282901293,-0.003082630573763355,0.0799999999999983,-0.7071052348499584
2.110757564130642,120.9375,0.0051,0.3840320971728306,-0.09981175559353797,0.0799999999999983,-0.6909353120591107,0.9965262978135019,-0.0036796407880546568,0.0799999999999983,-0.6909353120591107
2.2089323345553233,126.5625,0.0051,0.3837803964543735,-0.09947613504025132,-0.06999999999999851,-0.6810466036421297,0.9963259243700154,-0.004404090345141186,-0.06999999999999851,-0.6810466036421297
2.3071071049800045,132.1875,0.0051,0.3837136951464682,-0.09925698577927908,-0.06999999999999851,-0.6675759473843269,0.9960124810684273,-0.004829402601193844,-0.06999999999999851,-0.6675759473843269
2.405281875404685,137.8125,0.0051,0.3838636947546598,-0.09920532933590706,-0.06999999999999851,-0.6394025360938513,0.9953109202174769,-0.004637318816932223,-0.06999999999999851,-0.6394025360938513
2.5034566458293663,143.4375,0.0051,0.38390202358485565,-0.0991650940433798,-0.06999999999999851,-0.6234131898338083,0.9948679841794483,-0.004496586449523263,-0.06999999999999851,-0.6234131898338083
2.6016314162540475,149.0625,0.0051,0.38399714530297263,-0.099143899028369,-0.06999999999999851,-0.6040427595178776,0.9942788447101082,-0.0042433904091422215,-0.06999999999999851,-0.6040427595178776
2.699806186678728,154.68749999999997,0.0051,0.38417099504515667,-0.0991826742412462,0.0799999999999983,-0.5809372195704334,0.9935086708662045,-0.0037455097887389923,0.0799999999999983,-0.5809372195704334
2.7979809571034093,160.3125,0.0051,0.38446516675873854,-0.09935509079030978,-0.0749999999999984,-0.5409456416300575,0.9918212066296644,-0.0024325707263027924,-0.0749999999999984,-0.5409456416300575
2.8961557275280905,165.9375,0.0051,0.3847380545051628,-0.09953630613812291,-0.0749999999999984,-0.49911070934585866,0.9896064540106679,-0.000867295931563893,-0.0749999999999984,-0.49911070934585866
2.9943304979527716,171.5625,0.0051,0.38498399718036463,-0.09947208249259913,-0.0749999999999984,-0.4881967839226243,0.9889857317814323,-0.001366023544163625,-0.0749999999999984,-0.4881967839226243
3.0925052683774528,177.1875,0.0051,0.3850003139885993,-0.0991551646461953,-0.0749999999999984,-0.519568155279338,0.9909008729850702,-0.003188634763401627,-0.0749999999999984,-0.519568155279338
-3.0925052683774528,-177.1875,0.0057,0.3864463725093634,-0.10025117838112642,0.06999999999999851,-0.3557463652871908,0.9759788944563377,0.0077131859195734434,0.06999999999999851,-0.3557463652871908
-2.994330497952771,-171.56249999999997,0.0057,0.38675929512983287,-0.10022166560573592,-0.08499999999999819,-0.3354447434618236,0.9724707465343653,0.007889323548401168,-0.08499999999999819,-0.3354447434618236
-2.8961557275280905,-165.9375,0.0057,0.387674753513423,-0.1005308086648983,0.06499999999999861,-0.27867679915660776,0.9589768487185991,0.013814494017999042,0.06499999999999861,-0.27867679915660776
-2.7979809571034098,-160.31250000000003,0.0057,0.3883445020902287,-0.1007217888078895,0.05999999999999872,-0.2525964759430026,0.9498435588551309,0.018993316710105547,0.05999999999999872,-0.2525964759430026
-2.699806186678728,-154.68749999999997,0.0057,0.38915323394103574,-0.10109335337582463,0.049999999999998934,-0.24558647857013663,0.9490988518073388,0.028781337527741164,0.049999999999998934,-0.24558647857013663
-2.6016314162540475,-149.0625,0.0057,0.3894701699049692,-0.10122778358195435,0.04499999999999904,-0.24815459356605837,0.9510387710290714,0.03202468138816727,0.04499999999999904,-0.24815459356605837
-2.5034566458293668,-143.43750000000003,0.0057,0.39016542076444366,-0.10163153370900806,0.03999999999999915,-0.27946658170274763,0.9626299133499331,0.03920228836976224,0.03999999999999915,-0.27946658170274763
-2.405281875404685,-137.8125,0.0057,0.3904914110951066,-0.10190782528182496,0.034999999999999254,-0.3088284666020676,0.9695552724771972,0.04211574352677035,0.034999999999999254,-0.3088284666020676
-2.3071071049800045,-132.1875,0.0057,0.3914592792036789,-0.10253666853079237,0.02999999999999936,-0.380716128343959,0.9805470846856496,0.047078626213553514,0.02999999999999936,-0.380716128343959
-2.208932334555323,-126.56249999999997,0.0057,0.3915728885563608,-0.10287432296153509,0.02999999999999936,-0.4018630807718514,0.9826989801002783,0.047794556594335395,0.02999999999999936,-0.4018630807718514
-2.110757564130642,-120.9375,0.0057,0.3920280745976871,-0.10316995452629675,0.024999999999999467,-0.3969237098632726,0.9823751373305238,0.049278885280553776,0.024999999999999467,-0.3969237098632726
-2.0125827937059615,-115.31250000000001,0.0057,0.3923386939259133,-0.10339348206306746,0.024999999999999467,-0.38291262079891697,0.9807613006535277,0.05045220337938815,0.024999999999999467,-0.38291262079891697
-1.9144080232812801,-109.6875,0.0057,0.39287631237660353,-0.10380003778973612,0.024999999999999467,-0.3742943908409685,0.9797790327484596,0.05197103046416022,0.024999999999999467,-0.3742943908409685
-1.8162332528565992,-104.0625,0.0057,0.3936629480517276,-0.10427590978611316,0.019999999999999574,-0.35975126043764727,0.9782211987194964,0.05429488675257919,0.019999999999999574,-0.35975126043764727
-1.718058482431918,-98.4375,0.0057,0.39531175208901237,-0.10504713284402391,0.01499999999999968,-0.3072725151241162,0.9699439158727781,0.059625916034765275,0.01499999999999968,-0.3072725151241162
-1.6198837120072371,-92.8125,0.0057,0.40126435408304933,-0.10710680605489989,0.609999999999987,-0.34351283235496566,0.9757846020147422,-0.07577744505176201,0.609999999999987,-0.34351283235496566
-1.521708941582556,-87.1875,0.0057,0.40978939999673447,-0.10965877421627722,0.13999999999999702,-0.5396803117576323,0.9910326416377275,-0.06473761950003566,0.13999999999999702,-0.5396803117576323
-1.423534171157875,-81.5625,0.0057,0.41914204532171007,-0.11232715162848193,-0.01499999999999968,-0.7130883302674155,0.995865300127925,-0.060964165905911985,-0.01499999999999968,-0.7130883302674155
-1.325359400733194,-75.9375,0.0057,0.4317454411126935,-0.11595124015935375,-0.019999999999999574,-0.8378132075419045,0.9977546306584802,-0.05778606990458219,-0.019999999999999574,-0.8378132075419045
-1.227184630308513,-70.3125,0.0057,0.44609547715906533,-0.12029131774749646,-0.019999999999999574,-0.902165758274455,0.9983999343440124,-0.05674573446620508,-0.019999999999999574,-0.902165758274455
-1.1290098598838318,-64.6875,0.0057,0.45978411102248673,-0.12430224719035016,0.05499999999999883,0.9295695284738094,0.9985633290540591,-0.0559648784985767,0.05499999999999883,0.9295695284738094
-1.030835089459151,-59.0625,0.0057,0.4852205369422693,-0.12670203134356042,0.05499999999999883,0.9429514392965257,0.9982794079307951,-0.05430555870623956,0.05499999999999883,0.9429514392965257
-0.93266031903447,-53.43750000000001,0.0057,0.5819808552130639,-0.12048385636950094,0.049999999999998934,0.9354058312978267,0.9965350668265558,-0.0496774990898657,0.049999999999998934,0.9354058312978267
-0.8344855486097889,-47.8125,0.0057,0.754304119754541,-0.10186175624009404,0.03999999999999915,0.8541008984107274,0.9917448677534748,-0.038905398665096985,0.03999999999999915,0.8541008984107274
-0.7363107781851077,-42.1875,0.0057,0.7990678013708195,-0.08542291553011372,0.02999999999999936,0.7327680860148419,0.9915623374932042,-0.03064621471545131,0.02999999999999936,0.7327680860148419
-0.6381360077604266,-36.56249999999999,0.0057,0.7897866660469157,-0.07763331961845518,0.034999999999999254,0.640728973443814,0.9942489197398339,-0.033739072152464335,0.034999999999999254,0.640728973443814
-0.5399612373357456,-30.937499999999996,0.0057,0.7754513240608618,-0.07124961108380622,0.04499999999999904,0.5822702654930438,0.9971109550209925,-0.044567018442548546,0.04499999999999904,0.5822702654930438
-0.4417864669110647,-25.312500000000004,0.0057,0.7526879355605779,-0.06541959896913176,0.05499999999999883,0.58368129802354,0.9978034338905474,-0.056508652857730816,0.05499999999999883,0.58368129802354
-0.34361169648638357,-19.687499999999996,0.0057,0.7142445781734694,-0.05830117633079047,0.06499999999999861,0.6042185724331535,0.9938452384392353,-0.06603080582289364,0.06499999999999861,0.6042185724331535
-0.24543692606170264,-14.062500000000004,0.0057,0.672343083795998,-0.05140831362282057,0.0749999999999984,0.6102901002824606,0.9889653850431084,-0.0730251427841248,0.0749999999999984,0.6102901002824606
-0.14726215563702172,-8.437500000000009,0.0057,0.6470542419549592,-0.04728923839225107,0.0799999999999983,0.6002630184335668,0.9869699227322961,0.07490236658756563,0.0799999999999983,0.6002630184335668
-0.04908738521234057,-2.812500000000003,0.0057,0.6248476083021709,-0.043659129588685876,0.08499999999999819,0.5477172289530461,0.9865887034661377,0.06975590692859616,0.08499999999999819,0.5477172289530461
0.04908738521234057,2.812500000000003,0.0057,0.6104153494447354,-0.042381826459867745,0.08999999999999808,0.4326914893965174,0.9870201901971838,0.062444677241906554,0.08999999999999808,0.4326914893965174
0.14726215563702172,8.437500000000009,0.0057,0.601424350205905,-0.043509460214515634,0.10499999999999776,0.3134227984846274,0.9861928819549135,0.049640774936198985,0.10499999999999776,0.3134227984846274
0.24543692606170264,14.062500000000004,0.0057,0.5914334163055146,-0.046236319682764745,0.11999999999999744,0.32940868677860763,0.986652167446321,0.03228638697375918,0.11999999999999744,0.32940868677860763
0.34361169648638357,19.687499999999996,0.0057,0.5722123609993293,-0.05252360791142289,-0.019999999999999574,0.4893562998483446,0.9895559816490603,0.01949913311311553,-0.019999999999999574,0.4893562998483446
0.4417864669110647,25.312500000000004,0.0057,0.5506682207712705,-0.061509486722054856,-0.019999999999999574,0.6435823641537878,0.9944652036848227,0.020490064579753296,-0.019999999999999574,0.6435823641537878
0.5399612373357456,30.937499999999996,0.0057,0.5410463942875113,-0.0712687174672777,-0.024999999999999467,0.7448928353828895,0.9977558985431894,0.023780873117117525,-0.024999999999999467,0.7448928353828895
0.6381360077604266,36.56249999999999,0.0057,0.5503684427785791,-0.08476501466335128,-0.024999999999999467,0.8286869071572167,0.9988498423927742,0.026268784021255338,-0.024999999999999467,0.8286869071572167
0.7363107781851077,42.1875,0.0057,0.557087105848085,-0.10030451383279075,-0.024999999999999467,0.8913934060266768,0.9977826959957283,0.02513955029682031,-0.024999999999999467,0.8913934060266768
0.8344855486097886,47.81249999999999,0.0057,0.5046330179281785,-0.11664654427154791,-0.019999999999999574,0.9449251323473119,0.9973464108514917,0.018722914705143895,-0.019999999999999574,0.9449251323473119
0.9326603190344698,53.4375,0.0057,0.4512352358000049,-0.12350117016137249,-0.01499999999999968,0.9619693163629808,0.9987803592833365,0.013702941970831963,-0.01499999999999968,0.9619693163629808
1.030835089459151,59.0625,0.0057,0.4303302238460139,-0.12366540688679513,-0.009999999999999787,0.960111034072392,0.9993393344750465,0.012254779544909927,-0.009999999999999787,0.960111034072392
1.1290098598838316,64.68749999999999,0.0057,0.4249451736723879,-0.12132906459694558,-0.009999999999999787,0.9566818916668195,0.9994218768747486,0.011999050834391251,-0.009999999999999787,0.9566818916668195
1.2271846303085128,70.31249999999999,0.0057,0.4234380212557731,-0.11763991774042779,-0.009999999999999787,0.9471430478043527,0.9993356618469643,0.010962592505387211,-0.009999999999999787,0.9471430478043527
1.325359400733194,75.9375,0.0057,0.41882081396498505,-0.11337273346045429,-0.009999999999999787,0.9236666150749672,0.9991491747221233,0.009332526041657253,-0.009999999999999787,0.9236666150749672
1.423534171157875,81.5625,0.0057,0.41038143028175494,-0.10910847184588504,-0.004999999999999893,0.88840648182191,0.9988734640370648,0.00649147148937441,-0.004999999999999893,0.88840648182191
1.5217089415825562,87.18750000000001,0.0057,0.40091993543442056,-0.10557236026321398,-0.004999999999999893,0.8336289867653291,0.9984138151949248,0.0034520391145546375,-0.004999999999999893,0.8336289867653291
1.619883712007237,92.81249999999999,0.0057,0.39289697980230687,-0.10335294368869069,0.0,0.79319871511122,0.9980094458731849,0.0007115960148092342,0.0,0.79319871511122
1.718058482431918,98.4375,0.0057,0.3888505185253541,-0.1020784578372638,0.0,0.7733766571052734,0.9978205749371319,-0.0010428012408713009,0.0,0.7733766571052734
1.8162332528565992,104.0625,0.0057,0.386151370980659,-0.10103411787874335,-0.0749999999999984,-0.7662844966767449,0.9978050706238798,-0.0025755617550060513,-0.0749999999999984,-0.7662844966767449
1.9144080232812803,109.68750000000001,0.0057,0.38485921840981396,-0.10042642052118891,0.004999999999999893,0.7595874197926157,0.9977125422105502,-0.003486630198738687,0.004999999999999893,0.7595874197926157
2.0125827937059615,115.31250000000001,0.0057,0.38383481682460424,-0.09997033335387165,0.004999999999999893,0.7527532483474457,0.997604793672801,-0.004203296268397489,0.004999999999999893,0.7527532483474457
2.110757564130642,120.9375,0.0057,0.3833543332922292,-0.09957374706492683,0.004999999999999893,0.7451807705893343,0.9974910139699252,-0.004923554515717063,0.004999999999999893,0.7451807705893343
2.2089323345553233,126.5625,0.0057,0.38297116505927453,-0.0992072855623485,-0.06999999999999851,-0.7350129922538985,0.9973381556249754,-0.005553729849979497,-0.06999999999999851,-0.7350129922538985
2.3071071049800045,132.1875,0.0057,0.3825889812936253,-0.0990714278658199,-0.06999999999999851,-0.7226822567196697,0.9971149547946508,-0.005420231752867968,-0.06999999999999851,-0.7226822567196697
2.405281875404685,137.8125,0.0057,0.3828588856777584,-0.09915210212574561,-0.06999999999999851,-0.681480104690969,0.9963025858785353,-0.004801890441101681,-0.06999999999999851,-0.681480104690969
2.5034566458293663,143.4375,0.0057,0.38298381607053805,-0.09909514609300718,-0.06999999999999851,-0.6646467612860224,0.9959169344789695,-0.0047064268086944114,-0.06999999999999851,-0.6646467612860224
2.6016314162540475,149.0625,0.0057,0.38337155221187647,-0.09918617756155744,-0.06999999999999851,-0.627281818850003,0.9949637693706697,-0.004032856668150764,-0.06999999999999851,-0.627281818850003
2.699806186678728,154.68749999999997,0.0057,0.3834477569540464,-0.09915772829629352,0.0799999999999983,-0.611370149325273,0.994489960652421,-0.003795347690849821,0.0799999999999983,-0.611370149325273
2.7979809571034093,160.3125,0.0057,0.38382899315136065,-0.0993744560285094,-0.0749999999999984,-0.5645478108160153,0.9927692529696974,-0.0022807205216174025,-0.0749999999999984,-0.5645478108160153
2.8961557275280905,165.9375,0.0057,0.38412068219426865,-0.09952547776774365,-0.0749999999999984,-0.5259696675814545,0.9909605910769371,-0.0010448944763817663,-0.0749999999999984,-0.5259696675814545
2.9943304979527716,171.5625,0.0057,0.38484382774630244,-0.09975131612346257,-0.0749999999999984,-0.46952423875854177,0.9877210173918419,0.000640578359517619,-0.0749999999999984,-0.46952423875854177
3.0925052683774528,177.1875,0.0057,0.3851262649730477,-0.09956911655177639,-0.0749999999999984,-0.47543703044215474,0.9882422796649065,-0.0004353856544474191,-0.0749999999999984,-0.47543703044215474
