{
  "field": "T",
  "n_points": 10725,
  "times": [
    0.5,
    1.0,
    1.5,
    2.0,
    2.5,
    3.0,
    3.5,
    4.0,
    4.5,
    5.0
  ],
  "n_active_modes": 9,
  "singular_values": [
    490.9687847249282,
    87.14894910288504,
    14.953750832788739,
    2.310852865473967,
    0.231790358899453,
    0.023407662419997387,
    0.004382474885635061,
    0.0008469732405375226,
    7.670314973644458e-08
  ],
  "energy_fraction": [
    0.9685626500684639,
    0.030517170534478954,
    0.0008985044564657805,
    2.1456779803160493e-05,
    2.1587914607122427e-07,
    2.2015879863338085e-09,
    7.717183509648048e-11,
    2.88243375066994e-12,
    2.3639939022756006e-20
  ],
  "note": "run001 steady flow \u2014 modes describe spin-up transient, not shedding"
}