{
  "dataset": "heat_flux",
  "snapshot_ids": [
    "q01_symmetric_walls",
    "q02_right_wall_hot",
    "q03_left_wall_hot",
    "q04_top_bottom_hot",
    "q05_diagonal_wall_mode"
  ],
  "times": [
    0.0,
    0.1,
    0.2,
    0.3,
    0.4
  ],
  "matrix_convention": "columns are flattened row-major 5x5 snapshots",
  "mean_field": [
    [
      1.1800000000000002,
      4.34,
      7.040000000000001,
      4.84,
      1.6600000000000001
    ],
    [
      3.8600000000000003,
      0.0,
      0.0,
      0.0,
      4.4
    ],
    [
      6.640000000000001,
      0.0,
      0.0,
      0.0,
      6.62
    ],
    [
      4.540000000000001,
      0.0,
      0.0,
      0.0,
      3.8600000000000003
    ],
    [
      1.7399999999999998,
      4.859999999999999,
      7.040000000000001,
      4.26,
      1.28
    ]
  ],
  "singular_values": [
    5.390515923736842,
    4.5574072795213265,
    4.092540228735916,
    0.9547206087037995,
    4.401712342388048e-15
  ],
  "energy_fraction": [
    0.43056042443190573,
    0.30775784008170304,
    0.24817575752462392,
    0.013505977961767324,
    2.8708913503335816e-31
  ],
  "cumulative_energy": [
    0.43056042443190573,
    0.7383182645136088,
    0.9864940220382328,
    1.0,
    1.0
  ],
  "active_mode_count": 4,
  "spatial_modes": [
    {
      "mode": 1,
      "matrix": [
        [
          -0.1479243408038708,
          -0.20187296581173425,
          0.05386874928621522,
          0.19486880869682827,
          0.13770984074066317
        ],
        [
          -0.2405071195589345,
          0.0,
          0.0,
          0.0,
          0.25510094704727354
        ],
        [
          -0.3565437696394892,
          0.0,
          0.0,
          0.0,
          0.4009763688947463
        ],
        [
          -0.3772475756099999,
          0.0,
          0.0,
          0.0,
          0.24834900046053626
        ],
        [
          -0.25423190516467775,
          -0.3494782644650645,
          -0.09575065257994932,
          0.21212068185913704,
          0.14756379924152652
        ]
      ]
    },
    {
      "mode": 2,
      "matrix": [
        [
          -0.08527478994453422,
          -0.16552305696399813,
          -0.13958593250902915,
          0.3718121775413602,
          0.3897934532528711
        ],
        [
          -0.14777423622963198,
          -0.0,
          -0.0,
          -0.0,
          0.44604169076952005
        ],
        [
          -0.20600707596841886,
          -0.0,
          -0.0,
          -0.0,
          -0.024450065747341047
        ],
        [
          0.39926376760081433,
          -0.0,
          -0.0,
          -0.0,
          -0.16145590086252037
        ],
        [
          0.32561787964647937,
          0.2438918048167077,
          -0.1487844574287416,
          -0.13247422286483385,
          -0.034054563419676664
        ]
      ]
    },
    {
      "mode": 3,
      "matrix": [
        [
          -0.0363423281288533,
          0.20440981703429018,
          0.3781180296539377,
          0.24851258741914511,
          -0.010811792440054488
        ],
        [
          -0.1610705530073061,
          -0.0,
          -0.0,
          -0.0,
          -0.10755751450514943
        ],
        [
          -0.3777239818594691,
          -0.0,
          -0.0,
          -0.0,
          -0.29310102965069557
        ],
        [
          -0.08988488290440635,
          -0.0,
          -0.0,
          -0.0,
          -0.07287261558130417
        ],
        [
          0.022574677206741174,
          0.30567614334166404,
          0.4920639135780257,
          0.36709489776078896,
          0.04157480733879693
        ]
      ]
    },
    {
      "mode": 4,
      "matrix": [
        [
          0.3613477307195786,
          0.41758597636623457,
          -0.09571210287813567,
          0.2168296068496652,
          0.21777119546011842
        ],
        [
          0.15923403491471647,
          -0.0,
          -0.0,
          -0.0,
          -0.057539595468885665
        ],
        [
          0.17204863585132887,
          -0.0,
          -0.0,
          -0.0,
          0.07231310481586574
        ],
        [
          -0.1065422807904905,
          -0.0,
          -0.0,
          -0.0,
          0.3132295310390689
        ],
        [
          0.2176503076901861,
          0.15744890849912171,
          -0.27802717809852306,
          0.262874850308342,
          0.44713004759174274
        ]
      ]
    }
  ],
  "temporal_coefficients": [
    {
      "mode": 1,
      "coefficients": [
        0.3613602862955789,
        3.9728933660052967,
        -3.5570358208606456,
        -0.08147591500231312,
        -0.6957419164379174
      ]
    },
    {
      "mode": 2,
      "coefficients": [
        -1.4139143008425192,
        -0.2696092421965714,
        -1.2018120134921544,
        -1.1157678340923851,
        4.00110339062363
      ]
    },
    {
      "mode": 3,
      "coefficients": [
        -0.8746023765275166,
        -1.2014562741791162,
        -1.5345272940064156,
        3.488670467141861,
        0.12191547757118629
      ]
    },
    {
      "mode": 4,
      "coefficients": [
        -0.771839216633756,
        0.3902972970812622,
        0.37519333321570475,
        0.10955449498540394,
        -0.10320590864861265
      ]
    }
  ]
}