mode,singular_value,energy_fraction,cumulative_energy,active
1,5.390515924,0.4305604244,0.4305604244,yes
2,4.55740728,0.3077578401,0.7383182645,yes
3,4.092540229,0.2481757575,0.986494022,yes
4,0.9547206087,0.01350597796,1,yes
5,4.401712342e-15,2.87089135e-31,1,no
