mode,q01_symmetric_walls,q02_right_wall_hot,q03_left_wall_hot,q04_top_bottom_hot,q05_diagonal_wall_mode
1,0.3613602863,3.972893366,-3.557035821,-0.081475915,-0.6957419164
2,-1.413914301,-0.2696092422,-1.201812013,-1.115767834,4.001103391
3,-0.8746023765,-1.201456274,-1.534527294,3.488670467,0.1219154776
4,-0.7718392166,0.3902972971,0.3751933332,0.109554495,-0.1032059086
