mode,singular_value,energy_fraction,cumulative_energy,active
1,490.9687847,0.9685626501,0.9685626501,yes
2,87.1489491,0.03051717053,0.9990798206,yes
3,14.95375083,0.0008985044565,0.9999783251,yes
4,2.310852865,2.14567798e-05,0.9999997818,yes
5,0.2317903589,2.158791461e-07,0.9999999977,yes
6,0.02340766242,2.201587986e-09,0.9999999999,yes
7,0.004382474886,7.71718351e-11,1,yes
8,0.0008469732405,2.882433751e-12,1,yes
9,7.670314974e-08,2.363993902e-20,1,yes
