{
  "dataset": "velocity",
  "snapshot_ids": [
    "s01_symmetric_core",
    "s02_right_skew",
    "s03_left_skew",
    "s04_vertical_stretch",
    "s05_diagonal_mode"
  ],
  "times": [
    0.0,
    0.1,
    0.2,
    0.3,
    0.4
  ],
  "matrix_convention": "columns are flattened row-major 5x5 snapshots",
  "mean_field": [
    [
      0.0,
      0.0,
      0.0,
      0.0,
      0.0
    ],
    [
      0.0,
      1.9599999999999997,
      4.140000000000001,
      2.2800000000000002,
      0.0
    ],
    [
      0.0,
      4.180000000000001,
      9.360000000000001,
      3.9799999999999995,
      0.0
    ],
    [
      0.0,
      2.4200000000000004,
      4.4,
      2.08,
      0.0
    ],
    [
      0.0,
      0.0,
      0.0,
      0.0,
      0.0
    ]
  ],
  "singular_values": [
    2.3758506401837862,
    1.764348142533517,
    1.4701283296413854,
    0.44399556513850114,
    2.9631287725581906e-15
  ],
  "energy_fraction": [
    0.5077965333268895,
    0.2800399755362963,
    0.19442940856550636,
    0.017734082571307742,
    7.898643507342753e-31
  ],
  "cumulative_energy": [
    0.5077965333268895,
    0.7878365088631858,
    0.9822659174286922,
    0.9999999999999999,
    0.9999999999999999
  ],
  "active_mode_count": 4,
  "spatial_modes": [
    {
      "mode": 1,
      "matrix": [
        [
          9.313114255954086e-17,
          -2.3407434498549276e-17,
          -9.436640300986097e-18,
          -2.0601524273907518e-18,
          0.0
        ],
        [
          0.0,
          0.066821869435373,
          -0.20438736702437066,
          -0.08273012503231424,
          0.0
        ],
        [
          0.0,
          0.5624754705333158,
          -0.18320286441718625,
          -0.46488567885536436,
          0.0
        ],
        [
          0.0,
          0.4993839915564328,
          0.2947018945648045,
          -0.2112395602345212,
          0.0
        ],
        [
          0.0,
          0.0,
          0.0,
          0.0,
          0.0
        ]
      ]
    },
    {
      "mode": 2,
      "matrix": [
        [
          4.639228472268925e-17,
          -7.065320165655769e-18,
          1.1374451962844008e-16,
          3.0407368509268443e-18,
          0.0
        ],
        [
          0.0,
          0.18943694955956572,
          0.5504885819083926,
          -0.2644856640680918,
          0.0
        ],
        [
          0.0,
          -0.33507632299050377,
          -0.3029621451450345,
          -0.32624487382165884,
          0.0
        ],
        [
          0.0,
          -0.016338898740211303,
          0.43997748490684624,
          0.2945814465999007,
          0.0
        ],
        [
          0.0,
          0.0,
          0.0,
          0.0,
          0.0
        ]
      ]
    },
    {
      "mode": 3,
      "matrix": [
        [
          5.0324557956294487e-17,
          -1.6741954607435362e-17,
          9.815410206927835e-18,
          -5.562175764521694e-18,
          0.0
        ],
        [
          0.0,
          -0.3676207876222987,
          0.07684880137101892,
          0.6127991273695368,
          0.0
        ],
        [
          0.0,
          -0.1474393956920108,
          -0.3691211505675219,
          0.3339180847707819,
          0.0
        ],
        [
          0.0,
          0.3033472276556861,
          0.3472664901554478,
          -0.036370392963988356,
          0.0
        ],
        [
          0.0,
          0.0,
          0.0,
          0.0,
          0.0
        ]
      ]
    },
    {
      "mode": 4,
      "matrix": [
        [
          1.804213632466203e-16,
          2.946705802637387e-17,
          2.7140351827128275e-17,
          -3.794736213332369e-18,
          -0.0
        ],
        [
          -0.0,
          -0.341561130660273,
          -0.022667926740401276,
          -0.0008952310645948652,
          -0.0
        ],
        [
          -0.0,
          -0.36077394386389544,
          0.6463220794359389,
          -0.2828426273902431,
          -0.0
        ],
        [
          -0.0,
          0.05506267361051976,
          0.3668348056347656,
          -0.34253709904761004,
          -0.0
        ],
        [
          -0.0,
          -0.0,
          -0.0,
          -0.0,
          -0.0
        ]
      ]
    }
  ],
  "temporal_coefficients": [
    {
      "mode": 1,
      "coefficients": [
        -0.4840644597910915,
        -1.7101329232991707,
        1.2657462717551171,
        -0.011520642606990927,
        0.9399717539421332
      ]
    },
    {
      "mode": 2,
      "coefficients": [
        -0.3282370419965333,
        -0.37130858508213527,
        -0.0452671036540816,
        1.5099239771779738,
        -0.7651112464452231
      ]
    },
    {
      "mode": 3,
      "coefficients": [
        -0.6634703030439898,
        0.13075115843199203,
        -0.7954396967754196,
        0.35645844288365747,
        0.9717003985037604
      ]
    },
    {
      "mode": 4,
      "coefficients": [
        0.32023304015551246,
        -0.212789693973274,
        -0.2095541783373024,
        0.04164416446432728,
        0.06046666769073285
      ]
    }
  ]
}