mode,singular_value,energy_fraction,cumulative_energy,active
1,2.37585064,0.5077965333,0.5077965333,yes
2,1.764348143,0.2800399755,0.7878365089,yes
3,1.47012833,0.1944294086,0.9822659174,yes
4,0.4439955651,0.01773408257,1,yes
5,2.963128773e-15,7.898643507e-31,1,no
