mode,s01_symmetric_core,s02_right_skew,s03_left_skew,s04_vertical_stretch,s05_diagonal_mode
1,-0.4840644598,-1.710132923,1.265746272,-0.01152064261,0.9399717539
2,-0.328237042,-0.3713085851,-0.04526710365,1.509923977,-0.7651112464
3,-0.663470303,0.1307511584,-0.7954396968,0.3564584429,0.9717003985
4,0.3202330402,-0.212789694,-0.2095541783,0.04164416446,0.06046666769
