probe,probe_x_m,probe_y_m,side,x_bin_m,coherence_f1,coherence_f2,frequency_f1_hz,frequency_f2_hz
0,0.01,0.0,fin_z_min,-0.0136673275,0.7082315494108454,0.9766291159464305,3.1250000000000666,6.640625000000141
0,0.01,0.0,fin_z_min,-0.012975037499999998,0.7081689572914732,0.9766369464177216,3.1250000000000666,6.640625000000141
0,0.01,0.0,fin_z_min,-0.0119366025,0.708008168620296,0.9766353608627073,3.1250000000000666,6.640625000000141
0,0.01,0.0,fin_z_min,-0.0108981675,0.7078677007685942,0.9766104502177191,3.1250000000000666,6.640625000000141
0,0.01,0.0,fin_z_min,-0.0098597325,0.7077172654491638,0.9765718126329246,3.1250000000000666,6.640625000000141
0,0.01,0.0,fin_z_min,-0.008821297499999999,0.7075005205751785,0.9765855946938912,3.1250000000000666,6.640625000000141
0,0.01,0.0,fin_z_min,-0.0077828625,0.7072387063165082,0.9765599433170153,3.1250000000000666,6.640625000000141
0,0.01,0.0,fin_z_min,-0.0067444275000000005,0.7070472925880794,0.9763782945016722,3.1250000000000666,6.640625000000141
0,0.01,0.0,fin_z_min,-0.0063982825,0.7073404653575194,0.9763022973226322,3.1250000000000666,6.640625000000141
0,0.01,0.0,fin_z_min,-0.0060521375,0.7065433841816222,0.9764772911227965,3.1250000000000666,6.640625000000141
0,0.01,0.0,fin_z_min,-0.0057059925,0.7065862643333506,0.9767539228488089,3.1250000000000666,6.640625000000141
0,0.01,0.0,fin_z_min,-0.005359847500000001,0.7060878614639234,0.9772812162844312,3.1250000000000666,6.640625000000141
0,0.01,0.0,fin_z_min,-0.005013702500000001,0.7055051762634418,0.9769154291391487,3.1250000000000666,6.640625000000141
0,0.01,0.0,fin_z_min,-0.0046675575,0.7052835668877377,0.9776667101461752,3.1250000000000666,6.640625000000141
0,0.01,0.0,fin_z_min,-0.0043214125,0.7048242343461381,0.9783823349223807,3.1250000000000666,6.640625000000141
0,0.01,0.0,fin_z_min,-0.003975267500000001,0.7046142149316823,0.9773162379552424,3.1250000000000666,6.640625000000141
0,0.01,0.0,fin_z_min,-0.003629122500000001,0.7037481980286004,0.979064342560875,3.1250000000000666,6.640625000000141
0,0.01,0.0,fin_z_min,-0.0032829775,0.7036277027581128,0.9793665692600968,3.1250000000000666,6.640625000000141
0,0.01,0.0,fin_z_min,-0.0029368325,0.7035390268616186,0.9776393237307779,3.1250000000000666,6.640625000000141
0,0.01,0.0,fin_z_min,-0.002590687500000001,0.7017291942529741,0.9804128695945307,3.1250000000000666,6.640625000000141
0,0.01,0.0,fin_z_min,-0.002244542500000001,0.7000301969658285,0.9811062481302032,3.1250000000000666,6.640625000000141
0,0.01,0.0,fin_z_min,-0.0018983975000000002,0.7013408325897438,0.9783685727917317,3.1250000000000666,6.640625000000141
0,0.01,0.0,fin_z_min,-0.0015522525000000002,0.6980719315433658,0.9816516478755186,3.1250000000000666,6.640625000000141
0,0.01,0.0,fin_z_min,-0.0012061075000000011,0.6978247764613265,0.9816818949752599,3.1250000000000666,6.640625000000141
0,0.01,0.0,fin_z_min,-0.0008599625000000012,0.6997693519412791,0.9784517302066313,3.1250000000000666,6.640625000000141
0,0.01,0.0,fin_z_min,-0.0005138175000000004,0.6946593354707364,0.980828429769943,3.1250000000000666,6.640625000000141
0,0.01,0.0,fin_z_min,-0.0001676725000000004,0.6979941638166266,0.9792312230104889,3.1250000000000666,6.640625000000141
0,0.01,0.0,fin_z_min,0.0001784724999999987,0.6862758110529535,0.9802022682773961,3.1250000000000666,6.640625000000141
0,0.01,0.0,fin_z_min,0.0005246174999999987,0.6967689383313348,0.9803925962527976,3.1250000000000666,6.640625000000141
0,0.01,0.0,fin_z_min,0.0008707624999999995,0.6951940047261171,0.9798626213897026,3.1250000000000666,6.640625000000141
0,0.01,0.0,fin_z_min,0.0012169074999999994,0.671311929458038,0.9810480678297473,3.1250000000000666,6.640625000000141
0,0.01,0.0,fin_z_min,0.0015630524999999985,0.6915843008954903,0.9814220428388173,3.1250000000000666,6.640625000000141
0,0.01,0.0,fin_z_min,0.0019091974999999994,0.6919967230727305,0.9805596842131867,3.1250000000000666,6.640625000000141
0,0.01,0.0,fin_z_min,0.0022553425,0.6386897846153935,0.9772064507019654,3.1250000000000666,6.640625000000141
0,0.01,0.0,fin_z_min,0.0026014874999999993,0.6872788694361328,0.9823652828167505,3.1250000000000666,6.640625000000141
0,0.01,0.0,fin_z_min,0.0029476324999999984,0.688316918273581,0.9816004536568731,3.1250000000000666,6.640625000000141
0,0.01,0.0,fin_z_min,0.0032937774999999975,0.6812420877605734,0.9837050659370448,3.1250000000000666,6.640625000000141
0,0.01,0.0,fin_z_min,0.0036399224999999983,0.6109767166940054,0.9669371828340823,3.1250000000000666,6.640625000000141
0,0.01,0.0,fin_z_min,0.003986067499999999,0.6846873996408681,0.9830806799106729,3.1250000000000666,6.640625000000141
0,0.01,0.0,fin_z_min,0.004332212499999998,0.6815076528680141,0.9850894537152973,3.1250000000000666,6.640625000000141
0,0.01,0.0,fin_z_min,0.004678357499999999,0.7345567150663428,0.9421320090663431,3.1250000000000666,6.640625000000141
0,0.01,0.0,fin_z_min,0.0050245025,0.697430660056617,0.985271594428575,3.1250000000000666,6.640625000000141
0,0.01,0.0,fin_z_min,0.005370647499999999,0.7123026569823271,0.984891812384323,3.1250000000000666,6.640625000000141
0,0.01,0.0,fin_z_min,0.005716792499999998,0.5387948919665863,0.9206098857350438,3.1250000000000666,6.640625000000141
0,0.01,0.0,fin_z_min,0.006062937499999997,0.7609100849864704,0.9656700076963688,3.1250000000000666,6.640625000000141
0,0.01,0.0,fin_z_min,0.006409082499999998,0.7697008444277068,0.9591642837503801,3.1250000000000666,6.640625000000141
0,0.01,0.0,fin_z_min,0.006755227499999999,0.76111150207957,0.9620531164844033,3.1250000000000666,6.640625000000141
0,0.01,0.0,fin_z_min,0.007447517499999999,0.6885584989214811,0.936638248484271,3.1250000000000666,6.640625000000141
0,0.01,0.0,fin_z_min,0.0077936624999999995,0.6557086218794531,0.9435876702986322,3.1250000000000666,6.640625000000141
0,0.01,0.0,fin_z_min,0.008485952499999998,0.4661208802275546,0.9457116742894066,3.1250000000000666,6.640625000000141
0,0.01,0.0,fin_z_min,0.008832097499999997,0.4529968382366807,0.9666513288184815,3.1250000000000666,6.640625000000141
0,0.01,0.0,fin_z_min,0.009524387499999998,0.2676190430741307,0.9820978870669425,3.1250000000000666,6.640625000000141
0,0.01,0.0,fin_z_min,0.009870532499999998,0.2931713488196667,0.9858931763574819,3.1250000000000666,6.640625000000141
0,0.01,0.0,fin_z_min,0.010216677499999998,0.18182768361284504,0.978606189399822,3.1250000000000666,6.640625000000141
0,0.01,0.0,fin_z_min,0.010908967499999998,0.20828716454558482,0.9673731604501821,3.1250000000000666,6.640625000000141
0,0.01,0.0,fin_z_min,0.011255112499999997,0.14959073957354657,0.9311892124089401,3.1250000000000666,6.640625000000141
0,0.01,0.0,fin_z_min,0.011947402499999997,0.16478073100077728,0.9166894322591647,3.1250000000000666,6.640625000000141
0,0.01,0.0,fin_z_min,0.012293547499999998,0.16349097944730295,0.8703480981031538,3.1250000000000666,6.640625000000141
0,0.01,0.0,fin_z_min,0.012985837499999998,0.18106472219095662,0.85119485719529,3.1250000000000666,6.640625000000141
0,0.01,0.0,fin_z_min,0.013331982499999999,0.20989683484538846,0.8085265690466107,3.1250000000000666,6.640625000000141
0,0.01,0.0,fin_z_min,0.013678127499999998,0.21259476024467117,0.8089790792951937,3.1250000000000666,6.640625000000141
0,0.01,0.0,fin_z_max,-0.0136673275,0.7085913473345007,0.9766539330932668,3.1250000000000666,6.640625000000141
0,0.01,0.0,fin_z_max,-0.012975037499999998,0.708636807911398,0.976667532618236,3.1250000000000666,6.640625000000141
0,0.01,0.0,fin_z_max,-0.0119366025,0.7087570716707854,0.9766861619262074,3.1250000000000666,6.640625000000141
0,0.01,0.0,fin_z_max,-0.0108981675,0.7088969147084404,0.9766687844152503,3.1250000000000666,6.640625000000141
0,0.01,0.0,fin_z_max,-0.0098597325,0.7090819866237281,0.9766448705200601,3.1250000000000666,6.640625000000141
0,0.01,0.0,fin_z_max,-0.008821297499999999,0.7093132947360116,0.9766732721368966,3.1250000000000666,6.640625000000141
0,0.01,0.0,fin_z_max,-0.0077828625,0.7096484574260542,0.9766703703356358,3.1250000000000666,6.640625000000141
0,0.01,0.0,fin_z_max,-0.0067444275000000005,0.7105349972493556,0.9765203716664439,3.1250000000000666,6.640625000000141
0,0.01,0.0,fin_z_max,-0.0063982825,0.7121516456336919,0.9764316699087358,3.1250000000000666,6.640625000000141
0,0.01,0.0,fin_z_max,-0.0060521375,0.7116600586177797,0.9766735727809909,3.1250000000000666,6.640625000000141
0,0.01,0.0,fin_z_max,-0.0057059925,0.7132673479626818,0.9769483012790716,3.1250000000000666,6.640625000000141
0,0.01,0.0,fin_z_max,-0.005359847500000001,0.7139029143405385,0.977523467405568,3.1250000000000666,6.640625000000141
0,0.01,0.0,fin_z_max,-0.005013702500000001,0.7125950120328234,0.9772616507391985,3.1250000000000666,6.640625000000141
0,0.01,0.0,fin_z_max,-0.0046675575,0.7159777443940395,0.9780074890346385,3.1250000000000666,6.640625000000141
0,0.01,0.0,fin_z_max,-0.0043214125,0.716460137579078,0.9786260129926718,3.1250000000000666,6.640625000000141
0,0.01,0.0,fin_z_max,-0.003975267500000001,0.7134448383525721,0.9777586429068211,3.1250000000000666,6.640625000000141
0,0.01,0.0,fin_z_max,-0.003629122500000001,0.7185291505941632,0.9794984725130723,3.1250000000000666,6.640625000000141
0,0.01,0.0,fin_z_max,-0.0032829775,0.7185660877938405,0.9798017233815137,3.1250000000000666,6.640625000000141
0,0.01,0.0,fin_z_max,-0.0029368325,0.714524526964888,0.978526244760377,3.1250000000000666,6.640625000000141
0,0.01,0.0,fin_z_max,-0.002590687500000001,0.7220434819287865,0.9809584116258764,3.1250000000000666,6.640625000000141
0,0.01,0.0,fin_z_max,-0.002244542500000001,0.725182639976228,0.9816880329700848,3.1250000000000666,6.640625000000141
0,0.01,0.0,fin_z_max,-0.0018983975000000002,0.7174351226556208,0.9790486603640334,3.1250000000000666,6.640625000000141
0,0.01,0.0,fin_z_max,-0.0015522525000000002,0.7283809540372658,0.9823680714234198,3.1250000000000666,6.640625000000141
0,0.01,0.0,fin_z_max,-0.0012061075000000011,0.7298634869847388,0.9822917885559335,3.1250000000000666,6.640625000000141
0,0.01,0.0,fin_z_max,-0.0008599625000000012,0.7192037138347853,0.979236965602138,3.1250000000000666,6.640625000000141
0,0.01,0.0,fin_z_max,-0.0005138175000000004,0.7355839339203256,0.9813041252026787,3.1250000000000666,6.640625000000141
0,0.01,0.0,fin_z_max,-0.0001676725000000004,0.7226519154724292,0.9799315992416615,3.1250000000000666,6.640625000000141
0,0.01,0.0,fin_z_max,0.0001784724999999987,0.7459008495740851,0.9805365870330359,3.1250000000000666,6.640625000000141
0,0.01,0.0,fin_z_max,0.0005246174999999987,0.7269006137839508,0.9811817347755679,3.1250000000000666,6.640625000000141
0,0.01,0.0,fin_z_max,0.0008707624999999995,0.727160669862733,0.9810260018691794,3.1250000000000666,6.640625000000141
0,0.01,0.0,fin_z_max,0.0012169074999999994,0.7511694436747826,0.9818751498046598,3.1250000000000666,6.640625000000141
0,0.01,0.0,fin_z_max,0.0015630524999999985,0.7369527899933982,0.9819849831312703,3.1250000000000666,6.640625000000141
0,0.01,0.0,fin_z_max,0.0019091974999999994,0.7326207490282777,0.981795520499945,3.1250000000000666,6.640625000000141
0,0.01,0.0,fin_z_max,0.0022553425,0.7336284993705943,0.9806566635980233,3.1250000000000666,6.640625000000141
0,0.01,0.0,fin_z_max,0.0026014874999999993,0.7442399734557137,0.9828135289292437,3.1250000000000666,6.640625000000141
0,0.01,0.0,fin_z_max,0.0029476324999999984,0.7394364790655059,0.9822566019487163,3.1250000000000666,6.640625000000141
0,0.01,0.0,fin_z_max,0.0032937774999999975,0.7547142747564048,0.9830936761329607,3.1250000000000666,6.640625000000141
0,0.01,0.0,fin_z_max,0.0036399224999999983,0.6784586918911407,0.9827591507671759,3.1250000000000666,6.640625000000141
0,0.01,0.0,fin_z_max,0.003986067499999999,0.7488565483066388,0.9842652613618661,3.1250000000000666,6.640625000000141
0,0.01,0.0,fin_z_max,0.004332212499999998,0.7612246960535146,0.9855584302795874,3.1250000000000666,6.640625000000141
0,0.01,0.0,fin_z_max,0.004678357499999999,0.6884125605101439,0.9897383687627619,3.1250000000000666,6.640625000000141
0,0.01,0.0,fin_z_max,0.0050245025,0.7443152906949945,0.9869534775546114,3.1250000000000666,6.640625000000141
0,0.01,0.0,fin_z_max,0.005370647499999999,0.727093168139184,0.9878822786111393,3.1250000000000666,6.640625000000141
0,0.01,0.0,fin_z_max,0.005716792499999998,0.609799868160221,0.9790792854762578,3.1250000000000666,6.640625000000141
0,0.01,0.0,fin_z_max,0.006062937499999997,0.5776432715576991,0.9763750151805834,3.1250000000000666,6.640625000000141
0,0.01,0.0,fin_z_max,0.006409082499999998,0.5144342487401309,0.9713687332963601,3.1250000000000666,6.640625000000141
0,0.01,0.0,fin_z_max,0.006755227499999999,0.5164416819017968,0.9767928355956889,3.1250000000000666,6.640625000000141
0,0.01,0.0,fin_z_max,0.007447517499999999,0.43400413946936334,0.9605014873547387,3.1250000000000666,6.640625000000141
0,0.01,0.0,fin_z_max,0.0077936624999999995,0.3947547147623054,0.969504292201752,3.1250000000000666,6.640625000000141
0,0.01,0.0,fin_z_max,0.008485952499999998,0.3518108495074544,0.9665683555206155,3.1250000000000666,6.640625000000141
0,0.01,0.0,fin_z_max,0.008832097499999997,0.27334622148413557,0.9819128862744544,3.1250000000000666,6.640625000000141
0,0.01,0.0,fin_z_max,0.009524387499999998,0.2490149119586359,0.9856462959025782,3.1250000000000666,6.640625000000141
0,0.01,0.0,fin_z_max,0.009870532499999998,0.1200023035585927,0.9886488242759177,3.1250000000000666,6.640625000000141
0,0.01,0.0,fin_z_max,0.010216677499999998,0.10562370343155321,0.9831439697105807,3.1250000000000666,6.640625000000141
0,0.01,0.0,fin_z_max,0.010908967499999998,0.0005105668738124116,0.9775709540099787,3.1250000000000666,6.640625000000141
0,0.01,0.0,fin_z_max,0.011255112499999997,0.0378068582050029,0.9653159558205668,3.1250000000000666,6.640625000000141
0,0.01,0.0,fin_z_max,0.011947402499999997,0.46668580472480076,0.9600488265757479,3.1250000000000666,6.640625000000141
0,0.01,0.0,fin_z_max,0.012293547499999998,0.7564994726564156,0.9510523508047011,3.1250000000000666,6.640625000000141
0,0.01,0.0,fin_z_max,0.012985837499999998,0.8565814721457858,0.9501577685143578,3.1250000000000666,6.640625000000141
0,0.01,0.0,fin_z_max,0.013331982499999999,0.8121625428781586,0.9547206506582899,3.1250000000000666,6.640625000000141
0,0.01,0.0,fin_z_max,0.013678127499999998,0.7999548145207993,0.9577429736392404,3.1250000000000666,6.640625000000141
1,0.02,0.0,fin_z_min,-0.0136673275,0.21319411066869093,0.9799525880080427,3.1250000000000666,6.640625000000141
1,0.02,0.0,fin_z_min,-0.012975037499999998,0.213240601354846,0.9799623525576142,3.1250000000000666,6.640625000000141
1,0.02,0.0,fin_z_min,-0.0119366025,0.21336026977109307,0.9799697290951497,3.1250000000000666,6.640625000000141
1,0.02,0.0,fin_z_min,-0.0108981675,0.21348045762014126,0.9799558614472298,3.1250000000000666,6.640625000000141
1,0.02,0.0,fin_z_min,-0.0098597325,0.2136128123308142,0.9799211542984206,3.1250000000000666,6.640625000000141
1,0.02,0.0,fin_z_min,-0.008821297499999999,0.21379006362546496,0.9799302695476365,3.1250000000000666,6.640625000000141
1,0.02,0.0,fin_z_min,-0.0077828625,0.21400455095133444,0.9799021213783092,3.1250000000000666,6.640625000000141
1,0.02,0.0,fin_z_min,-0.0067444275000000005,0.2143243284568881,0.9797291648135299,3.1250000000000666,6.640625000000141
1,0.02,0.0,fin_z_min,-0.0063982825,0.214658545170623,0.9796678976716927,3.1250000000000666,6.640625000000141
1,0.02,0.0,fin_z_min,-0.0060521375,0.2149166913609051,0.979823375880556,3.1250000000000666,6.640625000000141
1,0.02,0.0,fin_z_min,-0.0057059925,0.21547766114713843,0.9801029857712357,3.1250000000000666,6.640625000000141
1,0.02,0.0,fin_z_min,-0.005359847500000001,0.21585311065316218,0.980578092760666,3.1250000000000666,6.640625000000141
1,0.02,0.0,fin_z_min,-0.005013702500000001,0.21566577474085563,0.9802171446955592,3.1250000000000666,6.640625000000141
1,0.02,0.0,fin_z_min,-0.0046675575,0.21695042424110522,0.9809448895029929,3.1250000000000666,6.640625000000141
1,0.02,0.0,fin_z_min,-0.0043214125,0.21717078012422888,0.9815815617389418,3.1250000000000666,6.640625000000141
1,0.02,0.0,fin_z_min,-0.003975267500000001,0.2163277091599806,0.9805757488762495,3.1250000000000666,6.640625000000141
1,0.02,0.0,fin_z_min,-0.003629122500000001,0.2185066570274057,0.9822258342387788,3.1250000000000666,6.640625000000141
1,0.02,0.0,fin_z_min,-0.0032829775,0.21843930341870435,0.9824926478876972,3.1250000000000666,6.640625000000141
1,0.02,0.0,fin_z_min,-0.0029368325,0.2171545595891952,0.9808707053137277,3.1250000000000666,6.640625000000141
1,0.02,0.0,fin_z_min,-0.002590687500000001,0.22076772751779894,0.9834837312809567,3.1250000000000666,6.640625000000141
1,0.02,0.0,fin_z_min,-0.002244542500000001,0.22313737263562355,0.9841612527664602,3.1250000000000666,6.640625000000141
1,0.02,0.0,fin_z_min,-0.0018983975000000002,0.21915450740372577,0.981540550612498,3.1250000000000666,6.640625000000141
1,0.02,0.0,fin_z_min,-0.0015522525000000002,0.22492298932566415,0.9846542804570081,3.1250000000000666,6.640625000000141
1,0.02,0.0,fin_z_min,-0.0012061075000000011,0.2259052288089877,0.9847322560492793,3.1250000000000666,6.640625000000141
1,0.02,0.0,fin_z_min,-0.0008599625000000012,0.2205409890311388,0.9816237107371061,3.1250000000000666,6.640625000000141
1,0.02,0.0,fin_z_min,-0.0005138175000000004,0.2312386370069839,0.9842185001045555,3.1250000000000666,6.640625000000141
1,0.02,0.0,fin_z_min,-0.0001676725000000004,0.22265682927713554,0.9823736983176594,3.1250000000000666,6.640625000000141
1,0.02,0.0,fin_z_min,0.0001784724999999987,0.24492876881202363,0.9840063607531649,3.1250000000000666,6.640625000000141
1,0.02,0.0,fin_z_min,0.0005246174999999987,0.22487083683115128,0.9834916866099626,3.1250000000000666,6.640625000000141
1,0.02,0.0,fin_z_min,0.0008707624999999995,0.2260961303638459,0.9830042103639958,3.1250000000000666,6.640625000000141
1,0.02,0.0,fin_z_min,0.0012169074999999994,0.26559889964696454,0.9849294256079058,3.1250000000000666,6.640625000000141
1,0.02,0.0,fin_z_min,0.0015630524999999985,0.23290993301328605,0.9846316323919538,3.1250000000000666,6.640625000000141
1,0.02,0.0,fin_z_min,0.0019091974999999994,0.23019047348658392,0.9837038134396895,3.1250000000000666,6.640625000000141
1,0.02,0.0,fin_z_min,0.0022553425,0.3065254353610479,0.9815530882675357,3.1250000000000666,6.640625000000141
1,0.02,0.0,fin_z_min,0.0026014874999999993,0.2388956978145002,0.9855962365226465,3.1250000000000666,6.640625000000141
1,0.02,0.0,fin_z_min,0.0029476324999999984,0.23510336822829156,0.9847264193643362,3.1250000000000666,6.640625000000141
1,0.02,0.0,fin_z_min,0.0032937774999999975,0.2486065711818881,0.9869596676666975,3.1250000000000666,6.640625000000141
1,0.02,0.0,fin_z_min,0.0036399224999999983,0.36794576493412234,0.9715747785721586,3.1250000000000666,6.640625000000141
1,0.02,0.0,fin_z_min,0.003986067499999999,0.24246280049772756,0.9861884530745159,3.1250000000000666,6.640625000000141
1,0.02,0.0,fin_z_min,0.004332212499999998,0.25645069254817154,0.9883575570501644,3.1250000000000666,6.640625000000141
1,0.02,0.0,fin_z_min,0.004678357499999999,0.2116740260637063,0.9464743638062284,3.1250000000000666,6.640625000000141
1,0.02,0.0,fin_z_min,0.0050245025,0.24718008024028504,0.9884544803013391,3.1250000000000666,6.640625000000141
1,0.02,0.0,fin_z_min,0.005370647499999999,0.2540981428720403,0.9883226561613401,3.1250000000000666,6.640625000000141
1,0.02,0.0,fin_z_min,0.005716792499999998,0.05856355829242326,0.9243247206081879,3.1250000000000666,6.640625000000141
1,0.02,0.0,fin_z_min,0.006062937499999997,0.208838544296591,0.9689888982282526,3.1250000000000666,6.640625000000141
1,0.02,0.0,fin_z_min,0.006409082499999998,0.18363587988444807,0.9629432782400308,3.1250000000000666,6.640625000000141
1,0.02,0.0,fin_z_min,0.006755227499999999,0.18856353524652056,0.9656821242154928,3.1250000000000666,6.640625000000141
1,0.02,0.0,fin_z_min,0.007447517499999999,0.13160276976623492,0.9405353247032905,3.1250000000000666,6.640625000000141
1,0.02,0.0,fin_z_min,0.0077936624999999995,0.1493654049933036,0.9470013325465532,3.1250000000000666,6.640625000000141
1,0.02,0.0,fin_z_min,0.008485952499999998,0.13352128388389595,0.948931930991647,3.1250000000000666,6.640625000000141
1,0.02,0.0,fin_z_min,0.008832097499999997,0.20163702740614106,0.9692100753133922,3.1250000000000666,6.640625000000141
1,0.02,0.0,fin_z_min,0.009524387499999998,0.2550161466600993,0.9841379498982264,3.1250000000000666,6.640625000000141
1,0.02,0.0,fin_z_min,0.009870532499999998,0.317866170584798,0.9872523559825058,3.1250000000000666,6.640625000000141
1,0.02,0.0,fin_z_min,0.010216677499999998,0.3742399919380285,0.9792065299250492,3.1250000000000666,6.640625000000141
1,0.02,0.0,fin_z_min,0.010908967499999998,0.40234383067289686,0.9672787143466937,3.1250000000000666,6.640625000000141
1,0.02,0.0,fin_z_min,0.011255112499999997,0.42891584962292334,0.9299292469701915,3.1250000000000666,6.640625000000141
1,0.02,0.0,fin_z_min,0.011947402499999997,0.43343060119036053,0.9145237454817648,3.1250000000000666,6.640625000000141
1,0.02,0.0,fin_z_min,0.012293547499999998,0.43144221034868613,0.8667069932185855,3.1250000000000666,6.640625000000141
1,0.02,0.0,fin_z_min,0.012985837499999998,0.43554764087035436,0.8466088766109341,3.1250000000000666,6.640625000000141
1,0.02,0.0,fin_z_min,0.013331982499999999,0.4334766637793061,0.80286501770355,3.1250000000000666,6.640625000000141
1,0.02,0.0,fin_z_min,0.013678127499999998,0.43645086420864143,0.8032145741704042,3.1250000000000666,6.640625000000141
1,0.02,0.0,fin_z_max,-0.0136673275,0.2129449883925962,0.9799772924496517,3.1250000000000666,6.640625000000141
1,0.02,0.0,fin_z_max,-0.012975037499999998,0.21291332987599376,0.9799928082655532,3.1250000000000666,6.640625000000141
1,0.02,0.0,fin_z_max,-0.0119366025,0.2128224769453674,0.980019640292775,3.1250000000000666,6.640625000000141
1,0.02,0.0,fin_z_max,-0.0108981675,0.21272845490757505,0.9800135696236059,3.1250000000000666,6.640625000000141
1,0.02,0.0,fin_z_max,-0.0098597325,0.212596253746798,0.9799927789070261,3.1250000000000666,6.640625000000141
1,0.02,0.0,fin_z_max,-0.008821297499999999,0.2124125134938149,0.980016097664125,3.1250000000000666,6.640625000000141
1,0.02,0.0,fin_z_max,-0.0077828625,0.2121547745881468,0.9800100202397405,3.1250000000000666,6.640625000000141
1,0.02,0.0,fin_z_max,-0.0067444275000000005,0.21165155009006503,0.9798694008580916,3.1250000000000666,6.640625000000141
1,0.02,0.0,fin_z_max,-0.0063982825,0.2109914772372806,0.979800299078298,3.1250000000000666,6.640625000000141
1,0.02,0.0,fin_z_max,-0.0060521375,0.2110462195682638,0.9800190492549116,3.1250000000000666,6.640625000000141
1,0.02,0.0,fin_z_max,-0.0057059925,0.2104896025663738,0.9802995249373784,3.1250000000000666,6.640625000000141
1,0.02,0.0,fin_z_max,-0.005359847500000001,0.210073398944465,0.9808205368179889,3.1250000000000666,6.640625000000141
1,0.02,0.0,fin_z_max,-0.005013702500000001,0.21036001737150567,0.9805572298148639,3.1250000000000666,6.640625000000141
1,0.02,0.0,fin_z_max,-0.0046675575,0.20916183818171463,0.9812826847909428,3.1250000000000666,6.640625000000141
1,0.02,0.0,fin_z_max,-0.0043214125,0.2087430691364745,0.9818288016355694,3.1250000000000666,6.640625000000141
1,0.02,0.0,fin_z_max,-0.003975267500000001,0.20970265441349165,0.9810140309163263,3.1250000000000666,6.640625000000141
1,0.02,0.0,fin_z_max,-0.003629122500000001,0.20785491984456358,0.9826497845513612,3.1250000000000666,6.640625000000141
1,0.02,0.0,fin_z_max,-0.0032829775,0.20766011480896912,0.9829128256376239,3.1250000000000666,6.640625000000141
1,0.02,0.0,fin_z_max,-0.0029368325,0.20895840226825851,0.9817218966416473,3.1250000000000666,6.640625000000141
1,0.02,0.0,fin_z_max,-0.002590687500000001,0.20624761133148492,0.9839992113694428,3.1250000000000666,6.640625000000141
1,0.02,0.0,fin_z_max,-0.002244542500000001,0.2052246465209463,0.9847079859864225,3.1250000000000666,6.640625000000141
1,0.02,0.0,fin_z_max,-0.0018983975000000002,0.20728252014421514,0.9822212271030054,3.1250000000000666,6.640625000000141
1,0.02,0.0,fin_z_max,-0.0015522525000000002,0.20348987465081927,0.9853162828314914,3.1250000000000666,6.640625000000141
1,0.02,0.0,fin_z_max,-0.0012061075000000011,0.2030907650727899,0.9852869477865907,3.1250000000000666,6.640625000000141
1,0.02,0.0,fin_z_max,-0.0008599625000000012,0.20607088732812123,0.9824223728481412,3.1250000000000666,6.640625000000141
1,0.02,0.0,fin_z_max,-0.0005138175000000004,0.2018024875779821,0.984592072731983,3.1250000000000666,6.640625000000141
1,0.02,0.0,fin_z_max,-0.0001676725000000004,0.20430900943978372,0.9830974109863568,3.1250000000000666,6.640625000000141
1,0.02,0.0,fin_z_max,0.0001784724999999987,0.20156213619228291,0.9841252093223133,3.1250000000000666,6.640625000000141
1,0.02,0.0,fin_z_max,0.0005246174999999987,0.2027845387453884,0.9842692279902745,3.1250000000000666,6.640625000000141
1,0.02,0.0,fin_z_max,0.0008707624999999995,0.20250609017481772,0.9841617746213281,3.1250000000000666,6.640625000000141
1,0.02,0.0,fin_z_max,0.0012169074999999994,0.20653126400078115,0.9853732353788726,3.1250000000000666,6.640625000000141
1,0.02,0.0,fin_z_max,0.0015630524999999985,0.19976159177157654,0.9851448467392977,3.1250000000000666,6.640625000000141
1,0.02,0.0,fin_z_max,0.0019091974999999994,0.20024253737684442,0.9849299469430112,3.1250000000000666,6.640625000000141
1,0.02,0.0,fin_z_max,0.0022553425,0.22830873093859982,0.9841863289989633,3.1250000000000666,6.640625000000141
1,0.02,0.0,fin_z_max,0.0026014874999999993,0.19713590280318072,0.985977535452346,3.1250000000000666,6.640625000000141
1,0.02,0.0,fin_z_max,0.0029476324999999984,0.1972253395719084,0.9854320369262439,3.1250000000000666,6.640625000000141
1,0.02,0.0,fin_z_max,0.0032937774999999975,0.1936946883870572,0.9863324577990281,3.1250000000000666,6.640625000000141
1,0.02,0.0,fin_z_max,0.0036399224999999983,0.2594669249344847,0.985633314095103,3.1250000000000666,6.640625000000141
1,0.02,0.0,fin_z_max,0.003986067499999999,0.19424555579610314,0.9873183977948089,3.1250000000000666,6.640625000000141
1,0.02,0.0,fin_z_max,0.004332212499999998,0.1938267370081692,0.9886038101556515,3.1250000000000666,6.640625000000141
1,0.02,0.0,fin_z_max,0.004678357499999999,0.19968576393705328,0.9920753856547501,3.1250000000000666,6.640625000000141
1,0.02,0.0,fin_z_max,0.0050245025,0.20402642956658304,0.9898936018900848,3.1250000000000666,6.640625000000141
1,0.02,0.0,fin_z_max,0.005370647499999999,0.2217597394251933,0.9908469687125803,3.1250000000000666,6.640625000000141
1,0.02,0.0,fin_z_max,0.005716792499999998,0.24597129462522993,0.9825178875872127,3.1250000000000666,6.640625000000141
1,0.02,0.0,fin_z_max,0.006062937499999997,0.30573472679607366,0.9802705733214314,3.1250000000000666,6.640625000000141
1,0.02,0.0,fin_z_max,0.006409082499999998,0.3323121232527183,0.9757582861518962,3.1250000000000666,6.640625000000141
1,0.02,0.0,fin_z_max,0.006755227499999999,0.3314409025791628,0.9807840483417093,3.1250000000000666,6.640625000000141
1,0.02,0.0,fin_z_max,0.007447517499999999,0.35631882322758696,0.9656609033030576,3.1250000000000666,6.640625000000141
1,0.02,0.0,fin_z_max,0.0077936624999999995,0.3778617735204513,0.9741620867778739,3.1250000000000666,6.640625000000141
1,0.02,0.0,fin_z_max,0.008485952499999998,0.3816377599434687,0.9717491921875284,3.1250000000000666,6.640625000000141
1,0.02,0.0,fin_z_max,0.008832097499999997,0.42379687534119803,0.9859384642308735,3.1250000000000666,6.640625000000141
1,0.02,0.0,fin_z_max,0.009524387499999998,0.4206980050481085,0.9894308326277451,3.1250000000000666,6.640625000000141
1,0.02,0.0,fin_z_max,0.009870532499999998,0.4773761357598072,0.9915711640483847,3.1250000000000666,6.640625000000141
1,0.02,0.0,fin_z_max,0.010216677499999998,0.46368863080764666,0.9856331468925216,3.1250000000000666,6.640625000000141
1,0.02,0.0,fin_z_max,0.010908967499999998,0.47521922880441964,0.9795400612411568,3.1250000000000666,6.640625000000141
1,0.02,0.0,fin_z_max,0.011255112499999997,0.38099049266656876,0.9669365125271363,3.1250000000000666,6.640625000000141
1,0.02,0.0,fin_z_max,0.011947402499999997,0.16011696277173162,0.9613479301970538,3.1250000000000666,6.640625000000141
1,0.02,0.0,fin_z_max,0.012293547499999998,0.041321508420700204,0.9523953998945368,3.1250000000000666,6.640625000000141
1,0.02,0.0,fin_z_max,0.012985837499999998,0.08734851217630651,0.9516485031439927,3.1250000000000666,6.640625000000141
1,0.02,0.0,fin_z_max,0.013331982499999999,0.14239508341004095,0.9565697132857591,3.1250000000000666,6.640625000000141
1,0.02,0.0,fin_z_max,0.013678127499999998,0.16169948123214298,0.9596452488008302,3.1250000000000666,6.640625000000141
2,0.03,0.0,fin_z_min,-0.0136673275,0.5099196994516523,0.9888665900819503,3.1250000000000666,6.640625000000141
2,0.03,0.0,fin_z_min,-0.012975037499999998,0.5099221399846724,0.9888715600503702,3.1250000000000666,6.640625000000141
2,0.03,0.0,fin_z_min,-0.0119366025,0.5099238247466172,0.988821941804474,3.1250000000000666,6.640625000000141
2,0.03,0.0,fin_z_min,-0.0108981675,0.509951859629505,0.988698543269093,3.1250000000000666,6.640625000000141
2,0.03,0.0,fin_z_min,-0.0098597325,0.509988454430982,0.9886113725071414,3.1250000000000666,6.640625000000141
2,0.03,0.0,fin_z_min,-0.008821297499999999,0.5099935216686201,0.9886253429546645,3.1250000000000666,6.640625000000141
2,0.03,0.0,fin_z_min,-0.0077828625,0.5100189360097938,0.9886807316192742,3.1250000000000666,6.640625000000141
2,0.03,0.0,fin_z_min,-0.0067444275000000005,0.5101708893542962,0.9887064226976239,3.1250000000000666,6.640625000000141
2,0.03,0.0,fin_z_min,-0.0063982825,0.5105181569459716,0.9888174723899953,3.1250000000000666,6.640625000000141
2,0.03,0.0,fin_z_min,-0.0060521375,0.5102896457981654,0.988783116264391,3.1250000000000666,6.640625000000141
2,0.03,0.0,fin_z_min,-0.0057059925,0.5105794814401614,0.9890285841605875,3.1250000000000666,6.640625000000141
2,0.03,0.0,fin_z_min,-0.005359847500000001,0.5105033580724039,0.9893749353035254,3.1250000000000666,6.640625000000141
2,0.03,0.0,fin_z_min,-0.005013702500000001,0.5102127014849105,0.9890637585149678,3.1250000000000666,6.640625000000141
2,0.03,0.0,fin_z_min,-0.0046675575,0.5107055340869785,0.9895252970180904,3.1250000000000666,6.640625000000141
2,0.03,0.0,fin_z_min,-0.0043214125,0.5105002486640906,0.989986065566433,3.1250000000000666,6.640625000000141
2,0.03,0.0,fin_z_min,-0.003975267500000001,0.5101566861712443,0.9893193038225352,3.1250000000000666,6.640625000000141
2,0.03,0.0,fin_z_min,-0.003629122500000001,0.5105761679711122,0.9903345489715513,3.1250000000000666,6.640625000000141
2,0.03,0.0,fin_z_min,-0.0032829775,0.5104682469172523,0.9904696123296247,3.1250000000000666,6.640625000000141
2,0.03,0.0,fin_z_min,-0.0029368325,0.5101355388158513,0.9895355780119086,3.1250000000000666,6.640625000000141
2,0.03,0.0,fin_z_min,-0.002590687500000001,0.5105233784381997,0.9909690098336364,3.1250000000000666,6.640625000000141
2,0.03,0.0,fin_z_min,-0.002244542500000001,0.5106754545117788,0.9912226364279396,3.1250000000000666,6.640625000000141
2,0.03,0.0,fin_z_min,-0.0018983975000000002,0.5101551885137762,0.9900231584110627,3.1250000000000666,6.640625000000141
2,0.03,0.0,fin_z_min,-0.0015522525000000002,0.5105939107674426,0.9915509103796922,3.1250000000000666,6.640625000000141
2,0.03,0.0,fin_z_min,-0.0012061075000000011,0.5108287860999814,0.9913783922702,3.1250000000000666,6.640625000000141
2,0.03,0.0,fin_z_min,-0.0008599625000000012,0.5102684922654467,0.9900583403654987,3.1250000000000666,6.640625000000141
2,0.03,0.0,fin_z_min,-0.0005138175000000004,0.5112562309345614,0.9902638536920072,3.1250000000000666,6.640625000000141
2,0.03,0.0,fin_z_min,-0.0001676725000000004,0.5104841937649668,0.9904469879013342,3.1250000000000666,6.640625000000141
2,0.03,0.0,fin_z_min,0.0001784724999999987,0.511779454344106,0.9887532236470359,3.1250000000000666,6.640625000000141
2,0.03,0.0,fin_z_min,0.0005246174999999987,0.5106938602829413,0.9909039149567036,3.1250000000000666,6.640625000000141
2,0.03,0.0,fin_z_min,0.0008707624999999995,0.5108694846877553,0.9907220930378654,3.1250000000000666,6.640625000000141
2,0.03,0.0,fin_z_min,0.0012169074999999994,0.5103307742979749,0.9883381888466996,3.1250000000000666,6.640625000000141
2,0.03,0.0,fin_z_min,0.0015630524999999985,0.5113859628493336,0.9909581792946748,3.1250000000000666,6.640625000000141
2,0.03,0.0,fin_z_min,0.0019091974999999994,0.5114447650841448,0.991043340615755,3.1250000000000666,6.640625000000141
2,0.03,0.0,fin_z_min,0.0022553425,0.5058736783971644,0.9848006039366244,3.1250000000000666,6.640625000000141
2,0.03,0.0,fin_z_min,0.0026014874999999993,0.5121464720402675,0.9912295457179643,3.1250000000000666,6.640625000000141
2,0.03,0.0,fin_z_min,0.0029476324999999984,0.5125819038516485,0.991505614058618,3.1250000000000666,6.640625000000141
2,0.03,0.0,fin_z_min,0.0032937774999999975,0.5143679899003503,0.9915202312267308,3.1250000000000666,6.640625000000141
2,0.03,0.0,fin_z_min,0.0036399224999999983,0.5532469331443219,0.9794340183162592,3.1250000000000666,6.640625000000141
2,0.03,0.0,fin_z_min,0.003986067499999999,0.5168568226792155,0.99211003262429,3.1250000000000666,6.640625000000141
2,0.03,0.0,fin_z_min,0.004332212499999998,0.5252881623127742,0.9917557259732006,3.1250000000000666,6.640625000000141
2,0.03,0.0,fin_z_min,0.004678357499999999,0.8253683209499251,0.9501829788358113,3.1250000000000666,6.640625000000141
2,0.03,0.0,fin_z_min,0.0050245025,0.542954636505328,0.992566566779625,3.1250000000000666,6.640625000000141
2,0.03,0.0,fin_z_min,0.005370647499999999,0.5700607011438222,0.9907221165863215,3.1250000000000666,6.640625000000141
2,0.03,0.0,fin_z_min,0.005716792499999998,0.6713199066540617,0.9567742768874568,3.1250000000000666,6.640625000000141
2,0.03,0.0,fin_z_min,0.006062937499999997,0.58037542479709,0.9885282618324108,3.1250000000000666,6.640625000000141
2,0.03,0.0,fin_z_min,0.006409082499999998,0.6172760441322591,0.9860716708031648,3.1250000000000666,6.640625000000141
2,0.03,0.0,fin_z_min,0.006755227499999999,0.5952218508870006,0.9876030687462611,3.1250000000000666,6.640625000000141
2,0.03,0.0,fin_z_min,0.007447517499999999,0.5297258184829627,0.9735826496378135,3.1250000000000666,6.640625000000141
2,0.03,0.0,fin_z_min,0.0077936624999999995,0.4570976318636779,0.9777304004887295,3.1250000000000666,6.640625000000141
2,0.03,0.0,fin_z_min,0.008485952499999998,0.27918251839406705,0.9783687863472532,3.1250000000000666,6.640625000000141
2,0.03,0.0,fin_z_min,0.008832097499999997,0.24134409771595333,0.9882520618776742,3.1250000000000666,6.640625000000141
2,0.03,0.0,fin_z_min,0.009524387499999998,0.11335050013886885,0.9896074067302466,3.1250000000000666,6.640625000000141
2,0.03,0.0,fin_z_min,0.009870532499999998,0.17743514316155445,0.9824055087567701,3.1250000000000666,6.640625000000141
2,0.03,0.0,fin_z_min,0.010216677499999998,0.1500227267759414,0.9551018916355838,3.1250000000000666,6.640625000000141
2,0.03,0.0,fin_z_min,0.010908967499999998,0.24309981394501295,0.9367734173488623,3.1250000000000666,6.640625000000141
2,0.03,0.0,fin_z_min,0.011255112499999997,0.24448137785723517,0.8835148915420017,3.1250000000000666,6.640625000000141
2,0.03,0.0,fin_z_min,0.011947402499999997,0.3073507110177024,0.8681902248561123,3.1250000000000666,6.640625000000141
2,0.03,0.0,fin_z_min,0.012293547499999998,0.29773473593862476,0.8135135326604868,3.1250000000000666,6.640625000000141
2,0.03,0.0,fin_z_min,0.012985837499999998,0.32043172165757877,0.7970395241193713,3.1250000000000666,6.640625000000141
2,0.03,0.0,fin_z_min,0.013331982499999999,0.3200981321905378,0.7505203005936562,3.1250000000000666,6.640625000000141
2,0.03,0.0,fin_z_min,0.013678127499999998,0.3279205936349747,0.7521538419942241,3.1250000000000666,6.640625000000141
2,0.03,0.0,fin_z_max,-0.0136673275,0.5099284225606232,0.9888716895715692,3.1250000000000666,6.640625000000141
2,0.03,0.0,fin_z_max,-0.012975037499999998,0.509912799790544,0.9888740343847243,3.1250000000000666,6.640625000000141
2,0.03,0.0,fin_z_max,-0.0119366025,0.5099078326543197,0.9888251073707494,3.1250000000000666,6.640625000000141
2,0.03,0.0,fin_z_max,-0.0108981675,0.5099289885592446,0.9886952487688436,3.1250000000000666,6.640625000000141
2,0.03,0.0,fin_z_max,-0.0098597325,0.5099542563029286,0.9886058002755209,3.1250000000000666,6.640625000000141
2,0.03,0.0,fin_z_max,-0.008821297499999999,0.5099467834632565,0.9886125296677986,3.1250000000000666,6.640625000000141
2,0.03,0.0,fin_z_max,-0.0077828625,0.5099690913967745,0.9886627041014614,3.1250000000000666,6.640625000000141
2,0.03,0.0,fin_z_max,-0.0067444275000000005,0.5101899409135301,0.9886865763645424,3.1250000000000666,6.640625000000141
2,0.03,0.0,fin_z_max,-0.0063982825,0.510850312836282,0.9888028136260685,3.1250000000000666,6.640625000000141
2,0.03,0.0,fin_z_max,-0.0060521375,0.5104333781624932,0.9887658221974908,3.1250000000000666,6.640625000000141
2,0.03,0.0,fin_z_max,-0.0057059925,0.5111288380678405,0.9890312751153566,3.1250000000000666,6.640625000000141
2,0.03,0.0,fin_z_max,-0.005359847500000001,0.5111646030982261,0.9893884069638335,3.1250000000000666,6.640625000000141
2,0.03,0.0,fin_z_max,-0.005013702500000001,0.5103877520677869,0.9890871301223516,3.1250000000000666,6.640625000000141
2,0.03,0.0,fin_z_max,-0.0046675575,0.5117301509454901,0.9895639805504814,3.1250000000000666,6.640625000000141
2,0.03,0.0,fin_z_max,-0.0043214125,0.5116490857105551,0.9899511368654974,3.1250000000000666,6.640625000000141
2,0.03,0.0,fin_z_max,-0.003975267500000001,0.5102939991501984,0.9893231544733296,3.1250000000000666,6.640625000000141
2,0.03,0.0,fin_z_max,-0.003629122500000001,0.5121468646254058,0.9903902976322354,3.1250000000000666,6.640625000000141
2,0.03,0.0,fin_z_max,-0.0032829775,0.5120113399876629,0.9905083153226513,3.1250000000000666,6.640625000000141
2,0.03,0.0,fin_z_max,-0.0029368325,0.510191396273825,0.9897261622549748,3.1250000000000666,6.640625000000141
2,0.03,0.0,fin_z_max,-0.002590687500000001,0.5129169416563245,0.9910586448814641,3.1250000000000666,6.640625000000141
2,0.03,0.0,fin_z_max,-0.002244542500000001,0.5139499928500995,0.9913679063672045,3.1250000000000666,6.640625000000141
2,0.03,0.0,fin_z_max,-0.0018983975000000002,0.5106185027907207,0.9899720446368373,3.1250000000000666,6.640625000000141
2,0.03,0.0,fin_z_max,-0.0015522525000000002,0.5146691592820447,0.9917607694751409,3.1250000000000666,6.640625000000141
2,0.03,0.0,fin_z_max,-0.0012061075000000011,0.5154720994856908,0.9916166181642823,3.1250000000000666,6.640625000000141
2,0.03,0.0,fin_z_max,-0.0008599625000000012,0.5107256771240096,0.9899774129556687,3.1250000000000666,6.640625000000141
2,0.03,0.0,fin_z_max,-0.0005138175000000004,0.5182360780502663,0.9909052318083859,3.1250000000000666,6.640625000000141
2,0.03,0.0,fin_z_max,-0.0001676725000000004,0.5115617185068004,0.9903078346733093,3.1250000000000666,6.640625000000141
2,0.03,0.0,fin_z_max,0.0001784724999999987,0.5237933709822479,0.9904064890997395,3.1250000000000666,6.640625000000141
2,0.03,0.0,fin_z_max,0.0005246174999999987,0.513233537061882,0.9909210255674435,3.1250000000000666,6.640625000000141
2,0.03,0.0,fin_z_max,0.0008707624999999995,0.5128871652407724,0.9907553212974682,3.1250000000000666,6.640625000000141
2,0.03,0.0,fin_z_max,0.0012169074999999994,0.5260007094676685,0.991415183763496,3.1250000000000666,6.640625000000141
2,0.03,0.0,fin_z_max,0.0015630524999999985,0.5176162331821916,0.9912279641598796,3.1250000000000666,6.640625000000141
2,0.03,0.0,fin_z_max,0.0019091974999999994,0.5146122623516539,0.9910613541931269,3.1250000000000666,6.640625000000141
2,0.03,0.0,fin_z_max,0.0022553425,0.5163469823006367,0.9916779177104769,3.1250000000000666,6.640625000000141
2,0.03,0.0,fin_z_max,0.0026014874999999993,0.5204507736144824,0.9915704402127589,3.1250000000000666,6.640625000000141
2,0.03,0.0,fin_z_max,0.0029476324999999984,0.5171155127664664,0.991128343096971,3.1250000000000666,6.640625000000141
2,0.03,0.0,fin_z_max,0.0032937774999999975,0.5261136826689976,0.9916495511138003,3.1250000000000666,6.640625000000141
2,0.03,0.0,fin_z_max,0.0036399224999999983,0.5301774490647178,0.9944115745035722,3.1250000000000666,6.640625000000141
2,0.03,0.0,fin_z_max,0.003986067499999999,0.5238100588376304,0.9920199956051422,3.1250000000000666,6.640625000000141
2,0.03,0.0,fin_z_max,0.004332212499999998,0.5395641116758287,0.9926940636113996,3.1250000000000666,6.640625000000141
2,0.03,0.0,fin_z_max,0.004678357499999999,0.7821438785246247,0.988022215091877,3.1250000000000666,6.640625000000141
2,0.03,0.0,fin_z_max,0.0050245025,0.5526943698635751,0.9926440243230764,3.1250000000000666,6.640625000000141
2,0.03,0.0,fin_z_max,0.005370647499999999,0.5823630417686229,0.9927502475311186,3.1250000000000666,6.640625000000141
2,0.03,0.0,fin_z_max,0.005716792499999998,0.7056809828303644,0.9811779123736653,3.1250000000000666,6.640625000000141
2,0.03,0.0,fin_z_max,0.006062937499999997,0.5881543211812038,0.9882725471302428,3.1250000000000666,6.640625000000141
2,0.03,0.0,fin_z_max,0.006409082499999998,0.6315913546363433,0.9864369523328222,3.1250000000000666,6.640625000000141
2,0.03,0.0,fin_z_max,0.006755227499999999,0.6106798628392923,0.9886335079611231,3.1250000000000666,6.640625000000141
2,0.03,0.0,fin_z_max,0.007447517499999999,0.6044479487113558,0.9801225360646701,3.1250000000000666,6.640625000000141
2,0.03,0.0,fin_z_max,0.0077936624999999995,0.557715033612721,0.9837939672975247,3.1250000000000666,6.640625000000141
2,0.03,0.0,fin_z_max,0.008485952499999998,0.5191286066069368,0.9804355261361911,3.1250000000000666,6.640625000000141
2,0.03,0.0,fin_z_max,0.008832097499999997,0.44211017362294114,0.9851795989504333,3.1250000000000666,6.640625000000141
2,0.03,0.0,fin_z_max,0.009524387499999998,0.3898039788712609,0.9809701391576082,3.1250000000000666,6.640625000000141
2,0.03,0.0,fin_z_max,0.009870532499999998,0.263264663223736,0.9751175853929585,3.1250000000000666,6.640625000000141
2,0.03,0.0,fin_z_max,0.010216677499999998,0.20995847458091862,0.9597938219650707,3.1250000000000666,6.640625000000141
2,0.03,0.0,fin_z_max,0.010908967499999998,0.04245702657331276,0.9474756607826729,3.1250000000000666,6.640625000000141
2,0.03,0.0,fin_z_max,0.011255112499999997,0.01176541914363283,0.9286661490000051,3.1250000000000666,6.640625000000141
2,0.03,0.0,fin_z_max,0.011947402499999997,0.21187187303240948,0.9201307019254211,3.1250000000000666,6.640625000000141
2,0.03,0.0,fin_z_max,0.012293547499999998,0.48421462662814657,0.9102029035428683,3.1250000000000666,6.640625000000141
2,0.03,0.0,fin_z_max,0.012985837499999998,0.616394462234208,0.9106141248189906,3.1250000000000666,6.640625000000141
2,0.03,0.0,fin_z_max,0.013331982499999999,0.6249162758964375,0.9203657205256148,3.1250000000000666,6.640625000000141
2,0.03,0.0,fin_z_max,0.013678127499999998,0.6242546232265775,0.9247163808633944,3.1250000000000666,6.640625000000141
3,0.04,0.0,fin_z_min,-0.0136673275,0.0747812337252376,0.9861124821000125,3.1250000000000666,6.640625000000141
3,0.04,0.0,fin_z_min,-0.012975037499999998,0.0747610686573477,0.986116010282317,3.1250000000000666,6.640625000000141
3,0.04,0.0,fin_z_min,-0.0119366025,0.07470845837158517,0.9860499067613685,3.1250000000000666,6.640625000000141
3,0.04,0.0,fin_z_min,-0.0108981675,0.0746592504647378,0.9858952332541099,3.1250000000000666,6.640625000000141
3,0.04,0.0,fin_z_min,-0.0098597325,0.07460790824043396,0.9857903791069295,3.1250000000000666,6.640625000000141
3,0.04,0.0,fin_z_min,-0.008821297499999999,0.07452449544582367,0.9858052198942812,3.1250000000000666,6.640625000000141
3,0.04,0.0,fin_z_min,-0.0077828625,0.07442851586456459,0.985877970496874,3.1250000000000666,6.640625000000141
3,0.04,0.0,fin_z_min,-0.0067444275000000005,0.0743169007118912,0.9859469480033135,3.1250000000000666,6.640625000000141
3,0.04,0.0,fin_z_min,-0.0063982825,0.07426567629580132,0.9861199217556577,3.1250000000000666,6.640625000000141
3,0.04,0.0,fin_z_min,-0.0060521375,0.07407326860400731,0.9860345130300929,3.1250000000000666,6.640625000000141
3,0.04,0.0,fin_z_min,-0.0057059925,0.07391193146939369,0.9863114822062645,3.1250000000000666,6.640625000000141
3,0.04,0.0,fin_z_min,-0.005359847500000001,0.07370497145204953,0.9866780562512228,3.1250000000000666,6.640625000000141
3,0.04,0.0,fin_z_min,-0.005013702500000001,0.07368990668298914,0.9863247452419246,3.1250000000000666,6.640625000000141
3,0.04,0.0,fin_z_min,-0.0046675575,0.07324606741300524,0.9868315858214686,3.1250000000000666,6.640625000000141
3,0.04,0.0,fin_z_min,-0.0043214125,0.0730657510880685,0.9873193727831999,3.1250000000000666,6.640625000000141
3,0.04,0.0,fin_z_min,-0.003975267500000001,0.07335130618374433,0.9865922545503575,3.1250000000000666,6.640625000000141
3,0.04,0.0,fin_z_min,-0.003629122500000001,0.07247795875356203,0.9876647027053523,3.1250000000000666,6.640625000000141
3,0.04,0.0,fin_z_min,-0.0032829775,0.07245841499069774,0.9878009955018541,3.1250000000000666,6.640625000000141
3,0.04,0.0,fin_z_min,-0.0029368325,0.07295707689430661,0.9868108375246301,3.1250000000000666,6.640625000000141
3,0.04,0.0,fin_z_min,-0.002590687500000001,0.07141687874469034,0.9882912287300286,3.1250000000000666,6.640625000000141
3,0.04,0.0,fin_z_min,-0.002244542500000001,0.07042668059478957,0.9885179000995072,3.1250000000000666,6.640625000000141
3,0.04,0.0,fin_z_min,-0.0018983975000000002,0.07203657908636536,0.9873222181222782,3.1250000000000666,6.640625000000141
3,0.04,0.0,fin_z_min,-0.0015522525000000002,0.0695792573720325,0.9888762816734956,3.1250000000000666,6.640625000000141
3,0.04,0.0,fin_z_min,-0.0012061075000000011,0.06924575798411542,0.988650592875815,3.1250000000000666,6.640625000000141
3,0.04,0.0,fin_z_min,-0.0008599625000000012,0.07144325749852731,0.98733943501053,3.1250000000000666,6.640625000000141
3,0.04,0.0,fin_z_min,-0.0005138175000000004,0.0672432526280077,0.9873185467314485,3.1250000000000666,6.640625000000141
3,0.04,0.0,fin_z_min,-0.0001676725000000004,0.07055520609666861,0.9877130186052651,3.1250000000000666,6.640625000000141
3,0.04,0.0,fin_z_min,0.0001784724999999987,0.06241309429188736,0.9856447418803659,3.1250000000000666,6.640625000000141
3,0.04,0.0,fin_z_min,0.0005246174999999987,0.0696317955399393,0.9881474800366832,3.1250000000000666,6.640625000000141
3,0.04,0.0,fin_z_min,0.0008707624999999995,0.06915754279160065,0.9879630380788683,3.1250000000000666,6.640625000000141
3,0.04,0.0,fin_z_min,0.0012169074999999994,0.05559688120986954,0.985299069024484,3.1250000000000666,6.640625000000141
3,0.04,0.0,fin_z_min,0.0015630524999999985,0.06650495188124926,0.988081316146922,3.1250000000000666,6.640625000000141
3,0.04,0.0,fin_z_min,0.0019091974999999994,0.06758657451754518,0.9882584398884223,3.1250000000000666,6.640625000000141
3,0.04,0.0,fin_z_min,0.0022553425,0.04490813129552592,0.982064301278195,3.1250000000000666,6.640625000000141
3,0.04,0.0,fin_z_min,0.0026014874999999993,0.06438154219297235,0.9882993386971666,3.1250000000000666,6.640625000000141
3,0.04,0.0,fin_z_min,0.0029476324999999984,0.06590425392679825,0.9886870918006164,3.1250000000000666,6.640625000000141
3,0.04,0.0,fin_z_min,0.0032937774999999975,0.06154228642731222,0.9885306530058934,3.1250000000000666,6.640625000000141
3,0.04,0.0,fin_z_min,0.0036399224999999983,0.047720056179523525,0.9782092710960482,3.1250000000000666,6.640625000000141
3,0.04,0.0,fin_z_min,0.003986067499999999,0.06443236355372636,0.9892608727765724,3.1250000000000666,6.640625000000141
3,0.04,0.0,fin_z_min,0.004332212499999998,0.0625938286813359,0.9887674704980475,3.1250000000000666,6.640625000000141
3,0.04,0.0,fin_z_min,0.004678357499999999,0.2411345324930914,0.9500645378040349,3.1250000000000666,6.640625000000141
3,0.04,0.0,fin_z_min,0.0050245025,0.0724567748971954,0.9897354957797897,3.1250000000000666,6.640625000000141
3,0.04,0.0,fin_z_min,0.005370647499999999,0.08244695268721709,0.9879910717333634,3.1250000000000666,6.640625000000141
3,0.04,0.0,fin_z_min,0.005716792499999998,0.41112731491199384,0.9607383690662729,3.1250000000000666,6.640625000000141
3,0.04,0.0,fin_z_min,0.006062937499999997,0.12169536921250854,0.9876181528335027,3.1250000000000666,6.640625000000141
3,0.04,0.0,fin_z_min,0.006409082499999998,0.18909684751576272,0.9861048919347585,3.1250000000000666,6.640625000000141
3,0.04,0.0,fin_z_min,0.006755227499999999,0.16209432819900962,0.9875070851844774,3.1250000000000666,6.640625000000141
3,0.04,0.0,fin_z_min,0.007447517499999999,0.25028325904717613,0.9751283240754015,3.1250000000000666,6.640625000000141
3,0.04,0.0,fin_z_min,0.0077936624999999995,0.19099017284670772,0.9787933200410414,3.1250000000000666,6.640625000000141
3,0.04,0.0,fin_z_min,0.008485952499999998,0.22989069312252913,0.9791226243894908,3.1250000000000666,6.640625000000141
3,0.04,0.0,fin_z_min,0.008832097499999997,0.11742685992440813,0.9873142941353251,3.1250000000000666,6.640625000000141
3,0.04,0.0,fin_z_min,0.009524387499999998,0.11387978103523486,0.9864408848258274,3.1250000000000666,6.640625000000141
3,0.04,0.0,fin_z_min,0.009870532499999998,0.03574335273401829,0.9776013547126162,3.1250000000000666,6.640625000000141
3,0.04,0.0,fin_z_min,0.010216677499999998,0.04485952271796656,0.9474384929370008,3.1250000000000666,6.640625000000141
3,0.04,0.0,fin_z_min,0.010908967499999998,0.017748536617908837,0.9281779913570606,3.1250000000000666,6.640625000000141
3,0.04,0.0,fin_z_min,0.011255112499999997,0.03046438774475128,0.8728173768017644,3.1250000000000666,6.640625000000141
3,0.04,0.0,fin_z_min,0.011947402499999997,0.029554337509711714,0.8575259167488879,3.1250000000000666,6.640625000000141
3,0.04,0.0,fin_z_min,0.012293547499999998,0.03206970396258348,0.8021380373965333,3.1250000000000666,6.640625000000141
3,0.04,0.0,fin_z_min,0.012985837499999998,0.031579344689747595,0.7862706163441046,3.1250000000000666,6.640625000000141
3,0.04,0.0,fin_z_min,0.013331982499999999,0.023274742930816633,0.7396793927871022,3.1250000000000666,6.640625000000141
3,0.04,0.0,fin_z_min,0.013678127499999998,0.02292375629114351,0.7415273112220109,3.1250000000000666,6.640625000000141
3,0.04,0.0,fin_z_max,-0.0136673275,0.07490297803437738,0.9861160488669097,3.1250000000000666,6.640625000000141
3,0.04,0.0,fin_z_max,-0.012975037499999998,0.07491532998603027,0.9861160669754417,3.1250000000000666,6.640625000000141
3,0.04,0.0,fin_z_max,-0.0119366025,0.07496089364559826,0.9860488216047973,3.1250000000000666,6.640625000000141
3,0.04,0.0,fin_z_max,-0.0108981675,0.07501574907235106,0.9858859383082873,3.1250000000000666,6.640625000000141
3,0.04,0.0,fin_z_max,-0.0098597325,0.0750889579850126,0.985777788653793,3.1250000000000666,6.640625000000141
3,0.04,0.0,fin_z_max,-0.008821297499999999,0.07517780281855306,0.9857829251635657,3.1250000000000666,6.640625000000141
3,0.04,0.0,fin_z_max,-0.0077828625,0.07531099301159061,0.9858478783999062,3.1250000000000666,6.640625000000141
3,0.04,0.0,fin_z_max,-0.0067444275000000005,0.0756166601127023,0.9859130783337706,3.1250000000000666,6.640625000000141
3,0.04,0.0,fin_z_max,-0.0063982825,0.07613531178149023,0.9860973260306838,3.1250000000000666,6.640625000000141
3,0.04,0.0,fin_z_max,-0.0060521375,0.0759851733979076,0.9860008164499824,3.1250000000000666,6.640625000000141
3,0.04,0.0,fin_z_max,-0.0057059925,0.07648337022614542,0.9863062462568641,3.1250000000000666,6.640625000000141
3,0.04,0.0,fin_z_max,-0.005359847500000001,0.07669065305225822,0.9866820692254115,3.1250000000000666,6.640625000000141
3,0.04,0.0,fin_z_max,-0.005013702500000001,0.07629548848669192,0.9863283214628175,3.1250000000000666,6.640625000000141
3,0.04,0.0,fin_z_max,-0.0046675575,0.077319728725736,0.9868600322416075,3.1250000000000666,6.640625000000141
3,0.04,0.0,fin_z_max,-0.0043214125,0.07748679101584402,0.987272496948475,3.1250000000000666,6.640625000000141
3,0.04,0.0,fin_z_max,-0.003975267500000001,0.07657984705746913,0.9865599394799398,3.1250000000000666,6.640625000000141
3,0.04,0.0,fin_z_max,-0.003629122500000001,0.07811782735082218,0.9877098445608912,3.1250000000000666,6.640625000000141
3,0.04,0.0,fin_z_max,-0.0032829775,0.07815654043621927,0.9878222699904159,3.1250000000000666,6.640625000000141
3,0.04,0.0,fin_z_max,-0.0029368325,0.07690476042990697,0.9869673795866439,3.1250000000000666,6.640625000000141
3,0.04,0.0,fin_z_max,-0.002590687500000001,0.0792373513398339,0.9883705431699263,3.1250000000000666,6.640625000000141
3,0.04,0.0,fin_z_max,-0.002244542500000001,0.08022918224987688,0.9886713403797716,3.1250000000000666,6.640625000000141
3,0.04,0.0,fin_z_max,-0.0018983975000000002,0.07787740678013458,0.9872131752529295,3.1250000000000666,6.640625000000141
3,0.04,0.0,fin_z_max,-0.0015522525000000002,0.08143156196555604,0.9890996892485917,3.1250000000000666,6.640625000000141
3,0.04,0.0,fin_z_max,-0.0012061075000000011,0.0820143912590182,0.988926315705231,3.1250000000000666,6.640625000000141
3,0.04,0.0,fin_z_max,-0.0008599625000000012,0.07852476987002459,0.9871938859326931,3.1250000000000666,6.640625000000141
3,0.04,0.0,fin_z_max,-0.0005138175000000004,0.0842731048819295,0.9881282730058093,3.1250000000000666,6.640625000000141
3,0.04,0.0,fin_z_max,-0.0001676725000000004,0.07972185305378182,0.9875318679483205,3.1250000000000666,6.640625000000141
3,0.04,0.0,fin_z_max,0.0001784724999999987,0.08910134253605684,0.987716870584541,3.1250000000000666,6.640625000000141
3,0.04,0.0,fin_z_max,0.0005246174999999987,0.08121263405372467,0.9881463896762718,3.1250000000000666,6.640625000000141
3,0.04,0.0,fin_z_max,0.0008707624999999995,0.08124911003286583,0.9879466120489554,3.1250000000000666,6.640625000000141
3,0.04,0.0,fin_z_max,0.0012169074999999994,0.09505640916293732,0.9889841289055225,3.1250000000000666,6.640625000000141
3,0.04,0.0,fin_z_max,0.0015630524999999985,0.08505841290965772,0.988454252923894,3.1250000000000666,6.640625000000141
3,0.04,0.0,fin_z_max,0.0019091974999999994,0.08328840924133639,0.9882451328758477,3.1250000000000666,6.640625000000141
3,0.04,0.0,fin_z_max,0.0022553425,0.10427640685730842,0.9897838397327168,3.1250000000000666,6.640625000000141
3,0.04,0.0,fin_z_max,0.0026014874999999993,0.08839540058058176,0.9888038318550897,3.1250000000000666,6.640625000000141
3,0.04,0.0,fin_z_max,0.0029476324999999984,0.08623121244372561,0.9882962163977406,3.1250000000000666,6.640625000000141
3,0.04,0.0,fin_z_max,0.0032937774999999975,0.09452980450612677,0.9889150736851419,3.1250000000000666,6.640625000000141
3,0.04,0.0,fin_z_max,0.0036399224999999983,0.1621332976020926,0.9930753879773526,3.1250000000000666,6.640625000000141
3,0.04,0.0,fin_z_max,0.003986067499999999,0.09148121067787791,0.9892084028019635,3.1250000000000666,6.640625000000141
3,0.04,0.0,fin_z_max,0.004332212499999998,0.10282796059341712,0.9899972283458577,3.1250000000000666,6.640625000000141
3,0.04,0.0,fin_z_max,0.004678357499999999,0.2636349064891451,0.9855196788770562,3.1250000000000666,6.640625000000141
3,0.04,0.0,fin_z_max,0.0050245025,0.10027623296764385,0.9897669250090598,3.1250000000000666,6.640625000000141
3,0.04,0.0,fin_z_max,0.005370647499999999,0.11372946438176672,0.9899630428053523,3.1250000000000666,6.640625000000141
3,0.04,0.0,fin_z_max,0.005716792499999998,0.21514177629946024,0.9789914991420963,3.1250000000000666,6.640625000000141
3,0.04,0.0,fin_z_max,0.006062937499999997,0.08999714087617637,0.9856747809688172,3.1250000000000666,6.640625000000141
3,0.04,0.0,fin_z_max,0.006409082499999998,0.1305775135553542,0.9844980940053809,3.1250000000000666,6.640625000000141
3,0.04,0.0,fin_z_max,0.006755227499999999,0.10854041726788145,0.9862840357328116,3.1250000000000666,6.640625000000141
3,0.04,0.0,fin_z_max,0.007447517499999999,0.14623855226465285,0.9784412709792109,3.1250000000000666,6.640625000000141
3,0.04,0.0,fin_z_max,0.0077936624999999995,0.11546535055785653,0.9813493657577055,3.1250000000000666,6.640625000000141
3,0.04,0.0,fin_z_max,0.008485952499999998,0.1551415525357047,0.9777042258286838,3.1250000000000666,6.640625000000141
3,0.04,0.0,fin_z_max,0.008832097499999997,0.1156246272976788,0.9812707486705637,3.1250000000000666,6.640625000000141
3,0.04,0.0,fin_z_max,0.009524387499999998,0.17239090713137628,0.9761443532319054,3.1250000000000666,6.640625000000141
3,0.04,0.0,fin_z_max,0.009870532499999998,0.13746229571149754,0.9693895832433994,3.1250000000000666,6.640625000000141
3,0.04,0.0,fin_z_max,0.010216677499999998,0.22639513898320254,0.9532512199030518,3.1250000000000666,6.640625000000141
3,0.04,0.0,fin_z_max,0.010908967499999998,0.19797212329824987,0.940244340258982,3.1250000000000666,6.640625000000141
3,0.04,0.0,fin_z_max,0.011255112499999997,0.2921206376591618,0.9211112163222621,3.1250000000000666,6.640625000000141
3,0.04,0.0,fin_z_max,0.011947402499999997,0.22044236466278602,0.9122566484376573,3.1250000000000666,6.640625000000141
3,0.04,0.0,fin_z_max,0.012293547499999998,0.221896600533172,0.9025607831353839,3.1250000000000666,6.640625000000141
3,0.04,0.0,fin_z_max,0.012985837499999998,0.20347776678479285,0.9031567215926172,3.1250000000000666,6.640625000000141
3,0.04,0.0,fin_z_max,0.013331982499999999,0.2170208259168776,0.9136167691314866,3.1250000000000666,6.640625000000141
3,0.04,0.0,fin_z_max,0.013678127499999998,0.21767768962534859,0.9180842063102606,3.1250000000000666,6.640625000000141
4,0.06,0.0,fin_z_min,-0.0136673275,0.3644537680975221,0.9736715576993381,3.1250000000000666,6.640625000000141
4,0.06,0.0,fin_z_min,-0.012975037499999998,0.36451189850431,0.9736590113279985,3.1250000000000666,6.640625000000141
4,0.06,0.0,fin_z_min,-0.0119366025,0.36465118351998377,0.9735241135050428,3.1250000000000666,6.640625000000141
4,0.06,0.0,fin_z_min,-0.0108981675,0.3647888282873889,0.9732705877666273,3.1250000000000666,6.640625000000141
4,0.06,0.0,fin_z_min,-0.0098597325,0.36494161954771714,0.9731169851780027,3.1250000000000666,6.640625000000141
4,0.06,0.0,fin_z_min,-0.008821297499999999,0.36516454438285484,0.973114852518201,3.1250000000000666,6.640625000000141
4,0.06,0.0,fin_z_min,-0.0077828625,0.36544719383258095,0.9732428183539927,3.1250000000000666,6.640625000000141
4,0.06,0.0,fin_z_min,-0.0067444275000000005,0.36579944596438085,0.9736588083506628,3.1250000000000666,6.640625000000141
4,0.06,0.0,fin_z_min,-0.0063982825,0.36574648218257383,0.9743723095861436,3.1250000000000666,6.640625000000141
4,0.06,0.0,fin_z_min,-0.0060521375,0.3663895293609042,0.9738719503555184,3.1250000000000666,6.640625000000141
4,0.06,0.0,fin_z_min,-0.0057059925,0.3663971087948424,0.974367241765211,3.1250000000000666,6.640625000000141
4,0.06,0.0,fin_z_min,-0.005359847500000001,0.36697615537294903,0.974725549848782,3.1250000000000666,6.640625000000141
4,0.06,0.0,fin_z_min,-0.005013702500000001,0.3674824819766849,0.9741017148329697,3.1250000000000666,6.640625000000141
4,0.06,0.0,fin_z_min,-0.0046675575,0.36795921921605634,0.9750606231574974,3.1250000000000666,6.640625000000141
4,0.06,0.0,fin_z_min,-0.0043214125,0.36854778653079706,0.9754753858462152,3.1250000000000666,6.640625000000141
4,0.06,0.0,fin_z_min,-0.003975267500000001,0.3684765356528516,0.9743550514349176,3.1250000000000666,6.640625000000141
4,0.06,0.0,fin_z_min,-0.003629122500000001,0.36963785109365627,0.9757073460411001,3.1250000000000666,6.640625000000141
4,0.06,0.0,fin_z_min,-0.0032829775,0.3699016575928709,0.9758103063524729,3.1250000000000666,6.640625000000141
4,0.06,0.0,fin_z_min,-0.0029368325,0.3695627939927664,0.9744486987557429,3.1250000000000666,6.640625000000141
4,0.06,0.0,fin_z_min,-0.002590687500000001,0.37181733704663195,0.9761153087747495,3.1250000000000666,6.640625000000141
4,0.06,0.0,fin_z_min,-0.002244542500000001,0.3733346777739819,0.9761715911358797,3.1250000000000666,6.640625000000141
4,0.06,0.0,fin_z_min,-0.0018983975000000002,0.371850337599149,0.9749327105158181,3.1250000000000666,6.640625000000141
4,0.06,0.0,fin_z_min,-0.0015522525000000002,0.3755738000071661,0.9766048673201135,3.1250000000000666,6.640625000000141
4,0.06,0.0,fin_z_min,-0.0012061075000000011,0.37572791696723096,0.9762823548908913,3.1250000000000666,6.640625000000141
4,0.06,0.0,fin_z_min,-0.0008599625000000012,0.3733722719132949,0.9747893032924568,3.1250000000000666,6.640625000000141
4,0.06,0.0,fin_z_min,-0.0005138175000000004,0.3784529104649063,0.9747015309262346,3.1250000000000666,6.640625000000141
4,0.06,0.0,fin_z_min,-0.0001676725000000004,0.37513636541306855,0.9749880530420152,3.1250000000000666,6.640625000000141
4,0.06,0.0,fin_z_min,0.0001784724999999987,0.38513488468815466,0.9738377071070158,3.1250000000000666,6.640625000000141
4,0.06,0.0,fin_z_min,0.0005246174999999987,0.3765073385458911,0.9753671157345278,3.1250000000000666,6.640625000000141
4,0.06,0.0,fin_z_min,0.0008707624999999995,0.3777183178581303,0.9751106062123989,3.1250000000000666,6.640625000000141
4,0.06,0.0,fin_z_min,0.0012169074999999994,0.3968782534048221,0.9744502739990254,3.1250000000000666,6.640625000000141
4,0.06,0.0,fin_z_min,0.0015630524999999985,0.3810223237208513,0.9751384346703823,3.1250000000000666,6.640625000000141
4,0.06,0.0,fin_z_min,0.0019091974999999994,0.38055686391590965,0.9752222517355577,3.1250000000000666,6.640625000000141
4,0.06,0.0,fin_z_min,0.0022553425,0.4216894837711964,0.9744563969158607,3.1250000000000666,6.640625000000141
4,0.06,0.0,fin_z_min,0.0026014874999999993,0.3847126259332406,0.9751116678327773,3.1250000000000666,6.640625000000141
4,0.06,0.0,fin_z_min,0.0029476324999999984,0.3837788238453261,0.9753516005219945,3.1250000000000666,6.640625000000141
4,0.06,0.0,fin_z_min,0.0032937774999999975,0.3897982987265816,0.9751551473547648,3.1250000000000666,6.640625000000141
4,0.06,0.0,fin_z_min,0.0036399224999999983,0.43405054518122493,0.9781470838740384,3.1250000000000666,6.640625000000141
4,0.06,0.0,fin_z_min,0.003986067499999999,0.3870936341397369,0.9757186503136606,3.1250000000000666,6.640625000000141
4,0.06,0.0,fin_z_min,0.004332212499999998,0.38950479568223745,0.975574366326145,3.1250000000000666,6.640625000000141
4,0.06,0.0,fin_z_min,0.004678357499999999,0.15841231203414732,0.9578972490524981,3.1250000000000666,6.640625000000141
4,0.06,0.0,fin_z_min,0.0050245025,0.37398344812892925,0.9768058817517571,3.1250000000000666,6.640625000000141
4,0.06,0.0,fin_z_min,0.005370647499999999,0.3536738150606883,0.9769691828336554,3.1250000000000666,6.640625000000141
4,0.06,0.0,fin_z_min,0.005716792499999998,0.07798602703651235,0.9816032750018844,3.1250000000000666,6.640625000000141
4,0.06,0.0,fin_z_min,0.006062937499999997,0.2764372846669491,0.9829058295852012,3.1250000000000666,6.640625000000141
4,0.06,0.0,fin_z_min,0.006409082499999998,0.19483151650902406,0.9877803017980441,3.1250000000000666,6.640625000000141
4,0.06,0.0,fin_z_min,0.006755227499999999,0.21939174276823378,0.9881082642171821,3.1250000000000666,6.640625000000141
4,0.06,0.0,fin_z_min,0.007447517499999999,0.13878195023665446,0.9838930655285103,3.1250000000000666,6.640625000000141
4,0.06,0.0,fin_z_min,0.0077936624999999995,0.19981592150445177,0.9833560644341818,3.1250000000000666,6.640625000000141
4,0.06,0.0,fin_z_min,0.008485952499999998,0.2544140653305329,0.9813285200317025,3.1250000000000666,6.640625000000141
4,0.06,0.0,fin_z_min,0.008832097499999997,0.3840043685532994,0.979221733975526,3.1250000000000666,6.640625000000141
4,0.06,0.0,fin_z_min,0.009524387499999998,0.5377907867220267,0.966221969117657,3.1250000000000666,6.640625000000141
4,0.06,0.0,fin_z_min,0.009870532499999998,0.622329794205793,0.9473754544043327,3.1250000000000666,6.640625000000141
4,0.06,0.0,fin_z_min,0.010216677499999998,0.7186106408329471,0.90221820242582,3.1250000000000666,6.640625000000141
4,0.06,0.0,fin_z_min,0.010908967499999998,0.7361873275196851,0.8762799824424159,3.1250000000000666,6.640625000000141
4,0.06,0.0,fin_z_min,0.011255112499999997,0.7552530951033154,0.8084875851882808,3.1250000000000666,6.640625000000141
4,0.06,0.0,fin_z_min,0.011947402499999997,0.7449412715237418,0.7897000587414877,3.1250000000000666,6.640625000000141
4,0.06,0.0,fin_z_min,0.012293547499999998,0.7212711170290248,0.7265423620776061,3.1250000000000666,6.640625000000141
4,0.06,0.0,fin_z_min,0.012985837499999998,0.7069655235527081,0.7094714155089038,3.1250000000000666,6.640625000000141
4,0.06,0.0,fin_z_min,0.013331982499999999,0.6806441604776966,0.6594065213635978,3.1250000000000666,6.640625000000141
4,0.06,0.0,fin_z_min,0.013678127499999998,0.6776283196837906,0.6617023436099342,3.1250000000000666,6.640625000000141
4,0.06,0.0,fin_z_max,-0.0136673275,0.3640842851207619,0.9736670480870153,3.1250000000000666,6.640625000000141
4,0.06,0.0,fin_z_max,-0.012975037499999998,0.3640225480019,0.973647414588053,3.1250000000000666,6.640625000000141
4,0.06,0.0,fin_z_max,-0.0119366025,0.36386134435474,0.9734994566457518,3.1250000000000666,6.640625000000141
4,0.06,0.0,fin_z_max,-0.0108981675,0.3636947227613571,0.9732293323788006,3.1250000000000666,6.640625000000141
4,0.06,0.0,fin_z_max,-0.0098597325,0.3634965727167021,0.9730655876337104,3.1250000000000666,6.640625000000141
4,0.06,0.0,fin_z_max,-0.008821297499999999,0.36323929907260116,0.973039676117292,3.1250000000000666,6.640625000000141
4,0.06,0.0,fin_z_max,-0.0077828625,0.36288936141296074,0.9731441141485974,3.1250000000000666,6.640625000000141
4,0.06,0.0,fin_z_max,-0.0067444275000000005,0.3621478171241926,0.9735475123262094,3.1250000000000666,6.640625000000141
4,0.06,0.0,fin_z_max,-0.0063982825,0.3608695598083098,0.9743132173836495,3.1250000000000666,6.640625000000141
4,0.06,0.0,fin_z_max,-0.0060521375,0.3610854471363285,0.9737505953139832,3.1250000000000666,6.640625000000141
4,0.06,0.0,fin_z_max,-0.0057059925,0.3596245728507133,0.9743158918102658,3.1250000000000666,6.640625000000141
4,0.06,0.0,fin_z_max,-0.005359847500000001,0.3590319606576069,0.974665890156672,3.1250000000000666,6.640625000000141
4,0.06,0.0,fin_z_max,-0.005013702500000001,0.36014043794834055,0.9739932197366832,3.1250000000000666,6.640625000000141
4,0.06,0.0,fin_z_max,-0.0046675575,0.3570774613679435,0.9750005204593037,3.1250000000000666,6.640625000000141
4,0.06,0.0,fin_z_max,-0.0043214125,0.3566892283852301,0.975371469022066,3.1250000000000666,6.640625000000141
4,0.06,0.0,fin_z_max,-0.003975267500000001,0.35928668137798336,0.974098703242554,3.1250000000000666,6.640625000000141
4,0.06,0.0,fin_z_max,-0.003629122500000001,0.35453912820813666,0.9756168696208494,3.1250000000000666,6.640625000000141
4,0.06,0.0,fin_z_max,-0.0032829775,0.3545621558452038,0.9756323700547952,3.1250000000000666,6.640625000000141
4,0.06,0.0,fin_z_max,-0.0029368325,0.3581945169806046,0.9743732224931831,3.1250000000000666,6.640625000000141
4,0.06,0.0,fin_z_max,-0.002590687500000001,0.35092449720847085,0.9759416933744421,3.1250000000000666,6.640625000000141
4,0.06,0.0,fin_z_max,-0.002244542500000001,0.34749653913614514,0.9761081808064672,3.1250000000000666,6.640625000000141
4,0.06,0.0,fin_z_max,-0.0018983975000000002,0.3552174171812256,0.9745369507386819,3.1250000000000666,6.640625000000141
4,0.06,0.0,fin_z_max,-0.0015522525000000002,0.3443243051967831,0.9765382529396048,3.1250000000000666,6.640625000000141
4,0.06,0.0,fin_z_max,-0.0012061075000000011,0.34271782399868894,0.9763485011709714,3.1250000000000666,6.640625000000141
4,0.06,0.0,fin_z_max,-0.0008599625000000012,0.35338821401793913,0.9743758788063492,3.1250000000000666,6.640625000000141
4,0.06,0.0,fin_z_max,-0.0005138175000000004,0.33613491952479163,0.9756111809480236,3.1250000000000666,6.640625000000141
4,0.06,0.0,fin_z_max,-0.0001676725000000004,0.34996040383051985,0.9747585097655561,3.1250000000000666,6.640625000000141
4,0.06,0.0,fin_z_max,0.0001784724999999987,0.3227604525886891,0.976475760420565,3.1250000000000666,6.640625000000141
4,0.06,0.0,fin_z_max,0.0005246174999999987,0.3454808096464409,0.9751416540532561,3.1250000000000666,6.640625000000141
4,0.06,0.0,fin_z_max,0.0008707624999999995,0.3449664310089391,0.9747402949388513,3.1250000000000666,6.640625000000141
4,0.06,0.0,fin_z_max,0.0012169074999999994,0.30964433708616207,0.9786321518348552,3.1250000000000666,6.640625000000141
4,0.06,0.0,fin_z_max,0.0015630524999999985,0.3342676971334543,0.9755588126409849,3.1250000000000666,6.640625000000141
4,0.06,0.0,fin_z_max,0.0019091974999999994,0.3389874257142389,0.9748988522166125,3.1250000000000666,6.640625000000141
4,0.06,0.0,fin_z_max,0.0022553425,0.30482662168098673,0.9815835384500166,3.1250000000000666,6.640625000000141
4,0.06,0.0,fin_z_max,0.0026014874999999993,0.3257198021343458,0.9757941408684234,3.1250000000000666,6.640625000000141
4,0.06,0.0,fin_z_max,0.0029476324999999984,0.3314344773902615,0.9749158220056108,3.1250000000000666,6.640625000000141
4,0.06,0.0,fin_z_max,0.0032937774999999975,0.3126323598725713,0.9760464584712849,3.1250000000000666,6.640625000000141
4,0.06,0.0,fin_z_max,0.0036399224999999983,0.28373902249751554,0.9839588997073277,3.1250000000000666,6.640625000000141
4,0.06,0.0,fin_z_max,0.003986067499999999,0.32040785443474923,0.9754622814458297,3.1250000000000666,6.640625000000141
4,0.06,0.0,fin_z_max,0.004332212499999998,0.30177577122536386,0.9767355931981557,3.1250000000000666,6.640625000000141
4,0.06,0.0,fin_z_max,0.004678357499999999,0.17519326096160656,0.9721776788634133,3.1250000000000666,6.640625000000141
4,0.06,0.0,fin_z_max,0.0050245025,0.3157171991399154,0.9754653793752401,3.1250000000000666,6.640625000000141
4,0.06,0.0,fin_z_max,0.005370647499999999,0.3081749670824952,0.9762631583350729,3.1250000000000666,6.640625000000141
4,0.06,0.0,fin_z_max,0.005716792499999998,0.21163411718881275,0.9711655257452134,3.1250000000000666,6.640625000000141
4,0.06,0.0,fin_z_max,0.006062937499999997,0.37525189117256097,0.9760240441955849,3.1250000000000666,6.640625000000141
4,0.06,0.0,fin_z_max,0.006409082499999998,0.34672850352531165,0.9801450020040464,3.1250000000000666,6.640625000000141
4,0.06,0.0,fin_z_max,0.006755227499999999,0.3710701724731472,0.9787160187875201,3.1250000000000666,6.640625000000141
4,0.06,0.0,fin_z_max,0.007447517499999999,0.3459501687879876,0.9782153610708085,3.1250000000000666,6.640625000000141
4,0.06,0.0,fin_z_max,0.0077936624999999995,0.3933473240539247,0.9759682271095144,3.1250000000000666,6.640625000000141
4,0.06,0.0,fin_z_max,0.008485952499999998,0.364947744388475,0.9725184144994626,3.1250000000000666,6.640625000000141
4,0.06,0.0,fin_z_max,0.008832097499999997,0.44236367511558433,0.9663962812798224,3.1250000000000666,6.640625000000141
4,0.06,0.0,fin_z_max,0.009524387499999998,0.41125798629480187,0.9558005259574527,3.1250000000000666,6.640625000000141
4,0.06,0.0,fin_z_max,0.009870532499999998,0.5136311889019045,0.9421934722196552,3.1250000000000666,6.640625000000141
4,0.06,0.0,fin_z_max,0.010216677499999998,0.4732713645571779,0.9218261649100578,3.1250000000000666,6.640625000000141
4,0.06,0.0,fin_z_max,0.010908967499999998,0.5705421465923812,0.9048223778309129,3.1250000000000666,6.640625000000141
4,0.06,0.0,fin_z_max,0.011255112499999997,0.49293502934708083,0.885051858246987,3.1250000000000666,6.640625000000141
4,0.06,0.0,fin_z_max,0.011947402499999997,0.34738933806544636,0.8746748839253959,3.1250000000000666,6.640625000000141
4,0.06,0.0,fin_z_max,0.012293547499999998,0.1474334665774563,0.868138003531362,3.1250000000000666,6.640625000000141
4,0.06,0.0,fin_z_max,0.012985837499999998,0.12239401484009774,0.8708276002656915,3.1250000000000666,6.640625000000141
4,0.06,0.0,fin_z_max,0.013331982499999999,0.11949876398531122,0.886032945214248,3.1250000000000666,6.640625000000141
4,0.06,0.0,fin_z_max,0.013678127499999998,0.13210258870107183,0.8909823165997598,3.1250000000000666,6.640625000000141
5,0.08,0.0,fin_z_min,-0.0136673275,0.6545907578118539,0.9679401020278183,3.1250000000000666,6.640625000000141
5,0.08,0.0,fin_z_min,-0.012975037499999998,0.6546113347619654,0.9679334841713487,3.1250000000000666,6.640625000000141
5,0.08,0.0,fin_z_min,-0.0119366025,0.6546803727589051,0.9678009277714409,3.1250000000000666,6.640625000000141
5,0.08,0.0,fin_z_min,-0.0108981675,0.6547656634420066,0.9675264433225154,3.1250000000000666,6.640625000000141
5,0.08,0.0,fin_z_min,-0.0098597325,0.6548661675810846,0.9673518721210342,3.1250000000000666,6.640625000000141
5,0.08,0.0,fin_z_min,-0.008821297499999999,0.6550072219680845,0.9673394680177073,3.1250000000000666,6.640625000000141
5,0.08,0.0,fin_z_min,-0.0077828625,0.6551792118920563,0.9674910319082317,3.1250000000000666,6.640625000000141
5,0.08,0.0,fin_z_min,-0.0067444275000000005,0.6555575919379629,0.9679670882664102,3.1250000000000666,6.640625000000141
5,0.08,0.0,fin_z_min,-0.0063982825,0.6559847927810372,0.9687547924339579,3.1250000000000666,6.640625000000141
5,0.08,0.0,fin_z_min,-0.0060521375,0.656048957338689,0.9681493911022596,3.1250000000000666,6.640625000000141
5,0.08,0.0,fin_z_min,-0.0057059925,0.6564251859790954,0.968665537245164,3.1250000000000666,6.640625000000141
5,0.08,0.0,fin_z_min,-0.005359847500000001,0.6567931595505654,0.9688733571123386,3.1250000000000666,6.640625000000141
5,0.08,0.0,fin_z_min,-0.005013702500000001,0.6566659426412901,0.9682408471372119,3.1250000000000666,6.640625000000141
5,0.08,0.0,fin_z_min,-0.0046675575,0.6576844555123003,0.96907717459083,3.1250000000000666,6.640625000000141
5,0.08,0.0,fin_z_min,-0.0043214125,0.6580534524551781,0.9692765064487193,3.1250000000000666,6.640625000000141
5,0.08,0.0,fin_z_min,-0.003975267500000001,0.657286417418247,0.9683595444519789,3.1250000000000666,6.640625000000141
5,0.08,0.0,fin_z_min,-0.003629122500000001,0.6589495003215978,0.969360531360558,3.1250000000000666,6.640625000000141
5,0.08,0.0,fin_z_min,-0.0032829775,0.6591230226496984,0.9693380032503781,3.1250000000000666,6.640625000000141
5,0.08,0.0,fin_z_min,-0.0029368325,0.6578963941896296,0.9683728547233161,3.1250000000000666,6.640625000000141
5,0.08,0.0,fin_z_min,-0.002590687500000001,0.6607173971750181,0.9694171686042735,3.1250000000000666,6.640625000000141
5,0.08,0.0,fin_z_min,-0.002244542500000001,0.6620427598159571,0.969347726903626,3.1250000000000666,6.640625000000141
5,0.08,0.0,fin_z_min,-0.0018983975000000002,0.6593985878792834,0.9686720045643762,3.1250000000000666,6.640625000000141
5,0.08,0.0,fin_z_min,-0.0015522525000000002,0.6636357498900067,0.9696218530438728,3.1250000000000666,6.640625000000141
5,0.08,0.0,fin_z_min,-0.0012061075000000011,0.6642511190360549,0.9693421294599809,3.1250000000000666,6.640625000000141
5,0.08,0.0,fin_z_min,-0.0008599625000000012,0.6604173596726198,0.9685038767932086,3.1250000000000666,6.640625000000141
5,0.08,0.0,fin_z_min,-0.0005138175000000004,0.6678391445213337,0.9684391968010061,3.1250000000000666,6.640625000000141
5,0.08,0.0,fin_z_min,-0.0001676725000000004,0.6618779480580527,0.968558000067513,3.1250000000000666,6.640625000000141
5,0.08,0.0,fin_z_min,0.0001784724999999987,0.6751058525835418,0.9683430491396877,3.1250000000000666,6.640625000000141
5,0.08,0.0,fin_z_min,0.0005246174999999987,0.6635131769779945,0.9686794880648205,3.1250000000000666,6.640625000000141
5,0.08,0.0,fin_z_min,0.0008707624999999995,0.6639873708183037,0.9685949930929084,3.1250000000000666,6.640625000000141
5,0.08,0.0,fin_z_min,0.0012169074999999994,0.684531386451097,0.9691121637217922,3.1250000000000666,6.640625000000141
5,0.08,0.0,fin_z_min,0.0015630524999999985,0.6682574728770874,0.9684781037064338,3.1250000000000666,6.640625000000141
5,0.08,0.0,fin_z_min,0.0019091974999999994,0.6663334337436474,0.9686415294721732,3.1250000000000666,6.640625000000141
5,0.08,0.0,fin_z_min,0.0022553425,0.7005361379020146,0.9708482494243825,3.1250000000000666,6.640625000000141
5,0.08,0.0,fin_z_min,0.0026014874999999993,0.671479646313174,0.9683744050171229,3.1250000000000666,6.640625000000141
5,0.08,0.0,fin_z_min,0.0029476324999999984,0.6689040593315172,0.9686171865532743,3.1250000000000666,6.640625000000141
5,0.08,0.0,fin_z_min,0.0032937774999999975,0.6758044040935941,0.9682963597189399,3.1250000000000666,6.640625000000141
5,0.08,0.0,fin_z_min,0.0036399224999999983,0.6906757888727368,0.9780780757814168,3.1250000000000666,6.640625000000141
5,0.08,0.0,fin_z_min,0.003986067499999999,0.6709744285768138,0.9687962804153671,3.1250000000000666,6.640625000000141
5,0.08,0.0,fin_z_min,0.004332212499999998,0.6729355036026142,0.9686290570694276,3.1250000000000666,6.640625000000141
5,0.08,0.0,fin_z_min,0.004678357499999999,0.37283169623777873,0.958452900869375,3.1250000000000666,6.640625000000141
5,0.08,0.0,fin_z_min,0.0050245025,0.6513390316826095,0.9699426478418897,3.1250000000000666,6.640625000000141
5,0.08,0.0,fin_z_min,0.005370647499999999,0.6237187790607159,0.9707717784835884,3.1250000000000666,6.640625000000141
5,0.08,0.0,fin_z_min,0.005716792499999998,0.16390322095330923,0.9889122399103596,3.1250000000000666,6.640625000000141
5,0.08,0.0,fin_z_min,0.006062937499999997,0.5107832127570543,0.9806248347281448,3.1250000000000666,6.640625000000141
5,0.08,0.0,fin_z_min,0.006409082499999998,0.3732190161398476,0.9883263163762954,3.1250000000000666,6.640625000000141
5,0.08,0.0,fin_z_min,0.006755227499999999,0.4100785660823714,0.9879437804707697,3.1250000000000666,6.640625000000141
5,0.08,0.0,fin_z_min,0.007447517499999999,0.23623482206267538,0.9881263284581382,3.1250000000000666,6.640625000000141
5,0.08,0.0,fin_z_min,0.0077936624999999995,0.3233007297132185,0.9853479266622597,3.1250000000000666,6.640625000000141
5,0.08,0.0,fin_z_min,0.008485952499999998,0.3088705879630558,0.9822455321321227,3.1250000000000666,6.640625000000141
5,0.08,0.0,fin_z_min,0.008832097499999997,0.5145775676961465,0.9748587180073862,3.1250000000000666,6.640625000000141
5,0.08,0.0,fin_z_min,0.009524387499999998,0.6369040486775206,0.9561241662597615,3.1250000000000666,6.640625000000141
5,0.08,0.0,fin_z_min,0.009870532499999998,0.7825685830629839,0.9325340571606254,3.1250000000000666,6.640625000000141
5,0.08,0.0,fin_z_min,0.010216677499999998,0.8357034289904492,0.8804214751632612,3.1250000000000666,6.640625000000141
5,0.08,0.0,fin_z_min,0.010908967499999998,0.8742889647404334,0.8514236579777414,3.1250000000000666,6.640625000000141
5,0.08,0.0,fin_z_min,0.011255112499999997,0.8617052693120356,0.7777897147174015,3.1250000000000666,6.640625000000141
5,0.08,0.0,fin_z_min,0.011947402499999997,0.8673801196786548,0.7573796308905664,3.1250000000000666,6.640625000000141
5,0.08,0.0,fin_z_min,0.012293547499999998,0.8627970604956238,0.6905134900336369,3.1250000000000666,6.640625000000141
5,0.08,0.0,fin_z_min,0.012985837499999998,0.8680701462195916,0.672863261039946,3.1250000000000666,6.640625000000141
5,0.08,0.0,fin_z_min,0.013331982499999999,0.8725001681117427,0.6211021536745789,3.1250000000000666,6.640625000000141
5,0.08,0.0,fin_z_min,0.013678127499999998,0.8721112476790559,0.6235486768032479,3.1250000000000666,6.640625000000141
5,0.08,0.0,fin_z_max,-0.0136673275,0.6544022113627068,0.9679352589908717,3.1250000000000666,6.640625000000141
5,0.08,0.0,fin_z_max,-0.012975037499999998,0.6543597912048874,0.9679207815750418,3.1250000000000666,6.640625000000141
5,0.08,0.0,fin_z_max,-0.0119366025,0.654260782158388,0.9677722909261747,3.1250000000000666,6.640625000000141
5,0.08,0.0,fin_z_max,-0.0108981675,0.6541660640838834,0.9674810351276607,3.1250000000000666,6.640625000000141
5,0.08,0.0,fin_z_max,-0.0098597325,0.6540444377258213,0.9672946787823203,3.1250000000000666,6.640625000000141
5,0.08,0.0,fin_z_max,-0.008821297499999999,0.6538734147895452,0.9672560349924483,3.1250000000000666,6.640625000000141
5,0.08,0.0,fin_z_max,-0.0077828625,0.6536379901565436,0.9673816633084479,3.1250000000000666,6.640625000000141
5,0.08,0.0,fin_z_max,-0.0067444275000000005,0.6533005554277511,0.9678506404745114,3.1250000000000666,6.640625000000141
5,0.08,0.0,fin_z_max,-0.0063982825,0.6527975143410037,0.9687220266761681,3.1250000000000666,6.640625000000141
5,0.08,0.0,fin_z_max,-0.0060521375,0.6527867387924811,0.9680340012501791,3.1250000000000666,6.640625000000141
5,0.08,0.0,fin_z_max,-0.0057059925,0.6521182461717063,0.968652439565945,3.1250000000000666,6.640625000000141
5,0.08,0.0,fin_z_max,-0.005359847500000001,0.6518360094185871,0.9688516480248022,3.1250000000000666,6.640625000000141
5,0.08,0.0,fin_z_max,-0.005013702500000001,0.652269351750949,0.9681268602500944,3.1250000000000666,6.640625000000141
5,0.08,0.0,fin_z_max,-0.0046675575,0.6510240763123599,0.9690654872145238,3.1250000000000666,6.640625000000141
5,0.08,0.0,fin_z_max,-0.0043214125,0.6508575042189848,0.9692392626088076,3.1250000000000666,6.640625000000141
5,0.08,0.0,fin_z_max,-0.003975267500000001,0.651800639852868,0.9681005708640505,3.1250000000000666,6.640625000000141
5,0.08,0.0,fin_z_max,-0.003629122500000001,0.6497946572179168,0.9693262527989559,3.1250000000000666,6.640625000000141
5,0.08,0.0,fin_z_max,-0.0032829775,0.6497989148592523,0.9691972929507944,3.1250000000000666,6.640625000000141
5,0.08,0.0,fin_z_max,-0.0029368325,0.6512313258867048,0.9681907249648591,3.1250000000000666,6.640625000000141
5,0.08,0.0,fin_z_max,-0.002590687500000001,0.648047106400041,0.9692902652777643,3.1250000000000666,6.640625000000141
5,0.08,0.0,fin_z_max,-0.002244542500000001,0.6463276521673389,0.9693854924451981,3.1250000000000666,6.640625000000141
5,0.08,0.0,fin_z_max,-0.0018983975000000002,0.6496854726113318,0.9682964735364055,3.1250000000000666,6.640625000000141
5,0.08,0.0,fin_z_max,-0.0015522525000000002,0.644714159324909,0.9696433581244105,3.1250000000000666,6.640625000000141
5,0.08,0.0,fin_z_max,-0.0012061075000000011,0.6438355030249518,0.9695496217825412,3.1250000000000666,6.640625000000141
5,0.08,0.0,fin_z_max,-0.0008599625000000012,0.6485968928892839,0.9681576791750661,3.1250000000000666,6.640625000000141
5,0.08,0.0,fin_z_max,-0.0005138175000000004,0.6406621704359747,0.9696556027946952,3.1250000000000666,6.640625000000141
5,0.08,0.0,fin_z_max,-0.0001676725000000004,0.6468285940530494,0.9684705105756726,3.1250000000000666,6.640625000000141
5,0.08,0.0,fin_z_max,0.0001784724999999987,0.6333496183449553,0.9715861513347464,3.1250000000000666,6.640625000000141
5,0.08,0.0,fin_z_max,0.0005246174999999987,0.6445810052231649,0.9686023623979564,3.1250000000000666,6.640625000000141
5,0.08,0.0,fin_z_max,0.0008707624999999995,0.6440849580788807,0.9683556270246567,3.1250000000000666,6.640625000000141
5,0.08,0.0,fin_z_max,0.0012169074999999994,0.6243685810503989,0.9739319799757495,3.1250000000000666,6.640625000000141
5,0.08,0.0,fin_z_max,0.0015630524999999985,0.6385230539201152,0.9692691411716668,3.1250000000000666,6.640625000000141
5,0.08,0.0,fin_z_max,0.0019091974999999994,0.6407106929118904,0.9685276546938321,3.1250000000000666,6.640625000000141
5,0.08,0.0,fin_z_max,0.0022553425,0.6133605577567357,0.9780483619350852,3.1250000000000666,6.640625000000141
5,0.08,0.0,fin_z_max,0.0026014874999999993,0.6333246553660034,0.9695702780176491,3.1250000000000666,6.640625000000141
5,0.08,0.0,fin_z_max,0.0029476324999999984,0.6362009239099337,0.968675053427439,3.1250000000000666,6.640625000000141
5,0.08,0.0,fin_z_max,0.0032937774999999975,0.6246268385772085,0.9701844675761527,3.1250000000000666,6.640625000000141
5,0.08,0.0,fin_z_max,0.0036399224999999983,0.5485295547721803,0.9797152498485531,3.1250000000000666,6.640625000000141
5,0.08,0.0,fin_z_max,0.003986067499999999,0.6291898707591074,0.9688987338564831,3.1250000000000666,6.640625000000141
5,0.08,0.0,fin_z_max,0.004332212499999998,0.6160974673532099,0.9703019816931608,3.1250000000000666,6.640625000000141
5,0.08,0.0,fin_z_max,0.004678357499999999,0.41427332727549465,0.962998967735401,3.1250000000000666,6.640625000000141
5,0.08,0.0,fin_z_max,0.0050245025,0.6253785693185127,0.9683434017624886,3.1250000000000666,6.640625000000141
5,0.08,0.0,fin_z_max,0.005370647499999999,0.613236778756244,0.9692318493514038,3.1250000000000666,6.640625000000141
5,0.08,0.0,fin_z_max,0.005716792499999998,0.43842780118692276,0.9646520190739996,3.1250000000000666,6.640625000000141
5,0.08,0.0,fin_z_max,0.006062937499999997,0.6436862314816681,0.9721266657167663,3.1250000000000666,6.640625000000141
5,0.08,0.0,fin_z_max,0.006409082499999998,0.581226402944402,0.9784019886298083,3.1250000000000666,6.640625000000141
5,0.08,0.0,fin_z_max,0.006755227499999999,0.6119635237030066,0.9750801162698534,3.1250000000000666,6.640625000000141
5,0.08,0.0,fin_z_max,0.007447517499999999,0.5364242867502546,0.9788281040205322,3.1250000000000666,6.640625000000141
5,0.08,0.0,fin_z_max,0.0077936624999999995,0.5759069930507069,0.9737184637837393,3.1250000000000666,6.640625000000141
5,0.08,0.0,fin_z_max,0.008485952499999998,0.49898982355967914,0.9708875147584298,3.1250000000000666,6.640625000000141
5,0.08,0.0,fin_z_max,0.008832097499999997,0.5522609578677886,0.9596019183870328,3.1250000000000666,6.640625000000141
5,0.08,0.0,fin_z_max,0.009524387499999998,0.46628375926685456,0.9465688258767752,3.1250000000000666,6.640625000000141
5,0.08,0.0,fin_z_max,0.009870532499999998,0.5146648129400785,0.9293063662944183,3.1250000000000666,6.640625000000141
5,0.08,0.0,fin_z_max,0.010216677499999998,0.4141123528912525,0.9062352624897725,3.1250000000000666,6.640625000000141
5,0.08,0.0,fin_z_max,0.010908967499999998,0.4602056329185423,0.8868521648628132,3.1250000000000666,6.640625000000141
5,0.08,0.0,fin_z_max,0.011255112499999997,0.3654629469591703,0.8654271796471056,3.1250000000000666,6.640625000000141
5,0.08,0.0,fin_z_max,0.011947402499999997,0.44936097347170323,0.8537023129455871,3.1250000000000666,6.640625000000141
5,0.08,0.0,fin_z_max,0.012293547499999998,0.40089812877417297,0.8473833421322317,3.1250000000000666,6.640625000000141
5,0.08,0.0,fin_z_max,0.012985837499999998,0.44219135803513254,0.8506357380350358,3.1250000000000666,6.640625000000141
5,0.08,0.0,fin_z_max,0.013331982499999999,0.41525783601975136,0.8677389320645451,3.1250000000000666,6.640625000000141
5,0.08,0.0,fin_z_max,0.013678127499999998,0.4254241867880748,0.8730313212403269,3.1250000000000666,6.640625000000141
6,0.1,0.0,fin_z_min,-0.0136673275,0.8042551265331199,0.962456277166585,3.1250000000000666,6.640625000000141
6,0.1,0.0,fin_z_min,-0.012975037499999998,0.8042257809077701,0.9624515765805024,3.1250000000000666,6.640625000000141
6,0.1,0.0,fin_z_min,-0.0119366025,0.8041832899358835,0.9623525564838237,3.1250000000000666,6.640625000000141
6,0.1,0.0,fin_z_min,-0.0108981675,0.8041883315665678,0.9621366870807193,3.1250000000000666,6.640625000000141
6,0.1,0.0,fin_z_min,-0.0098597325,0.8042002018505794,0.9619775197081264,3.1250000000000666,6.640625000000141
6,0.1,0.0,fin_z_min,-0.008821297499999999,0.8041786617908707,0.9619309922490047,3.1250000000000666,6.640625000000141
6,0.1,0.0,fin_z_min,-0.0077828625,0.8041422331630689,0.9620382637256364,3.1250000000000666,6.640625000000141
6,0.1,0.0,fin_z_min,-0.0067444275000000005,0.8043697058641535,0.962617838190638,3.1250000000000666,6.640625000000141
6,0.1,0.0,fin_z_min,-0.0063982825,0.8051848893439839,0.9637452269542417,3.1250000000000666,6.640625000000141
6,0.1,0.0,fin_z_min,-0.0060521375,0.8045360441565257,0.962927592719542,3.1250000000000666,6.640625000000141
6,0.1,0.0,fin_z_min,-0.0057059925,0.8052454230052556,0.9637351273554182,3.1250000000000666,6.640625000000141
6,0.1,0.0,fin_z_min,-0.005359847500000001,0.8051519600158108,0.9639606919459228,3.1250000000000666,6.640625000000141
6,0.1,0.0,fin_z_min,-0.005013702500000001,0.8042785405441801,0.9629939345257332,3.1250000000000666,6.640625000000141
6,0.1,0.0,fin_z_min,-0.0046675575,0.8055793150905538,0.964539293016043,3.1250000000000666,6.640625000000141
6,0.1,0.0,fin_z_min,-0.0043214125,0.8053960563900716,0.9646817900872116,3.1250000000000666,6.640625000000141
6,0.1,0.0,fin_z_min,-0.003975267500000001,0.8041272687370357,0.9631168383366058,3.1250000000000666,6.640625000000141
6,0.1,0.0,fin_z_min,-0.003629122500000001,0.8057076621647975,0.9649574949286127,3.1250000000000666,6.640625000000141
6,0.1,0.0,fin_z_min,-0.0032829775,0.8056054583375285,0.9649555330533465,3.1250000000000666,6.640625000000141
6,0.1,0.0,fin_z_min,-0.0029368325,0.8038969581104811,0.9630624536878919,3.1250000000000666,6.640625000000141
6,0.1,0.0,fin_z_min,-0.002590687500000001,0.8061588382058803,0.9653729054861914,3.1250000000000666,6.640625000000141
6,0.1,0.0,fin_z_min,-0.002244542500000001,0.8068534823506418,0.9656733494108088,3.1250000000000666,6.640625000000141
6,0.1,0.0,fin_z_min,-0.0018983975000000002,0.803791892828713,0.9634489884388716,3.1250000000000666,6.640625000000141
6,0.1,0.0,fin_z_min,-0.0015522525000000002,0.8068556409438296,0.966111943198559,3.1250000000000666,6.640625000000141
6,0.1,0.0,fin_z_min,-0.0012061075000000011,0.8078475226806989,0.966188546466298,3.1250000000000666,6.640625000000141
6,0.1,0.0,fin_z_min,-0.0008599625000000012,0.8037870651987923,0.9632237693375245,3.1250000000000666,6.640625000000141
6,0.1,0.0,fin_z_min,-0.0005138175000000004,0.8110569834184649,0.9668563050481424,3.1250000000000666,6.640625000000141
6,0.1,0.0,fin_z_min,-0.0001676725000000004,0.804318168229539,0.9635344932911079,3.1250000000000666,6.640625000000141
6,0.1,0.0,fin_z_min,0.0001784724999999987,0.8171136494356871,0.9704796542196114,3.1250000000000666,6.640625000000141
6,0.1,0.0,fin_z_min,0.0005246174999999987,0.8055984380560787,0.9643264394912642,3.1250000000000666,6.640625000000141
6,0.1,0.0,fin_z_min,0.0008707624999999995,0.8051796964064104,0.9639595374145515,3.1250000000000666,6.640625000000141
6,0.1,0.0,fin_z_min,0.0012169074999999994,0.8219422429757646,0.9742424202744873,3.1250000000000666,6.640625000000141
6,0.1,0.0,fin_z_min,0.0015630524999999985,0.8091209076010136,0.9657510740499758,3.1250000000000666,6.640625000000141
6,0.1,0.0,fin_z_min,0.0019091974999999994,0.8062883035689736,0.964404168348957,3.1250000000000666,6.640625000000141
6,0.1,0.0,fin_z_min,0.0022553425,0.8263428569240022,0.9809576297415128,3.1250000000000666,6.640625000000141
6,0.1,0.0,fin_z_min,0.0026014874999999993,0.81103457880713,0.9664627418902696,3.1250000000000666,6.640625000000141
6,0.1,0.0,fin_z_min,0.0029476324999999984,0.8076520250888749,0.9648680949762372,3.1250000000000666,6.640625000000141
6,0.1,0.0,fin_z_min,0.0032937774999999975,0.8143957099095953,0.9677681192121678,3.1250000000000666,6.640625000000141
6,0.1,0.0,fin_z_min,0.0036399224999999983,0.8331640407603883,0.9913180660610286,3.1250000000000666,6.640625000000141
6,0.1,0.0,fin_z_min,0.003986067499999999,0.8099194271808638,0.9660172462600448,3.1250000000000666,6.640625000000141
6,0.1,0.0,fin_z_min,0.004332212499999998,0.8164698397329869,0.969920735708941,3.1250000000000666,6.640625000000141
6,0.1,0.0,fin_z_min,0.004678357499999999,0.695596333562314,0.9825330718513255,3.1250000000000666,6.640625000000141
6,0.1,0.0,fin_z_min,0.0050245025,0.8075647580934469,0.9704076864829605,3.1250000000000666,6.640625000000141
6,0.1,0.0,fin_z_min,0.005370647499999999,0.803666753237022,0.9760008030519928,3.1250000000000666,6.640625000000141
6,0.1,0.0,fin_z_min,0.005716792499999998,0.323956965358579,0.9882646833489699,3.1250000000000666,6.640625000000141
6,0.1,0.0,fin_z_min,0.006062937499999997,0.7316872510786879,0.9699057762473471,3.1250000000000666,6.640625000000141
6,0.1,0.0,fin_z_min,0.006409082499999998,0.6328652166881363,0.9807749529354595,3.1250000000000666,6.640625000000141
6,0.1,0.0,fin_z_min,0.006755227499999999,0.6498895133193946,0.980423391188915,3.1250000000000666,6.640625000000141
6,0.1,0.0,fin_z_min,0.007447517499999999,0.4452903416839342,0.974860769513427,3.1250000000000666,6.640625000000141
6,0.1,0.0,fin_z_min,0.0077936624999999995,0.4843328232631004,0.9694640931024782,3.1250000000000666,6.640625000000141
6,0.1,0.0,fin_z_min,0.008485952499999998,0.32280055556169485,0.964863933945837,3.1250000000000666,6.640625000000141
6,0.1,0.0,fin_z_min,0.008832097499999997,0.4886577996752537,0.9588770755319685,3.1250000000000666,6.640625000000141
6,0.1,0.0,fin_z_min,0.009524387499999998,0.45377872857367635,0.9437701671253645,3.1250000000000666,6.640625000000141
6,0.1,0.0,fin_z_min,0.009870532499999998,0.6119125558926372,0.9214988179387166,3.1250000000000666,6.640625000000141
6,0.1,0.0,fin_z_min,0.010216677499999998,0.5853838557531621,0.8761744614746102,3.1250000000000666,6.640625000000141
6,0.1,0.0,fin_z_min,0.010908967499999998,0.6577817441231253,0.8465602964016002,3.1250000000000666,6.640625000000141
6,0.1,0.0,fin_z_min,0.011255112499999997,0.6242960332951872,0.7763718894285098,3.1250000000000666,6.640625000000141
6,0.1,0.0,fin_z_min,0.011947402499999997,0.6535631876004836,0.7498417104974496,3.1250000000000666,6.640625000000141
6,0.1,0.0,fin_z_min,0.012293547499999998,0.6603838201310894,0.6789701325592931,3.1250000000000666,6.640625000000141
6,0.1,0.0,fin_z_min,0.012985837499999998,0.683401579893928,0.6530015057043804,3.1250000000000666,6.640625000000141
6,0.1,0.0,fin_z_min,0.013331982499999999,0.7152279860310995,0.597651006823058,3.1250000000000666,6.640625000000141
6,0.1,0.0,fin_z_min,0.013678127499999998,0.7193697473618565,0.598745448904944,3.1250000000000666,6.640625000000141
6,0.1,0.0,fin_z_max,-0.0136673275,0.8043713026043601,0.96246356210657,3.1250000000000666,6.640625000000141
6,0.1,0.0,fin_z_max,-0.012975037499999998,0.804369988667803,0.9624553842618874,3.1250000000000666,6.640625000000141
6,0.1,0.0,fin_z_max,-0.0119366025,0.8043960620069002,0.9623463182250497,3.1250000000000666,6.640625000000141
6,0.1,0.0,fin_z_max,-0.0108981675,0.8044511580241814,0.9621208715896346,3.1250000000000666,6.640625000000141
6,0.1,0.0,fin_z_max,-0.0098597325,0.804499481932056,0.9619568839447333,3.1250000000000666,6.640625000000141
6,0.1,0.0,fin_z_max,-0.008821297499999999,0.8045177825369303,0.961891455917257,3.1250000000000666,6.640625000000141
6,0.1,0.0,fin_z_max,-0.0077828625,0.8045414503019623,0.9619838733041789,3.1250000000000666,6.640625000000141
6,0.1,0.0,fin_z_max,-0.0067444275000000005,0.8048804894994079,0.9625819773012075,3.1250000000000666,6.640625000000141
6,0.1,0.0,fin_z_max,-0.0063982825,0.8056922082918717,0.9638227746691876,3.1250000000000666,6.640625000000141
6,0.1,0.0,fin_z_max,-0.0060521375,0.8053383372046433,0.9629342033722414,3.1250000000000666,6.640625000000141
6,0.1,0.0,fin_z_max,-0.0057059925,0.8061699560029161,0.9638583384907893,3.1250000000000666,6.640625000000141
6,0.1,0.0,fin_z_max,-0.005359847500000001,0.8063901251680355,0.964083943489005,3.1250000000000666,6.640625000000141
6,0.1,0.0,fin_z_max,-0.005013702500000001,0.8055652918097054,0.9630667586025639,3.1250000000000666,6.640625000000141
6,0.1,0.0,fin_z_max,-0.0046675575,0.8075242380115282,0.9646964687475825,3.1250000000000666,6.640625000000141
6,0.1,0.0,fin_z_max,-0.0043214125,0.8076278302244024,0.9648241310147644,3.1250000000000666,6.640625000000141
6,0.1,0.0,fin_z_max,-0.003975267500000001,0.8057437905081747,0.963073346485923,3.1250000000000666,6.640625000000141
6,0.1,0.0,fin_z_max,-0.003629122500000001,0.8086131979326973,0.96507354624555,3.1250000000000666,6.640625000000141
6,0.1,0.0,fin_z_max,-0.0032829775,0.8085155688929353,0.9649058228231604,3.1250000000000666,6.640625000000141
6,0.1,0.0,fin_z_max,-0.0029368325,0.8060418151663352,0.9632488331924776,3.1250000000000666,6.640625000000141
6,0.1,0.0,fin_z_max,-0.002590687500000001,0.8102984683364604,0.9652493439986164,3.1250000000000666,6.640625000000141
6,0.1,0.0,fin_z_max,-0.002244542500000001,0.8120313826097477,0.9656641892739801,3.1250000000000666,6.640625000000141
6,0.1,0.0,fin_z_max,-0.0018983975000000002,0.8071220487703064,0.9635122255469976,3.1250000000000666,6.640625000000141
6,0.1,0.0,fin_z_max,-0.0015522525000000002,0.8133363143597455,0.9659837384272766,3.1250000000000666,6.640625000000141
6,0.1,0.0,fin_z_max,-0.0012061075000000011,0.8141560874445142,0.9661484758992465,3.1250000000000666,6.640625000000141
6,0.1,0.0,fin_z_max,-0.0008599625000000012,0.8075098024208769,0.963514116419027,3.1250000000000666,6.640625000000141
6,0.1,0.0,fin_z_max,-0.0005138175000000004,0.8180632416960494,0.967229291397853,3.1250000000000666,6.640625000000141
6,0.1,0.0,fin_z_max,-0.0001676725000000004,0.8089094931904095,0.9642367471078919,3.1250000000000666,6.640625000000141
6,0.1,0.0,fin_z_max,0.0001784724999999987,0.8259415260347989,0.9713068630982727,3.1250000000000666,6.640625000000141
6,0.1,0.0,fin_z_max,0.0005246174999999987,0.8111672071183266,0.9646432294454763,3.1250000000000666,6.640625000000141
6,0.1,0.0,fin_z_max,0.0008707624999999995,0.8109556561859851,0.9644256792649034,3.1250000000000666,6.640625000000141
6,0.1,0.0,fin_z_max,0.0012169074999999994,0.8327614161954127,0.9746071529168336,3.1250000000000666,6.640625000000141
6,0.1,0.0,fin_z_max,0.0015630524999999985,0.8166547083022182,0.9663490241886195,3.1250000000000666,6.640625000000141
6,0.1,0.0,fin_z_max,0.0019091974999999994,0.8133254634050825,0.9650501850761536,3.1250000000000666,6.640625000000141
6,0.1,0.0,fin_z_max,0.0022553425,0.8312139648953598,0.9792414532617906,3.1250000000000666,6.640625000000141
6,0.1,0.0,fin_z_max,0.0026014874999999993,0.8198807917229866,0.9671992642979417,3.1250000000000666,6.640625000000141
6,0.1,0.0,fin_z_max,0.0029476324999999984,0.8160626778895403,0.9658172357716779,3.1250000000000666,6.640625000000141
6,0.1,0.0,fin_z_max,0.0032937774999999975,0.8245084562027458,0.9685274991701169,3.1250000000000666,6.640625000000141
6,0.1,0.0,fin_z_max,0.0036399224999999983,0.7835482926613704,0.9771384256294787,3.1250000000000666,6.640625000000141
6,0.1,0.0,fin_z_max,0.003986067499999999,0.8209238879803696,0.9666300363195991,3.1250000000000666,6.640625000000141
6,0.1,0.0,fin_z_max,0.004332212499999998,0.8301961747939117,0.9693284159941074,3.1250000000000666,6.640625000000141
6,0.1,0.0,fin_z_max,0.004678357499999999,0.764899619147014,0.9710418334657728,3.1250000000000666,6.640625000000141
6,0.1,0.0,fin_z_max,0.0050245025,0.8326100408322392,0.9677503040329956,3.1250000000000666,6.640625000000141
6,0.1,0.0,fin_z_max,0.005370647499999999,0.8375163998436407,0.9704936894849947,3.1250000000000666,6.640625000000141
6,0.1,0.0,fin_z_max,0.005716792499999998,0.755631393337656,0.9793257994027855,3.1250000000000666,6.640625000000141
6,0.1,0.0,fin_z_max,0.006062937499999997,0.8167993692468849,0.972168619644309,3.1250000000000666,6.640625000000141
6,0.1,0.0,fin_z_max,0.006409082499999998,0.7811775387862995,0.9820502104119878,3.1250000000000666,6.640625000000141
6,0.1,0.0,fin_z_max,0.006755227499999999,0.7898450520714437,0.9779342147547346,3.1250000000000666,6.640625000000141
6,0.1,0.0,fin_z_max,0.007447517499999999,0.7195462631140166,0.9843285102347628,3.1250000000000666,6.640625000000141
6,0.1,0.0,fin_z_max,0.0077936624999999995,0.7114382260996701,0.9786859173404421,3.1250000000000666,6.640625000000141
6,0.1,0.0,fin_z_max,0.008485952499999998,0.6336522605227942,0.9793777266683942,3.1250000000000666,6.640625000000141
6,0.1,0.0,fin_z_max,0.008832097499999997,0.6032130855941273,0.9668286571580675,3.1250000000000666,6.640625000000141
6,0.1,0.0,fin_z_max,0.009524387499999998,0.5128263070214588,0.9578318243914915,3.1250000000000666,6.640625000000141
6,0.1,0.0,fin_z_max,0.009870532499999998,0.4288626291667488,0.9408498637098993,3.1250000000000666,6.640625000000141
6,0.1,0.0,fin_z_max,0.010216677499999998,0.31943877097277346,0.9239868039430972,3.1250000000000666,6.640625000000141
6,0.1,0.0,fin_z_max,0.010908967499999998,0.19882421856129567,0.9062927920840315,3.1250000000000666,6.640625000000141
6,0.1,0.0,fin_z_max,0.011255112499999997,0.09251765441185904,0.8905315832979077,3.1250000000000666,6.640625000000141
6,0.1,0.0,fin_z_max,0.011947402499999997,0.3867469024153451,0.8795664752741423,3.1250000000000666,6.640625000000141
6,0.1,0.0,fin_z_max,0.012293547499999998,0.6312043736629475,0.8773664853980864,3.1250000000000666,6.640625000000141
6,0.1,0.0,fin_z_max,0.012985837499999998,0.8122676981091675,0.8814431613214504,3.1250000000000666,6.640625000000141
6,0.1,0.0,fin_z_max,0.013331982499999999,0.8124061101607192,0.8982638117258366,3.1250000000000666,6.640625000000141
6,0.1,0.0,fin_z_max,0.013678127499999998,0.8197648882092969,0.9025981262532704,3.1250000000000666,6.640625000000141
7,0.02,0.006,fin_z_min,-0.0136673275,0.7966077395478458,0.9810122890462685,3.1250000000000666,6.640625000000141
7,0.02,0.006,fin_z_min,-0.012975037499999998,0.7966598955146822,0.981023024165789,3.1250000000000666,6.640625000000141
7,0.02,0.006,fin_z_min,-0.0119366025,0.7967718068155868,0.981038266233103,3.1250000000000666,6.640625000000141
7,0.02,0.006,fin_z_min,-0.0108981675,0.7968635260866213,0.9810433515516613,3.1250000000000666,6.640625000000141
7,0.02,0.006,fin_z_min,-0.0098597325,0.7969742347462133,0.9810328036680244,3.1250000000000666,6.640625000000141
7,0.02,0.006,fin_z_min,-0.008821297499999999,0.7971571210510974,0.9810616713245698,3.1250000000000666,6.640625000000141
7,0.02,0.006,fin_z_min,-0.0077828625,0.7973940253244357,0.9810337121421738,3.1250000000000666,6.640625000000141
7,0.02,0.006,fin_z_min,-0.0067444275000000005,0.797624615069626,0.9807253916158684,3.1250000000000666,6.640625000000141
7,0.02,0.006,fin_z_min,-0.0063982825,0.7975985085395288,0.9803266387757289,3.1250000000000666,6.640625000000141
7,0.02,0.006,fin_z_min,-0.0060521375,0.7981110824931373,0.9807044937748192,3.1250000000000666,6.640625000000141
7,0.02,0.006,fin_z_min,-0.0057059925,0.7983119716601177,0.9807090370483293,3.1250000000000666,6.640625000000141
7,0.02,0.006,fin_z_min,-0.005359847500000001,0.7987352693100415,0.9810880675583068,3.1250000000000666,6.640625000000141
7,0.02,0.006,fin_z_min,-0.005013702500000001,0.7989557263144791,0.9810586226485276,3.1250000000000666,6.640625000000141
7,0.02,0.006,fin_z_min,-0.0046675575,0.7995625688610074,0.9811575057269183,3.1250000000000666,6.640625000000141
7,0.02,0.006,fin_z_min,-0.0043214125,0.7999139965261086,0.981717322524608,3.1250000000000666,6.640625000000141
7,0.02,0.006,fin_z_min,-0.003975267500000001,0.7996831671770377,0.9813545405348283,3.1250000000000666,6.640625000000141
7,0.02,0.006,fin_z_min,-0.003629122500000001,0.8009887337307321,0.9821801909090809,3.1250000000000666,6.640625000000141
7,0.02,0.006,fin_z_min,-0.0032829775,0.8010145292093058,0.9823982338267916,3.1250000000000666,6.640625000000141
7,0.02,0.006,fin_z_min,-0.0029368325,0.800566644002018,0.9816622743658736,3.1250000000000666,6.640625000000141
7,0.02,0.006,fin_z_min,-0.002590687500000001,0.8028875503456433,0.9830855870974582,3.1250000000000666,6.640625000000141
7,0.02,0.006,fin_z_min,-0.002244542500000001,0.8046231173637652,0.983505278936605,3.1250000000000666,6.640625000000141
7,0.02,0.006,fin_z_min,-0.0018983975000000002,0.8024736539937641,0.9821666666468133,3.1250000000000666,6.640625000000141
7,0.02,0.006,fin_z_min,-0.0015522525000000002,0.8062745330878567,0.9837773914922342,3.1250000000000666,6.640625000000141
7,0.02,0.006,fin_z_min,-0.0012061075000000011,0.8066476218542215,0.9837117305588724,3.1250000000000666,6.640625000000141
7,0.02,0.006,fin_z_min,-0.0008599625000000012,0.8037533680279801,0.9823144567946667,3.1250000000000666,6.640625000000141
7,0.02,0.006,fin_z_min,-0.0005138175000000004,0.809598425457145,0.9826300425864698,3.1250000000000666,6.640625000000141
7,0.02,0.006,fin_z_min,-0.0001676725000000004,0.8054192960658683,0.9828524389563583,3.1250000000000666,6.640625000000141
7,0.02,0.006,fin_z_min,0.0001784724999999987,0.8171681070099625,0.9802011148883214,3.1250000000000666,6.640625000000141
7,0.02,0.006,fin_z_min,0.0005246174999999987,0.8067947682758153,0.9834574210059549,3.1250000000000666,6.640625000000141
7,0.02,0.006,fin_z_min,0.0008707624999999995,0.808040072996656,0.9832160730659136,3.1250000000000666,6.640625000000141
7,0.02,0.006,fin_z_min,0.0012169074999999994,0.8284834759645993,0.9787652948407678,3.1250000000000666,6.640625000000141
7,0.02,0.006,fin_z_min,0.0015630524999999985,0.811881319042636,0.9836394787215681,3.1250000000000666,6.640625000000141
7,0.02,0.006,fin_z_min,0.0019091974999999994,0.8109671160057227,0.9836375818354657,3.1250000000000666,6.640625000000141
7,0.02,0.006,fin_z_min,0.0022553425,0.8464382897460185,0.9714131012219359,3.1250000000000666,6.640625000000141
7,0.02,0.006,fin_z_min,0.0026014874999999993,0.8156018758256192,0.9840685852107807,3.1250000000000666,6.640625000000141
7,0.02,0.006,fin_z_min,0.0029476324999999984,0.8141661225311424,0.9843063880452086,3.1250000000000666,6.640625000000141
7,0.02,0.006,fin_z_min,0.0032937774999999975,0.8203191741695971,0.984470191460105,3.1250000000000666,6.640625000000141
7,0.02,0.006,fin_z_min,0.0036399224999999983,0.8250832662737339,0.956386970082945,3.1250000000000666,6.640625000000141
7,0.02,0.006,fin_z_min,0.003986067499999999,0.8167851812623632,0.9850289686697706,3.1250000000000666,6.640625000000141
7,0.02,0.006,fin_z_min,0.004332212499999998,0.8178820805199093,0.9844314773085799,3.1250000000000666,6.640625000000141
7,0.02,0.006,fin_z_min,0.004678357499999999,0.3872595555907539,0.920670230121363,3.1250000000000666,6.640625000000141
7,0.02,0.006,fin_z_min,0.0050245025,0.8012417319449774,0.9847479034176496,3.1250000000000666,6.640625000000141
7,0.02,0.006,fin_z_min,0.005370647499999999,0.779399860558711,0.9809343673818404,3.1250000000000666,6.640625000000141
7,0.02,0.006,fin_z_min,0.005716792499999998,0.07274978400933574,0.908801731790326,3.1250000000000666,6.640625000000141
7,0.02,0.006,fin_z_min,0.006062937499999997,0.7066308047268552,0.9703074757000593,3.1250000000000666,6.640625000000141
7,0.02,0.006,fin_z_min,0.006409082499999998,0.580012317444483,0.9603775421131713,3.1250000000000666,6.640625000000141
7,0.02,0.006,fin_z_min,0.006755227499999999,0.6268322687203594,0.9632375576175125,3.1250000000000666,6.640625000000141
7,0.02,0.006,fin_z_min,0.007447517499999999,0.457583431956691,0.9397117742068716,3.1250000000000666,6.640625000000141
7,0.02,0.006,fin_z_min,0.0077936624999999995,0.5652937890703551,0.9486315450923497,3.1250000000000666,6.640625000000141
7,0.02,0.006,fin_z_min,0.008485952499999998,0.5103968958078776,0.9519429111393545,3.1250000000000666,6.640625000000141
7,0.02,0.006,fin_z_min,0.008832097499999997,0.7260715486081308,0.9737263926867307,3.1250000000000666,6.640625000000141
7,0.02,0.006,fin_z_min,0.009524387499999998,0.7738164013602644,0.9895218795280297,3.1250000000000666,6.640625000000141
7,0.02,0.006,fin_z_min,0.009870532499999998,0.9115067012219444,0.9943940223662392,3.1250000000000666,6.640625000000141
7,0.02,0.006,fin_z_min,0.010216677499999998,0.8977289933450691,0.9863060779517603,3.1250000000000666,6.640625000000141
7,0.02,0.006,fin_z_min,0.010908967499999998,0.9137741458603539,0.9764399182863341,3.1250000000000666,6.640625000000141
7,0.02,0.006,fin_z_min,0.011255112499999997,0.8233401285068512,0.9404420232990803,3.1250000000000666,6.640625000000141
7,0.02,0.006,fin_z_min,0.011947402499999997,0.7835370082876429,0.9294049382641432,3.1250000000000666,6.640625000000141
7,0.02,0.006,fin_z_min,0.012293547499999998,0.716168808928688,0.8861405021771864,3.1250000000000666,6.640625000000141
7,0.02,0.006,fin_z_min,0.012985837499999998,0.7001859941300815,0.8712588973426169,3.1250000000000666,6.640625000000141
7,0.02,0.006,fin_z_min,0.013331982499999999,0.6953173038688645,0.8308800275333108,3.1250000000000666,6.640625000000141
7,0.02,0.006,fin_z_min,0.013678127499999998,0.6942204530840994,0.8318599961539701,3.1250000000000666,6.640625000000141
7,0.02,0.006,fin_z_max,-0.0136673275,0.7963192009705483,0.9810286107211905,3.1250000000000666,6.640625000000141
7,0.02,0.006,fin_z_max,-0.012975037499999998,0.7962848077566616,0.9810433332013658,3.1250000000000666,6.640625000000141
7,0.02,0.006,fin_z_max,-0.0119366025,0.7961721302501682,0.9810757452823331,3.1250000000000666,6.640625000000141
7,0.02,0.006,fin_z_max,-0.0108981675,0.7960225149110537,0.9810870227926362,3.1250000000000666,6.640625000000141
7,0.02,0.006,fin_z_max,-0.0098597325,0.7958528354441812,0.9810874005997673,3.1250000000000666,6.640625000000141
7,0.02,0.006,fin_z_max,-0.008821297499999999,0.795655919266807,0.9811300162934788,3.1250000000000666,6.640625000000141
7,0.02,0.006,fin_z_max,-0.0077828625,0.7953877029429527,0.9811209958526843,3.1250000000000666,6.640625000000141
7,0.02,0.006,fin_z_max,-0.0067444275000000005,0.7947253938706544,0.9808296388221229,3.1250000000000666,6.640625000000141
7,0.02,0.006,fin_z_max,-0.0063982825,0.7936062899681651,0.9803916554240808,3.1250000000000666,6.640625000000141
7,0.02,0.006,fin_z_max,-0.0060521375,0.7938843159225438,0.9808349147830909,3.1250000000000666,6.640625000000141
7,0.02,0.006,fin_z_max,-0.0057059925,0.7928184740465952,0.9808102308803737,3.1250000000000666,6.640625000000141
7,0.02,0.006,fin_z_max,-0.005359847500000001,0.7923363045532039,0.9812260027062899,3.1250000000000666,6.640625000000141
7,0.02,0.006,fin_z_max,-0.005013702500000001,0.7931374622045264,0.9812817289151328,3.1250000000000666,6.640625000000141
7,0.02,0.006,fin_z_max,-0.0046675575,0.7908414312047888,0.9813630106275252,3.1250000000000666,6.640625000000141
7,0.02,0.006,fin_z_max,-0.0043214125,0.7904313878951211,0.9818367780224027,3.1250000000000666,6.640625000000141
7,0.02,0.006,fin_z_max,-0.003975267500000001,0.7924301337033834,0.9816809371567107,3.1250000000000666,6.640625000000141
7,0.02,0.006,fin_z_max,-0.003629122500000001,0.7889670491636113,0.9824706034763259,3.1250000000000666,6.640625000000141
7,0.02,0.006,fin_z_max,-0.0032829775,0.7888499055783407,0.9827419723909596,3.1250000000000666,6.640625000000141
7,0.02,0.006,fin_z_max,-0.0029368325,0.7915823739158662,0.9822553203447647,3.1250000000000666,6.640625000000141
7,0.02,0.006,fin_z_max,-0.002590687500000001,0.7863657953352496,0.9835486131658849,3.1250000000000666,6.640625000000141
7,0.02,0.006,fin_z_max,-0.002244542500000001,0.7841691303459316,0.9839783192871707,3.1250000000000666,6.640625000000141
7,0.02,0.006,fin_z_max,-0.0018983975000000002,0.7893466462858298,0.9825971020626917,3.1250000000000666,6.640625000000141
7,0.02,0.006,fin_z_max,-0.0015522525000000002,0.781573578585284,0.9844078526389878,3.1250000000000666,6.640625000000141
7,0.02,0.006,fin_z_max,-0.0012061075000000011,0.7804201052263738,0.9842632862460692,3.1250000000000666,6.640625000000141
7,0.02,0.006,fin_z_max,-0.0008599625000000012,0.787855131135838,0.9827326860343369,3.1250000000000666,6.640625000000141
7,0.02,0.006,fin_z_max,-0.0005138175000000004,0.7758918232535424,0.9831118617341191,3.1250000000000666,6.640625000000141
7,0.02,0.006,fin_z_max,-0.0001676725000000004,0.7851876412168883,0.983046829439857,3.1250000000000666,6.640625000000141
7,0.02,0.006,fin_z_max,0.0001784724999999987,0.7673069885768128,0.9809369502079494,3.1250000000000666,6.640625000000141
7,0.02,0.006,fin_z_max,0.0005246174999999987,0.7820370130561031,0.9839062533566892,3.1250000000000666,6.640625000000141
7,0.02,0.006,fin_z_max,0.0008707624999999995,0.7818574995249007,0.9838547100665128,3.1250000000000666,6.640625000000141
7,0.02,0.006,fin_z_max,0.0012169074999999994,0.7586611754340916,0.9807300889538343,3.1250000000000666,6.640625000000141
7,0.02,0.006,fin_z_max,0.0015630524999999985,0.7744487233041762,0.9839510590935484,3.1250000000000666,6.640625000000141
7,0.02,0.006,fin_z_max,0.0019091974999999994,0.7775918793699409,0.9842401347011536,3.1250000000000666,6.640625000000141
7,0.02,0.006,fin_z_max,0.0022553425,0.751743424047098,0.9778619858558752,3.1250000000000666,6.640625000000141
7,0.02,0.006,fin_z_max,0.0026014874999999993,0.7681079846583345,0.9842820716776708,3.1250000000000666,6.640625000000141
7,0.02,0.006,fin_z_max,0.0029476324999999984,0.7717884523534235,0.9842819707986008,3.1250000000000666,6.640625000000141
7,0.02,0.006,fin_z_max,0.0032937774999999975,0.7576736433909139,0.9839832598152148,3.1250000000000666,6.640625000000141
7,0.02,0.006,fin_z_max,0.0036399224999999983,0.7040266169953248,0.9801238024779054,3.1250000000000666,6.640625000000141
7,0.02,0.006,fin_z_max,0.003986067499999999,0.7631018612978979,0.9854876752963776,3.1250000000000666,6.640625000000141
7,0.02,0.006,fin_z_max,0.004332212499999998,0.7480245048735947,0.9854036867357723,3.1250000000000666,6.640625000000141
7,0.02,0.006,fin_z_max,0.004678357499999999,0.4545183890562065,0.9803653667989406,3.1250000000000666,6.640625000000141
7,0.02,0.006,fin_z_max,0.0050245025,0.7607987588105772,0.9866718334457213,3.1250000000000666,6.640625000000141
7,0.02,0.006,fin_z_max,0.005370647499999999,0.7550087105749853,0.9859106873322633,3.1250000000000666,6.640625000000141
7,0.02,0.006,fin_z_max,0.005716792499999998,0.4444807255055677,0.9666603923279072,3.1250000000000666,6.640625000000141
7,0.02,0.006,fin_z_max,0.006062937499999997,0.8094384605052946,0.9773018105824344,3.1250000000000666,6.640625000000141
7,0.02,0.006,fin_z_max,0.006409082499999998,0.7322640997357895,0.9692335577371509,3.1250000000000666,6.640625000000141
7,0.02,0.006,fin_z_max,0.006755227499999999,0.7719521530351777,0.9752393415565929,3.1250000000000666,6.640625000000141
7,0.02,0.006,fin_z_max,0.007447517499999999,0.6713023907552732,0.9583242449798902,3.1250000000000666,6.640625000000141
7,0.02,0.006,fin_z_max,0.0077936624999999995,0.7299025809400449,0.9681828779919317,3.1250000000000666,6.640625000000141
7,0.02,0.006,fin_z_max,0.008485952499999998,0.6260149322522,0.9642330734896924,3.1250000000000666,6.640625000000141
7,0.02,0.006,fin_z_max,0.008832097499999997,0.7201848317792078,0.9802515227422463,3.1250000000000666,6.640625000000141
7,0.02,0.006,fin_z_max,0.009524387499999998,0.6127983112407953,0.9821213017607271,3.1250000000000666,6.640625000000141
7,0.02,0.006,fin_z_max,0.009870532499999998,0.71726718844417,0.9848739463266861,3.1250000000000666,6.640625000000141
7,0.02,0.006,fin_z_max,0.010216677499999998,0.6037172326222909,0.9754526089420386,3.1250000000000666,6.640625000000141
7,0.02,0.006,fin_z_max,0.010908967499999998,0.6826558034065862,0.9690012119370117,3.1250000000000666,6.640625000000141
7,0.02,0.006,fin_z_max,0.011255112499999997,0.5429925719161417,0.9526542929696407,3.1250000000000666,6.640625000000141
7,0.02,0.006,fin_z_max,0.011947402499999997,0.4510688691920626,0.9469863192431087,3.1250000000000666,6.640625000000141
7,0.02,0.006,fin_z_max,0.012293547499999998,0.2730781635918185,0.9347500217569549,3.1250000000000666,6.640625000000141
7,0.02,0.006,fin_z_max,0.012985837499999998,0.3079488642767597,0.9332146279495884,3.1250000000000666,6.640625000000141
7,0.02,0.006,fin_z_max,0.013331982499999999,0.29635464536278794,0.9372083515798024,3.1250000000000666,6.640625000000141
7,0.02,0.006,fin_z_max,0.013678127499999998,0.31885227325031096,0.9407525352943092,3.1250000000000666,6.640625000000141
8,0.04,0.006,fin_z_min,-0.0136673275,0.7794072227859635,0.9875051442351633,3.1250000000000666,6.640625000000141
8,0.04,0.006,fin_z_min,-0.012975037499999998,0.7794567127938662,0.9874983413492168,3.1250000000000666,6.640625000000141
8,0.04,0.006,fin_z_min,-0.0119366025,0.7795628723671417,0.987441664666818,3.1250000000000666,6.640625000000141
8,0.04,0.006,fin_z_min,-0.0108981675,0.7796705677410104,0.9873464624384644,3.1250000000000666,6.640625000000141
8,0.04,0.006,fin_z_min,-0.0098597325,0.7797827336395505,0.9872868992019929,3.1250000000000666,6.640625000000141
8,0.04,0.006,fin_z_min,-0.008821297499999999,0.7799196548619667,0.9872977200223504,3.1250000000000666,6.640625000000141
8,0.04,0.006,fin_z_min,-0.0077828625,0.7801020986662145,0.987326046610924,3.1250000000000666,6.640625000000141
8,0.04,0.006,fin_z_min,-0.0067444275000000005,0.7802592219377014,0.9874149833521262,3.1250000000000666,6.640625000000141
8,0.04,0.006,fin_z_min,-0.0063982825,0.7803125747036147,0.9876677411361513,3.1250000000000666,6.640625000000141
8,0.04,0.006,fin_z_min,-0.0060521375,0.7806611559686955,0.9875819259483557,3.1250000000000666,6.640625000000141
8,0.04,0.006,fin_z_min,-0.0057059925,0.7810246631616647,0.9878946166595929,3.1250000000000666,6.640625000000141
8,0.04,0.006,fin_z_min,-0.005359847500000001,0.7812087731244526,0.9883478850974052,3.1250000000000666,6.640625000000141
8,0.04,0.006,fin_z_min,-0.005013702500000001,0.7811951441923745,0.9879450705411031,3.1250000000000666,6.640625000000141
8,0.04,0.006,fin_z_min,-0.0046675575,0.7819176909312817,0.9887518927156692,3.1250000000000666,6.640625000000141
8,0.04,0.006,fin_z_min,-0.0043214125,0.7818691288717297,0.989329356290401,3.1250000000000666,6.640625000000141
8,0.04,0.006,fin_z_min,-0.003975267500000001,0.7816058738011988,0.9883049765867918,3.1250000000000666,6.640625000000141
8,0.04,0.006,fin_z_min,-0.003629122500000001,0.7827922303644116,0.989780424803793,3.1250000000000666,6.640625000000141
8,0.04,0.006,fin_z_min,-0.0032829775,0.7825742394242765,0.9900216041671152,3.1250000000000666,6.640625000000141
8,0.04,0.006,fin_z_min,-0.0029368325,0.7822571812604433,0.9885237945719374,3.1250000000000666,6.640625000000141
8,0.04,0.006,fin_z_min,-0.002590687500000001,0.784104740945644,0.9906842638928226,3.1250000000000666,6.640625000000141
8,0.04,0.006,fin_z_min,-0.002244542500000001,0.7858148169129864,0.9910436268738143,3.1250000000000666,6.640625000000141
8,0.04,0.006,fin_z_min,-0.0018983975000000002,0.7836653417138743,0.9891398468132052,3.1250000000000666,6.640625000000141
8,0.04,0.006,fin_z_min,-0.0015522525000000002,0.7867461210711046,0.9915248864363032,3.1250000000000666,6.640625000000141
8,0.04,0.006,fin_z_min,-0.0012061075000000011,0.7872753232901871,0.9913875675730391,3.1250000000000666,6.640625000000141
8,0.04,0.006,fin_z_min,-0.0008599625000000012,0.7847029379796534,0.9891424064338044,3.1250000000000666,6.640625000000141
8,0.04,0.006,fin_z_min,-0.0005138175000000004,0.7897911738662843,0.9900133999257547,3.1250000000000666,6.640625000000141
8,0.04,0.006,fin_z_min,-0.0001676725000000004,0.7861712464845185,0.9896287477616105,3.1250000000000666,6.640625000000141
8,0.04,0.006,fin_z_min,0.0001784724999999987,0.7970723206179917,0.9888347299138875,3.1250000000000666,6.640625000000141
8,0.04,0.006,fin_z_min,0.0005246174999999987,0.7873311286397301,0.9904021072574244,3.1250000000000666,6.640625000000141
8,0.04,0.006,fin_z_min,0.0008707624999999995,0.7887077431285104,0.9899966619537912,3.1250000000000666,6.640625000000141
8,0.04,0.006,fin_z_min,0.0012169074999999994,0.8067097235931806,0.9889453042494414,3.1250000000000666,6.640625000000141
8,0.04,0.006,fin_z_min,0.0015630524999999985,0.7923203329089931,0.9906949352641287,3.1250000000000666,6.640625000000141
8,0.04,0.006,fin_z_min,0.0019091974999999994,0.7917487064508235,0.9903635558470137,3.1250000000000666,6.640625000000141
8,0.04,0.006,fin_z_min,0.0022553425,0.8206151307617133,0.9854769164088552,3.1250000000000666,6.640625000000141
8,0.04,0.006,fin_z_min,0.0026014874999999993,0.7963039784213348,0.9910703861384463,3.1250000000000666,6.640625000000141
8,0.04,0.006,fin_z_min,0.0029476324999999984,0.7956252122884064,0.9909100360748393,3.1250000000000666,6.640625000000141
8,0.04,0.006,fin_z_min,0.0032937774999999975,0.802849722895305,0.9916004233292787,3.1250000000000666,6.640625000000141
8,0.04,0.006,fin_z_min,0.0036399224999999983,0.8583439373818424,0.9786278659125771,3.1250000000000666,6.640625000000141
8,0.04,0.006,fin_z_min,0.003986067499999999,0.8025013371253816,0.9917285640908171,3.1250000000000666,6.640625000000141
8,0.04,0.006,fin_z_min,0.004332212499999998,0.813420843147883,0.9922051553185833,3.1250000000000666,6.640625000000141
8,0.04,0.006,fin_z_min,0.004678357499999999,0.762074394967928,0.9529351474599735,3.1250000000000666,6.640625000000141
8,0.04,0.006,fin_z_min,0.0050245025,0.8229991055303877,0.9927630648066793,3.1250000000000666,6.640625000000141
8,0.04,0.006,fin_z_min,0.005370647499999999,0.8441864477498546,0.9916438823704083,3.1250000000000666,6.640625000000141
8,0.04,0.006,fin_z_min,0.005716792499999998,0.35963382868400234,0.9517447685682249,3.1250000000000666,6.640625000000141
8,0.04,0.006,fin_z_min,0.006062937499999997,0.8484019604747705,0.9849707554798984,3.1250000000000666,6.640625000000141
8,0.04,0.006,fin_z_min,0.006409082499999998,0.8274168777188293,0.9821729903362987,3.1250000000000666,6.640625000000141
8,0.04,0.006,fin_z_min,0.006755227499999999,0.8395390434105683,0.9839221524892445,3.1250000000000666,6.640625000000141
8,0.04,0.006,fin_z_min,0.007447517499999999,0.7055416858005069,0.9673461346506264,3.1250000000000666,6.640625000000141
8,0.04,0.006,fin_z_min,0.0077936624999999995,0.7163515339672476,0.9718275379596687,3.1250000000000666,6.640625000000141
8,0.04,0.006,fin_z_min,0.008485952499999998,0.5124191978924089,0.9727968570262295,3.1250000000000666,6.640625000000141
8,0.04,0.006,fin_z_min,0.008832097499999997,0.5940224619346584,0.9847498997155466,3.1250000000000666,6.640625000000141
8,0.04,0.006,fin_z_min,0.009524387499999998,0.4578767720951408,0.9890923577054107,3.1250000000000666,6.640625000000141
8,0.04,0.006,fin_z_min,0.009870532499999998,0.5726534392487429,0.983719252419399,3.1250000000000666,6.640625000000141
8,0.04,0.006,fin_z_min,0.010216677499999998,0.5097693375965541,0.9606108988035461,3.1250000000000666,6.640625000000141
8,0.04,0.006,fin_z_min,0.010908967499999998,0.5894852839245606,0.9431495982510029,3.1250000000000666,6.640625000000141
8,0.04,0.006,fin_z_min,0.011255112499999997,0.5257468812582711,0.8929964985055888,3.1250000000000666,6.640625000000141
8,0.04,0.006,fin_z_min,0.011947402499999997,0.5394238885723263,0.8766770957073124,3.1250000000000666,6.640625000000141
8,0.04,0.006,fin_z_min,0.012293547499999998,0.4733776502209232,0.8223254465187082,3.1250000000000666,6.640625000000141
8,0.04,0.006,fin_z_min,0.012985837499999998,0.470429364102194,0.8037063575433836,3.1250000000000666,6.640625000000141
8,0.04,0.006,fin_z_min,0.013331982499999999,0.4595410125257552,0.756612729302112,3.1250000000000666,6.640625000000141
8,0.04,0.006,fin_z_min,0.013678127499999998,0.4643627172279271,0.7577071846026886,3.1250000000000666,6.640625000000141
8,0.04,0.006,fin_z_max,-0.0136673275,0.7791995689847585,0.9875115777330563,3.1250000000000666,6.640625000000141
8,0.04,0.006,fin_z_max,-0.012975037499999998,0.779175270479776,0.9875029803084304,3.1250000000000666,6.640625000000141
8,0.04,0.006,fin_z_max,-0.0119366025,0.7791173976393632,0.9874473272520199,3.1250000000000666,6.640625000000141
8,0.04,0.006,fin_z_max,-0.0108981675,0.7790512325589439,0.9873442057387748,3.1250000000000666,6.640625000000141
8,0.04,0.006,fin_z_max,-0.0098597325,0.7789599647951205,0.9872808626587755,3.1250000000000666,6.640625000000141
8,0.04,0.006,fin_z_max,-0.008821297499999999,0.7788279849814902,0.9872826215242357,3.1250000000000666,6.640625000000141
8,0.04,0.006,fin_z_max,-0.0077828625,0.7786645571802386,0.9873028655322418,3.1250000000000666,6.640625000000141
8,0.04,0.006,fin_z_max,-0.0067444275000000005,0.7782752260011373,0.9873845504007062,3.1250000000000666,6.640625000000141
8,0.04,0.006,fin_z_max,-0.0063982825,0.7778837860460028,0.987627306685818,3.1250000000000666,6.640625000000141
8,0.04,0.006,fin_z_max,-0.0060521375,0.777862857111669,0.9875477137126351,3.1250000000000666,6.640625000000141
8,0.04,0.006,fin_z_max,-0.0057059925,0.7777419825166648,0.9878644314639314,3.1250000000000666,6.640625000000141
8,0.04,0.006,fin_z_max,-0.005359847500000001,0.7773819141170308,0.9883265300517207,3.1250000000000666,6.640625000000141
8,0.04,0.006,fin_z_max,-0.005013702500000001,0.777285765800499,0.9879639079141939,3.1250000000000666,6.640625000000141
8,0.04,0.006,fin_z_max,-0.0046675575,0.7767824645952828,0.9887436849545391,3.1250000000000666,6.640625000000141
8,0.04,0.006,fin_z_max,-0.0043214125,0.7762903438339627,0.9892503195336562,3.1250000000000666,6.640625000000141
8,0.04,0.006,fin_z_max,-0.003975267500000001,0.77667644435595,0.9882708145404491,3.1250000000000666,6.640625000000141
8,0.04,0.006,fin_z_max,-0.003629122500000001,0.7758636284039774,0.9897655812260082,3.1250000000000666,6.640625000000141
8,0.04,0.006,fin_z_max,-0.0032829775,0.7755624158936575,0.9899751658593545,3.1250000000000666,6.640625000000141
8,0.04,0.006,fin_z_max,-0.0029368325,0.7759876569486225,0.9887815756260769,3.1250000000000666,6.640625000000141
8,0.04,0.006,fin_z_max,-0.002590687500000001,0.7748781699706181,0.9906488803545059,3.1250000000000666,6.640625000000141
8,0.04,0.006,fin_z_max,-0.002244542500000001,0.7747158918555516,0.9910176641297869,3.1250000000000666,6.640625000000141
8,0.04,0.006,fin_z_max,-0.0018983975000000002,0.7748598202961281,0.9890645234203477,3.1250000000000666,6.640625000000141
8,0.04,0.006,fin_z_max,-0.0015522525000000002,0.7734282087690894,0.9915282834724589,3.1250000000000666,6.640625000000141
8,0.04,0.006,fin_z_max,-0.0012061075000000011,0.7735418887821566,0.9913626048053802,3.1250000000000666,6.640625000000141
8,0.04,0.006,fin_z_max,-0.0008599625000000012,0.7739578635524448,0.9890292899438191,3.1250000000000666,6.640625000000141
8,0.04,0.006,fin_z_max,-0.0005138175000000004,0.7734608503433892,0.9901941739418971,3.1250000000000666,6.640625000000141
8,0.04,0.006,fin_z_max,-0.0001676725000000004,0.7728785655922877,0.989486592045552,3.1250000000000666,6.640625000000141
8,0.04,0.006,fin_z_max,0.0001784724999999987,0.775351149028257,0.9895723859727124,3.1250000000000666,6.640625000000141
8,0.04,0.006,fin_z_max,0.0005246174999999987,0.7724963635861307,0.9902601101179049,3.1250000000000666,6.640625000000141
8,0.04,0.006,fin_z_max,0.0008707624999999995,0.7724125006151888,0.9899044841935952,3.1250000000000666,6.640625000000141
8,0.04,0.006,fin_z_max,0.0012169074999999994,0.7765841728289062,0.9907056383651486,3.1250000000000666,6.640625000000141
8,0.04,0.006,fin_z_max,0.0015630524999999985,0.7726345554382389,0.9905530823695308,3.1250000000000666,6.640625000000141
8,0.04,0.006,fin_z_max,0.0019091974999999994,0.7716753678732836,0.9902050015240181,3.1250000000000666,6.640625000000141
8,0.04,0.006,fin_z_max,0.0022553425,0.773239545790131,0.9905076207962057,3.1250000000000666,6.640625000000141
8,0.04,0.006,fin_z_max,0.0026014874999999993,0.7719803141952989,0.9908549261085162,3.1250000000000666,6.640625000000141
8,0.04,0.006,fin_z_max,0.0029476324999999984,0.7706772213958538,0.990243709529783,3.1250000000000666,6.640625000000141
8,0.04,0.006,fin_z_max,0.0032937774999999975,0.7718409354480937,0.990762128579974,3.1250000000000666,6.640625000000141
8,0.04,0.006,fin_z_max,0.0036399224999999983,0.7751373074075313,0.992540680804846,3.1250000000000666,6.640625000000141
8,0.04,0.006,fin_z_max,0.003986067499999999,0.7722047360631423,0.9913229189325017,3.1250000000000666,6.640625000000141
8,0.04,0.006,fin_z_max,0.004332212499999998,0.7795310852274816,0.9922064329526398,3.1250000000000666,6.640625000000141
8,0.04,0.006,fin_z_max,0.004678357499999999,0.7718215462540684,0.9912292440995928,3.1250000000000666,6.640625000000141
8,0.04,0.006,fin_z_max,0.0050245025,0.8001948791105327,0.9925432474443004,3.1250000000000666,6.640625000000141
8,0.04,0.006,fin_z_max,0.005370647499999999,0.8313680461155835,0.9930475716523265,3.1250000000000666,6.640625000000141
8,0.04,0.006,fin_z_max,0.005716792499999998,0.7049269097852181,0.9842528206010237,3.1250000000000666,6.640625000000141
8,0.04,0.006,fin_z_max,0.006062937499999997,0.8931612319236363,0.9868514369117439,3.1250000000000666,6.640625000000141
8,0.04,0.006,fin_z_max,0.006409082499999998,0.8881683556409574,0.9851584353469799,3.1250000000000666,6.640625000000141
8,0.04,0.006,fin_z_max,0.006755227499999999,0.8968120618441557,0.9880083750354541,3.1250000000000666,6.640625000000141
8,0.04,0.006,fin_z_max,0.007447517499999999,0.832366507896428,0.9783345742541523,3.1250000000000666,6.640625000000141
8,0.04,0.006,fin_z_max,0.0077936624999999995,0.8392550723839687,0.9830576937896568,3.1250000000000666,6.640625000000141
8,0.04,0.006,fin_z_max,0.008485952499999998,0.7410471632203413,0.9798665265365974,3.1250000000000666,6.640625000000141
8,0.04,0.006,fin_z_max,0.008832097499999997,0.7519647667963101,0.9862709631993368,3.1250000000000666,6.640625000000141
8,0.04,0.006,fin_z_max,0.009524387499999998,0.6373886269195896,0.9833391212970933,3.1250000000000666,6.640625000000141
8,0.04,0.006,fin_z_max,0.009870532499999998,0.6089714880762507,0.9790032693614906,3.1250000000000666,6.640625000000141
8,0.04,0.006,fin_z_max,0.010216677499999998,0.4785200978420336,0.9660787853730408,3.1250000000000666,6.640625000000141
8,0.04,0.006,fin_z_max,0.010908967499999998,0.35266002494063053,0.9553781284651833,3.1250000000000666,6.640625000000141
8,0.04,0.006,fin_z_max,0.011255112499999997,0.1634612219001316,0.939096029584799,3.1250000000000666,6.640625000000141
8,0.04,0.006,fin_z_max,0.011947402499999997,0.14478553716900752,0.9317162851415458,3.1250000000000666,6.640625000000141
8,0.04,0.006,fin_z_max,0.012293547499999998,0.2366016163053797,0.9233787844758411,3.1250000000000666,6.640625000000141
8,0.04,0.006,fin_z_max,0.012985837499999998,0.4274802596154017,0.9241362842955841,3.1250000000000666,6.640625000000141
8,0.04,0.006,fin_z_max,0.013331982499999999,0.4729222519368811,0.933372394553888,3.1250000000000666,6.640625000000141
8,0.04,0.006,fin_z_max,0.013678127499999998,0.4990838432622212,0.9373494208662696,3.1250000000000666,6.640625000000141
9,0.06,0.006,fin_z_min,-0.0136673275,0.9052765476971619,0.9867062781057535,3.1250000000000666,6.640625000000141
9,0.06,0.006,fin_z_min,-0.012975037499999998,0.9052901011515636,0.9866887781096875,3.1250000000000666,6.640625000000141
9,0.06,0.006,fin_z_min,-0.0119366025,0.9053253036854898,0.9865935101703142,3.1250000000000666,6.640625000000141
9,0.06,0.006,fin_z_min,-0.0108981675,0.9053720499189253,0.9864541843920254,3.1250000000000666,6.640625000000141
9,0.06,0.006,fin_z_min,-0.0098597325,0.9054125708802473,0.9863863190205244,3.1250000000000666,6.640625000000141
9,0.06,0.006,fin_z_min,-0.008821297499999999,0.9054592404837487,0.9864041275992274,3.1250000000000666,6.640625000000141
9,0.06,0.006,fin_z_min,-0.0077828625,0.9055125478048855,0.9864621797722604,3.1250000000000666,6.640625000000141
9,0.06,0.006,fin_z_min,-0.0067444275000000005,0.9055865267695363,0.9866476324187663,3.1250000000000666,6.640625000000141
9,0.06,0.006,fin_z_min,-0.0063982825,0.9059311464580849,0.9869537903114035,3.1250000000000666,6.640625000000141
9,0.06,0.006,fin_z_min,-0.0060521375,0.905818723802102,0.9868070508230702,3.1250000000000666,6.640625000000141
9,0.06,0.006,fin_z_min,-0.0057059925,0.9064570383085828,0.9870328224460864,3.1250000000000666,6.640625000000141
9,0.06,0.006,fin_z_min,-0.005359847500000001,0.9064235155017286,0.9874377421436844,3.1250000000000666,6.640625000000141
9,0.06,0.006,fin_z_min,-0.005013702500000001,0.905872338596244,0.9871300062239908,3.1250000000000666,6.640625000000141
9,0.06,0.006,fin_z_min,-0.0046675575,0.9069519070812256,0.9877451813033388,3.1250000000000666,6.640625000000141
9,0.06,0.006,fin_z_min,-0.0043214125,0.9066887497938088,0.9882629918071089,3.1250000000000666,6.640625000000141
9,0.06,0.006,fin_z_min,-0.003975267500000001,0.9058793554004468,0.9874583701814856,3.1250000000000666,6.640625000000141
9,0.06,0.006,fin_z_min,-0.003629122500000001,0.9074232443495867,0.9885301107474069,3.1250000000000666,6.640625000000141
9,0.06,0.006,fin_z_min,-0.0032829775,0.9070835944791852,0.9887371578404429,3.1250000000000666,6.640625000000141
9,0.06,0.006,fin_z_min,-0.0029368325,0.9060470877685225,0.9876239839850084,3.1250000000000666,6.640625000000141
9,0.06,0.006,fin_z_min,-0.002590687500000001,0.9083259989057996,0.9890893971580524,3.1250000000000666,6.640625000000141
9,0.06,0.006,fin_z_min,-0.002244542500000001,0.909945019006719,0.9891627467255134,3.1250000000000666,6.640625000000141
9,0.06,0.006,fin_z_min,-0.0018983975000000002,0.9066251943992958,0.9881294838453243,3.1250000000000666,6.640625000000141
9,0.06,0.006,fin_z_min,-0.0015522525000000002,0.9101464983784345,0.9895493716494654,3.1250000000000666,6.640625000000141
9,0.06,0.006,fin_z_min,-0.0012061075000000011,0.911088632297397,0.9892225678532559,3.1250000000000666,6.640625000000141
9,0.06,0.006,fin_z_min,-0.0008599625000000012,0.9070652193791577,0.9880821579557374,3.1250000000000666,6.640625000000141
9,0.06,0.006,fin_z_min,-0.0005138175000000004,0.9142466234358813,0.9870795780547419,3.1250000000000666,6.640625000000141
9,0.06,0.006,fin_z_min,-0.0001676725000000004,0.9081617218334703,0.9883168670267394,3.1250000000000666,6.640625000000141
9,0.06,0.006,fin_z_min,0.0001784724999999987,0.9228856218163537,0.9844602340432547,3.1250000000000666,6.640625000000141
9,0.06,0.006,fin_z_min,0.0005246174999999987,0.9095338556503916,0.9887009905787963,3.1250000000000666,6.640625000000141
9,0.06,0.006,fin_z_min,0.0008707624999999995,0.9101950419581217,0.9884060319571593,3.1250000000000666,6.640625000000141
9,0.06,0.006,fin_z_min,0.0012169074999999994,0.9330657032222519,0.9832659261019336,3.1250000000000666,6.640625000000141
9,0.06,0.006,fin_z_min,0.0015630524999999985,0.914857256346728,0.9881165869883837,3.1250000000000666,6.640625000000141
9,0.06,0.006,fin_z_min,0.0019091974999999994,0.9127062734805576,0.9884452083142397,3.1250000000000666,6.640625000000141
9,0.06,0.006,fin_z_min,0.0022553425,0.9449673719346532,0.9782905013813333,3.1250000000000666,6.640625000000141
9,0.06,0.006,fin_z_min,0.0026014874999999993,0.9184374036880677,0.98792442967426,3.1250000000000666,6.640625000000141
9,0.06,0.006,fin_z_min,0.0029476324999999984,0.915789712782523,0.9885514979571252,3.1250000000000666,6.640625000000141
9,0.06,0.006,fin_z_min,0.0032937774999999975,0.9242327414427168,0.9875943274539022,3.1250000000000666,6.640625000000141
9,0.06,0.006,fin_z_min,0.0036399224999999983,0.9512986702429562,0.9714090741813037,3.1250000000000666,6.640625000000141
9,0.06,0.006,fin_z_min,0.003986067499999999,0.9206469306475012,0.9886856947158266,3.1250000000000666,6.640625000000141
9,0.06,0.006,fin_z_min,0.004332212499999998,0.9302165877155636,0.9871728498851462,3.1250000000000666,6.640625000000141
9,0.06,0.006,fin_z_min,0.004678357499999999,0.7066489632217107,0.9415309217836131,3.1250000000000666,6.640625000000141
9,0.06,0.006,fin_z_min,0.0050245025,0.9310644505011404,0.988055588105796,3.1250000000000666,6.640625000000141
9,0.06,0.006,fin_z_min,0.005370647499999999,0.9451595702500866,0.9850352212270731,3.1250000000000666,6.640625000000141
9,0.06,0.006,fin_z_min,0.005716792499999998,0.25239166860478085,0.9550548756977367,3.1250000000000666,6.640625000000141
9,0.06,0.006,fin_z_min,0.006062937499999997,0.9540720093533389,0.988251501826624,3.1250000000000666,6.640625000000141
9,0.06,0.006,fin_z_min,0.006409082499999998,0.9088536763257926,0.9856699772928413,3.1250000000000666,6.640625000000141
9,0.06,0.006,fin_z_min,0.006755227499999999,0.9283980302508975,0.9870486584776024,3.1250000000000666,6.640625000000141
9,0.06,0.006,fin_z_min,0.007447517499999999,0.7885410907077643,0.9756299282813301,3.1250000000000666,6.640625000000141
9,0.06,0.006,fin_z_min,0.0077936624999999995,0.8375377467417905,0.9799519362128537,3.1250000000000666,6.640625000000141
9,0.06,0.006,fin_z_min,0.008485952499999998,0.6630838875650086,0.9805838169259996,3.1250000000000666,6.640625000000141
9,0.06,0.006,fin_z_min,0.008832097499999997,0.7875788655092795,0.9885641619937964,3.1250000000000666,6.640625000000141
9,0.06,0.006,fin_z_min,0.009524387499999998,0.6601062625919859,0.9870352388542937,3.1250000000000666,6.640625000000141
9,0.06,0.006,fin_z_min,0.009870532499999998,0.7572799089506701,0.9777692317182617,3.1250000000000666,6.640625000000141
9,0.06,0.006,fin_z_min,0.010216677499999998,0.6517298108811596,0.9462644048306179,3.1250000000000666,6.640625000000141
9,0.06,0.006,fin_z_min,0.010908967499999998,0.6809639695969347,0.9267858068201988,3.1250000000000666,6.640625000000141
9,0.06,0.006,fin_z_min,0.011255112499999997,0.5757289165407458,0.8706076861598965,3.1250000000000666,6.640625000000141
9,0.06,0.006,fin_z_min,0.011947402499999997,0.5560779780968027,0.855937629541858,3.1250000000000666,6.640625000000141
9,0.06,0.006,fin_z_min,0.012293547499999998,0.49938853777520215,0.8008119491078399,3.1250000000000666,6.640625000000141
9,0.06,0.006,fin_z_min,0.012985837499999998,0.49476067108032884,0.7858805260504488,3.1250000000000666,6.640625000000141
9,0.06,0.006,fin_z_min,0.013331982499999999,0.5060075730034175,0.7395581148417953,3.1250000000000666,6.640625000000141
9,0.06,0.006,fin_z_min,0.013678127499999998,0.5075581398825324,0.7415304279780761,3.1250000000000666,6.640625000000141
9,0.06,0.006,fin_z_max,-0.0136673275,0.9052556163551359,0.9867008695228175,3.1250000000000666,6.640625000000141
9,0.06,0.006,fin_z_max,-0.012975037499999998,0.9052632226670976,0.9866780643456946,3.1250000000000666,6.640625000000141
9,0.06,0.006,fin_z_max,-0.0119366025,0.9052802273274175,0.9865754266943604,3.1250000000000666,6.640625000000141
9,0.06,0.006,fin_z_max,-0.0108981675,0.9052878649621822,0.9864223018412196,3.1250000000000666,6.640625000000141
9,0.06,0.006,fin_z_max,-0.0098597325,0.9052730427150825,0.9863458725528262,3.1250000000000666,6.640625000000141
9,0.06,0.006,fin_z_max,-0.008821297499999999,0.9052437151493891,0.9863471322041083,3.1250000000000666,6.640625000000141
9,0.06,0.006,fin_z_max,-0.0077828625,0.9052054248284694,0.9863871412311902,3.1250000000000666,6.640625000000141
9,0.06,0.006,fin_z_max,-0.0067444275000000005,0.905150156721389,0.9865484472370665,3.1250000000000666,6.640625000000141
9,0.06,0.006,fin_z_max,-0.0063982825,0.905355181163859,0.9868402198339766,3.1250000000000666,6.640625000000141
9,0.06,0.006,fin_z_max,-0.0060521375,0.9052570936146339,0.9866734662841503,3.1250000000000666,6.640625000000141
9,0.06,0.006,fin_z_max,-0.0057059925,0.9058313238678086,0.9868978987463052,3.1250000000000666,6.640625000000141
9,0.06,0.006,fin_z_max,-0.005359847500000001,0.9057867780372008,0.9872926875241655,3.1250000000000666,6.640625000000141
9,0.06,0.006,fin_z_max,-0.005013702500000001,0.9051692641111081,0.9869973197743346,3.1250000000000666,6.640625000000141
9,0.06,0.006,fin_z_max,-0.0046675575,0.9062708088674969,0.9875730286752932,3.1250000000000666,6.640625000000141
9,0.06,0.006,fin_z_max,-0.0043214125,0.9059932828516164,0.9880400653226823,3.1250000000000666,6.640625000000141
9,0.06,0.006,fin_z_max,-0.003975267500000001,0.9050060576117064,0.9872091112529251,3.1250000000000666,6.640625000000141
9,0.06,0.006,fin_z_max,-0.003629122500000001,0.9067226137247051,0.9883180131650842,3.1250000000000666,6.640625000000141
9,0.06,0.006,fin_z_max,-0.0032829775,0.9063913413061245,0.9885053814937822,3.1250000000000666,6.640625000000141
9,0.06,0.006,fin_z_max,-0.0029368325,0.9049378906389314,0.9875720219311462,3.1250000000000666,6.640625000000141
9,0.06,0.006,fin_z_max,-0.002590687500000001,0.9077000045462391,0.9888483886180524,3.1250000000000666,6.640625000000141
9,0.06,0.006,fin_z_max,-0.002244542500000001,0.9094425769803388,0.9889200746743426,3.1250000000000666,6.640625000000141
9,0.06,0.006,fin_z_max,-0.0018983975000000002,0.9053087233970453,0.9876894068550921,3.1250000000000666,6.640625000000141
9,0.06,0.006,fin_z_max,-0.0015522525000000002,0.9096854576257568,0.9893250730735412,3.1250000000000666,6.640625000000141
9,0.06,0.006,fin_z_max,-0.0012061075000000011,0.9105217146940664,0.9890328197774758,3.1250000000000666,6.640625000000141
9,0.06,0.006,fin_z_max,-0.0008599625000000012,0.9052350333196533,0.9875100428722025,3.1250000000000666,6.640625000000141
9,0.06,0.006,fin_z_max,-0.0005138175000000004,0.9139266888684888,0.9873151618322837,3.1250000000000666,6.640625000000141
9,0.06,0.006,fin_z_max,-0.0001676725000000004,0.9058122797223025,0.987721602934354,3.1250000000000666,6.640625000000141
9,0.06,0.006,fin_z_max,0.0001784724999999987,0.9241082643734032,0.9858358513325636,3.1250000000000666,6.640625000000141
9,0.06,0.006,fin_z_max,0.0005246174999999987,0.9076326715767788,0.9881457916173159,3.1250000000000666,6.640625000000141
9,0.06,0.006,fin_z_max,0.0008707624999999995,0.9078902954560211,0.9876763165618695,3.1250000000000666,6.640625000000141
9,0.06,0.006,fin_z_max,0.0012169074999999994,0.9366619525759023,0.9862613604340292,3.1250000000000666,6.640625000000141
9,0.06,0.006,fin_z_max,0.0015630524999999985,0.9134721976766159,0.9877643500110855,3.1250000000000666,6.640625000000141
9,0.06,0.006,fin_z_max,0.0019091974999999994,0.9100908151493098,0.9875737276951566,3.1250000000000666,6.640625000000141
9,0.06,0.006,fin_z_max,0.0022553425,0.9481159547551191,0.9856752436606888,3.1250000000000666,6.640625000000141
9,0.06,0.006,fin_z_max,0.0026014874999999993,0.916933439097625,0.9875648406719142,3.1250000000000666,6.640625000000141
9,0.06,0.006,fin_z_max,0.0029476324999999984,0.9124786365366697,0.9871883284709735,3.1250000000000666,6.640625000000141
9,0.06,0.006,fin_z_max,0.0032937774999999975,0.9224237756248367,0.9869301693066469,3.1250000000000666,6.640625000000141
9,0.06,0.006,fin_z_max,0.0036399224999999983,0.9429035864843952,0.987748235085735,3.1250000000000666,6.640625000000141
9,0.06,0.006,fin_z_max,0.003986067499999999,0.9181183175179798,0.9875469963837106,3.1250000000000666,6.640625000000141
9,0.06,0.006,fin_z_max,0.004332212499999998,0.9317179598348886,0.9875436416280055,3.1250000000000666,6.640625000000141
9,0.06,0.006,fin_z_max,0.004678357499999999,0.7957326562623241,0.9798914380137547,3.1250000000000666,6.640625000000141
9,0.06,0.006,fin_z_max,0.0050245025,0.9409863521691835,0.9873793828292178,3.1250000000000666,6.640625000000141
9,0.06,0.006,fin_z_max,0.005370647499999999,0.9662267193108144,0.9867901286309035,3.1250000000000666,6.640625000000141
9,0.06,0.006,fin_z_max,0.005716792499999998,0.7311755722671328,0.9725539356093298,3.1250000000000666,6.640625000000141
9,0.06,0.006,fin_z_max,0.006062937499999997,0.9853597193506165,0.9842408618952152,3.1250000000000666,6.640625000000141
9,0.06,0.006,fin_z_max,0.006409082499999998,0.9466056571443723,0.9824470120524804,3.1250000000000666,6.640625000000141
9,0.06,0.006,fin_z_max,0.006755227499999999,0.9630995919160822,0.9844998483689646,3.1250000000000666,6.640625000000141
9,0.06,0.006,fin_z_max,0.007447517499999999,0.8694994340396609,0.9770294595630994,3.1250000000000666,6.640625000000141
9,0.06,0.006,fin_z_max,0.0077936624999999995,0.8829156414086398,0.9803048217106994,3.1250000000000666,6.640625000000141
9,0.06,0.006,fin_z_max,0.008485952499999998,0.7753015265019707,0.9757914095820683,3.1250000000000666,6.640625000000141
9,0.06,0.006,fin_z_max,0.008832097499999997,0.7911995289843738,0.9787086238344055,3.1250000000000666,6.640625000000141
9,0.06,0.006,fin_z_max,0.009524387499999998,0.6769919908001163,0.9714529115082565,3.1250000000000666,6.640625000000141
9,0.06,0.006,fin_z_max,0.009870532499999998,0.6460834750571901,0.9640414709573785,3.1250000000000666,6.640625000000141
9,0.06,0.006,fin_z_max,0.010216677499999998,0.5204055882976305,0.9460748759582802,3.1250000000000666,6.640625000000141
9,0.06,0.006,fin_z_max,0.010908967499999998,0.39037046188702246,0.9329955042402065,3.1250000000000666,6.640625000000141
9,0.06,0.006,fin_z_max,0.011255112499999997,0.20387151744165644,0.9134784743592862,3.1250000000000666,6.640625000000141
9,0.06,0.006,fin_z_max,0.011947402499999997,0.219498382224103,0.9053320278619041,3.1250000000000666,6.640625000000141
9,0.06,0.006,fin_z_max,0.012293547499999998,0.32108236648593014,0.8962143454059743,3.1250000000000666,6.640625000000141
9,0.06,0.006,fin_z_max,0.012985837499999998,0.5378849175829098,0.8975624374192575,3.1250000000000666,6.640625000000141
9,0.06,0.006,fin_z_max,0.013331982499999999,0.5833259773262068,0.9087053663566871,3.1250000000000666,6.640625000000141
9,0.06,0.006,fin_z_max,0.013678127499999998,0.614210259097396,0.9133291341408875,3.1250000000000666,6.640625000000141
10,0.02,-0.006,fin_z_min,-0.0136673275,0.1451822157734677,0.9819426464320371,3.1250000000000666,6.640625000000141
10,0.02,-0.006,fin_z_min,-0.012975037499999998,0.1451633403737867,0.9819551509963563,3.1250000000000666,6.640625000000141
10,0.02,-0.006,fin_z_min,-0.0119366025,0.1451103384733057,0.9819448247233126,3.1250000000000666,6.640625000000141
10,0.02,-0.006,fin_z_min,-0.0108981675,0.14505632821132833,0.9818896602733702,3.1250000000000666,6.640625000000141
10,0.02,-0.006,fin_z_min,-0.0098597325,0.14501238484531442,0.9818549884684089,3.1250000000000666,6.640625000000141
10,0.02,-0.006,fin_z_min,-0.008821297499999999,0.14494897748549848,0.9819020207156879,3.1250000000000666,6.640625000000141
10,0.02,-0.006,fin_z_min,-0.0077828625,0.14488632319931677,0.9819286329729869,3.1250000000000666,6.640625000000141
10,0.02,-0.006,fin_z_min,-0.0067444275000000005,0.14485741338882074,0.981603524970397,3.1250000000000666,6.640625000000141
10,0.02,-0.006,fin_z_min,-0.0063982825,0.14461975072585428,0.9810054912183223,3.1250000000000666,6.640625000000141
10,0.02,-0.006,fin_z_min,-0.0060521375,0.144606286944752,0.9814573925260613,3.1250000000000666,6.640625000000141
10,0.02,-0.006,fin_z_min,-0.0057059925,0.14398438285366058,0.9812288591133994,3.1250000000000666,6.640625000000141
10,0.02,-0.006,fin_z_min,-0.005359847500000001,0.14396450616045728,0.9814457208327562,3.1250000000000666,6.640625000000141
10,0.02,-0.006,fin_z_min,-0.005013702500000001,0.14445242994601,0.9817002735283562,3.1250000000000666,6.640625000000141
10,0.02,-0.006,fin_z_min,-0.0046675575,0.14338298412175093,0.9810994125732433,3.1250000000000666,6.640625000000141
10,0.02,-0.006,fin_z_min,-0.0043214125,0.14358369520747383,0.9814906686446702,3.1250000000000666,6.640625000000141
10,0.02,-0.006,fin_z_min,-0.003975267500000001,0.14437089197641664,0.9818664796823318,3.1250000000000666,6.640625000000141
10,0.02,-0.006,fin_z_min,-0.003629122500000001,0.14268430996928316,0.981640662192176,3.1250000000000666,6.640625000000141
10,0.02,-0.006,fin_z_min,-0.0032829775,0.14303286249604757,0.9817250587277261,3.1250000000000666,6.640625000000141
10,0.02,-0.006,fin_z_min,-0.0029368325,0.14409836743112597,0.9821438444032465,3.1250000000000666,6.640625000000141
10,0.02,-0.006,fin_z_min,-0.002590687500000001,0.14146934612192993,0.9818931693207308,3.1250000000000666,6.640625000000141
10,0.02,-0.006,fin_z_min,-0.002244542500000001,0.1394932563272221,0.9818712503736523,3.1250000000000666,6.640625000000141
10,0.02,-0.006,fin_z_min,-0.0018983975000000002,0.14328010351090842,0.9823949906676718,3.1250000000000666,6.640625000000141
10,0.02,-0.006,fin_z_min,-0.0015522525000000002,0.13906651971487557,0.9818538300600256,3.1250000000000666,6.640625000000141
10,0.02,-0.006,fin_z_min,-0.0012061075000000011,0.1380091404312831,0.9815307207020233,3.1250000000000666,6.640625000000141
10,0.02,-0.006,fin_z_min,-0.0008599625000000012,0.14268679399235815,0.9825651643186947,3.1250000000000666,6.640625000000141
10,0.02,-0.006,fin_z_min,-0.0005138175000000004,0.13399364965685567,0.9797444037502969,3.1250000000000666,6.640625000000141
10,0.02,-0.006,fin_z_min,-0.0001676725000000004,0.1413498345351822,0.9827322729624856,3.1250000000000666,6.640625000000141
10,0.02,-0.006,fin_z_min,0.0001784724999999987,0.12258727082876311,0.9748724385907164,3.1250000000000666,6.640625000000141
10,0.02,-0.006,fin_z_min,0.0005246174999999987,0.13971498130763693,0.9825261436096054,3.1250000000000666,6.640625000000141
10,0.02,-0.006,fin_z_min,0.0008707624999999995,0.13887544077317712,0.9826790369907882,3.1250000000000666,6.640625000000141
10,0.02,-0.006,fin_z_min,0.0012169074999999994,0.10693287531970837,0.970920329953262,3.1250000000000666,6.640625000000141
10,0.02,-0.006,fin_z_min,0.0015630524999999985,0.13313586858110332,0.9813460689828434,3.1250000000000666,6.640625000000141
10,0.02,-0.006,fin_z_min,0.0019091974999999994,0.13582649559895152,0.982680874470137,3.1250000000000666,6.640625000000141
10,0.02,-0.006,fin_z_min,0.0022553425,0.08196889692819569,0.9606832443245782,3.1250000000000666,6.640625000000141
10,0.02,-0.006,fin_z_min,0.0026014874999999993,0.1286231012729852,0.9809844037284019,3.1250000000000666,6.640625000000141
10,0.02,-0.006,fin_z_min,0.0029476324999999984,0.13218917565291458,0.9827672893598784,3.1250000000000666,6.640625000000141
10,0.02,-0.006,fin_z_min,0.0032937774999999975,0.1214321572151301,0.9800528885461497,3.1250000000000666,6.640625000000141
10,0.02,-0.006,fin_z_min,0.0036399224999999983,0.06274447259905591,0.9453523528853294,3.1250000000000666,6.640625000000141
10,0.02,-0.006,fin_z_min,0.003986067499999999,0.12714167112881294,0.9824429071726095,3.1250000000000666,6.640625000000141
10,0.02,-0.006,fin_z_min,0.004332212499999998,0.11671380621437959,0.9782867267778925,3.1250000000000666,6.640625000000141
10,0.02,-0.006,fin_z_min,0.004678357499999999,0.2978968549309807,0.8996856831361821,3.1250000000000666,6.640625000000141
10,0.02,-0.006,fin_z_min,0.0050245025,0.12201540964391623,0.979273294579892,3.1250000000000666,6.640625000000141
10,0.02,-0.006,fin_z_min,0.005370647499999999,0.11039552400399975,0.9717967987869174,3.1250000000000666,6.640625000000141
10,0.02,-0.006,fin_z_min,0.005716792499999998,0.5294856259057317,0.9135751271427585,3.1250000000000666,6.640625000000141
10,0.02,-0.006,fin_z_min,0.006062937499999997,0.08632893811461456,0.9780186477386241,3.1250000000000666,6.640625000000141
10,0.02,-0.006,fin_z_min,0.006409082499999998,0.09538527771408709,0.9675286064426825,3.1250000000000666,6.640625000000141
10,0.02,-0.006,fin_z_min,0.006755227499999999,0.08099531188135066,0.9697728513690659,3.1250000000000666,6.640625000000141
10,0.02,-0.006,fin_z_min,0.007447517499999999,0.09751345812008645,0.9545164306396786,3.1250000000000666,6.640625000000141
10,0.02,-0.006,fin_z_min,0.0077936624999999995,0.045948867229729004,0.9637978328058451,3.1250000000000666,6.640625000000141
10,0.02,-0.006,fin_z_min,0.008485952499999998,0.06483821046391744,0.9673664749976162,3.1250000000000666,6.640625000000141
10,0.02,-0.006,fin_z_min,0.008832097499999997,0.009867121926207218,0.9837488247192999,3.1250000000000666,6.640625000000141
10,0.02,-0.006,fin_z_min,0.009524387499999998,0.05260172496565704,0.9917721336063406,3.1250000000000666,6.640625000000141
10,0.02,-0.006,fin_z_min,0.009870532499999998,0.042811881812795397,0.9916625475180526,3.1250000000000666,6.640625000000141
10,0.02,-0.006,fin_z_min,0.010216677499999998,0.07777407892889623,0.9719211271701207,3.1250000000000666,6.640625000000141
10,0.02,-0.006,fin_z_min,0.010908967499999998,0.08122194029486943,0.9599016216945276,3.1250000000000666,6.640625000000141
10,0.02,-0.006,fin_z_min,0.011255112499999997,0.0811335857513895,0.9157566003084686,3.1250000000000666,6.640625000000141
10,0.02,-0.006,fin_z_min,0.011947402499999997,0.09733322218195528,0.9083931492650242,3.1250000000000666,6.640625000000141
10,0.02,-0.006,fin_z_min,0.012293547499999998,0.0963005297686278,0.8651644986272728,3.1250000000000666,6.640625000000141
10,0.02,-0.006,fin_z_min,0.012985837499999998,0.10983539797652588,0.8568872557338904,3.1250000000000666,6.640625000000141
10,0.02,-0.006,fin_z_min,0.013331982499999999,0.10674218254410583,0.8181273672920376,3.1250000000000666,6.640625000000141
10,0.02,-0.006,fin_z_min,0.013678127499999998,0.10969654571492651,0.8204343051541317,3.1250000000000666,6.640625000000141
10,0.02,-0.006,fin_z_max,-0.0136673275,0.1452296649389969,0.9819447717816709,3.1250000000000666,6.640625000000141
10,0.02,-0.006,fin_z_max,-0.012975037499999998,0.14521599677892882,0.9819562852106907,3.1250000000000666,6.640625000000141
10,0.02,-0.006,fin_z_max,-0.0119366025,0.14519776104455115,0.981953496933734,3.1250000000000666,6.640625000000141
10,0.02,-0.006,fin_z_max,-0.0108981675,0.1451979160527643,0.9818976699620313,3.1250000000000666,6.640625000000141
10,0.02,-0.006,fin_z_max,-0.0098597325,0.1452300026265648,0.981865780207152,3.1250000000000666,6.640625000000141
10,0.02,-0.006,fin_z_max,-0.008821297499999999,0.14527008283863418,0.9819174483698804,3.1250000000000666,6.640625000000141
10,0.02,-0.006,fin_z_max,-0.0077828625,0.14534050624045117,0.9819501011147581,3.1250000000000666,6.640625000000141
10,0.02,-0.006,fin_z_max,-0.0067444275000000005,0.14554553133707532,0.9816204427572623,3.1250000000000666,6.640625000000141
10,0.02,-0.006,fin_z_max,-0.0063982825,0.14567068187687798,0.9809788976264181,3.1250000000000666,6.640625000000141
10,0.02,-0.006,fin_z_max,-0.0060521375,0.14558001061633327,0.981464237097233,3.1250000000000666,6.640625000000141
10,0.02,-0.006,fin_z_max,-0.0057059925,0.14528541612627027,0.9812096443844692,3.1250000000000666,6.640625000000141
10,0.02,-0.006,fin_z_max,-0.005359847500000001,0.14538736913656652,0.9814464560277312,3.1250000000000666,6.640625000000141
10,0.02,-0.006,fin_z_max,-0.005013702500000001,0.1457139924891063,0.9817191263554567,3.1250000000000666,6.640625000000141
10,0.02,-0.006,fin_z_max,-0.0046675575,0.14515417990212406,0.9811340573564515,3.1250000000000666,6.640625000000141
10,0.02,-0.006,fin_z_max,-0.0043214125,0.1454665862638516,0.981451220953582,3.1250000000000666,6.640625000000141
10,0.02,-0.006,fin_z_max,-0.003975267500000001,0.1459044925734584,0.9819528221511736,3.1250000000000666,6.640625000000141
10,0.02,-0.006,fin_z_max,-0.003629122500000001,0.14490252523568206,0.9817547602358432,3.1250000000000666,6.640625000000141
10,0.02,-0.006,fin_z_max,-0.0032829775,0.145230596697529,0.981929720264223,3.1250000000000666,6.640625000000141
10,0.02,-0.006,fin_z_max,-0.0029368325,0.14599233206933934,0.9822585210010857,3.1250000000000666,6.640625000000141
10,0.02,-0.006,fin_z_max,-0.002590687500000001,0.14418046323620942,0.9822573587088699,3.1250000000000666,6.640625000000141
10,0.02,-0.006,fin_z_max,-0.002244542500000001,0.14263173439204474,0.9822906566898887,3.1250000000000666,6.640625000000141
10,0.02,-0.006,fin_z_max,-0.0018983975000000002,0.14585730569135563,0.9823716412516454,3.1250000000000666,6.640625000000141
10,0.02,-0.006,fin_z_max,-0.0015522525000000002,0.14266397292043653,0.9824739664504412,3.1250000000000666,6.640625000000141
10,0.02,-0.006,fin_z_max,-0.0012061075000000011,0.1420003729518435,0.982191707091729,3.1250000000000666,6.640625000000141
10,0.02,-0.006,fin_z_max,-0.0008599625000000012,0.14603431210554957,0.9823838475503582,3.1250000000000666,6.640625000000141
10,0.02,-0.006,fin_z_max,-0.0005138175000000004,0.13892940564181358,0.9808635618192179,3.1250000000000666,6.640625000000141
10,0.02,-0.006,fin_z_max,-0.0001676725000000004,0.14579911585692099,0.982246040288505,3.1250000000000666,6.640625000000141
10,0.02,-0.006,fin_z_max,0.0001784724999999987,0.12795589976835242,0.9775868016026751,3.1250000000000666,6.640625000000141
10,0.02,-0.006,fin_z_max,0.0005246174999999987,0.14442299460711167,0.9825764927740582,3.1250000000000666,6.640625000000141
10,0.02,-0.006,fin_z_max,0.0008707624999999995,0.14399101980887474,0.9826058226325042,3.1250000000000666,6.640625000000141
10,0.02,-0.006,fin_z_max,0.0012169074999999994,0.10939239372653085,0.97636883531157,3.1250000000000666,6.640625000000141
10,0.02,-0.006,fin_z_max,0.0015630524999999985,0.1392881128366128,0.981807209869229,3.1250000000000666,6.640625000000141
10,0.02,-0.006,fin_z_max,0.0019091974999999994,0.14211825241252996,0.9825258339353529,3.1250000000000666,6.640625000000141
10,0.02,-0.006,fin_z_max,0.0022553425,0.0759789774056005,0.9734934927358503,3.1250000000000666,6.640625000000141
10,0.02,-0.006,fin_z_max,0.0026014874999999993,0.13597176262549904,0.9816000702753312,3.1250000000000666,6.640625000000141
10,0.02,-0.006,fin_z_max,0.0029476324999999984,0.14019072819606415,0.9820682639768288,3.1250000000000666,6.640625000000141
10,0.02,-0.006,fin_z_max,0.0032937774999999975,0.1306902021079869,0.9808331611161887,3.1250000000000666,6.640625000000141
10,0.02,-0.006,fin_z_max,0.0036399224999999983,0.0555719528043264,0.9775413754096952,3.1250000000000666,6.640625000000141
10,0.02,-0.006,fin_z_max,0.003986067499999999,0.13585461663842596,0.9823020621356959,3.1250000000000666,6.640625000000141
10,0.02,-0.006,fin_z_max,0.004332212499999998,0.1240725559886315,0.9809693815600808,3.1250000000000666,6.640625000000141
10,0.02,-0.006,fin_z_max,0.004678357499999999,0.24274223691462346,0.9647267061559585,3.1250000000000666,6.640625000000141
10,0.02,-0.006,fin_z_max,0.0050245025,0.12054436264053221,0.9813575486084117,3.1250000000000666,6.640625000000141
10,0.02,-0.006,fin_z_max,0.005370647499999999,0.09760869731192534,0.9788773131019776,3.1250000000000666,6.640625000000141
10,0.02,-0.006,fin_z_max,0.005716792499999998,0.2069598125844731,0.9487743315981356,3.1250000000000666,6.640625000000141
10,0.02,-0.006,fin_z_max,0.006062937499999997,0.04676595480043017,0.9750279033306786,3.1250000000000666,6.640625000000141
10,0.02,-0.006,fin_z_max,0.006409082499999998,0.05303160193610527,0.9657603834893709,3.1250000000000666,6.640625000000141
10,0.02,-0.006,fin_z_max,0.006755227499999999,0.04100760267937944,0.9707587511801957,3.1250000000000666,6.640625000000141
10,0.02,-0.006,fin_z_max,0.007447517499999999,0.06348000162775948,0.9560505188373336,3.1250000000000666,6.640625000000141
10,0.02,-0.006,fin_z_max,0.0077936624999999995,0.03522250148243206,0.9639280197069556,3.1250000000000666,6.640625000000141
10,0.02,-0.006,fin_z_max,0.008485952499999998,0.07175894334610573,0.9579865930640553,3.1250000000000666,6.640625000000141
10,0.02,-0.006,fin_z_max,0.008832097499999997,0.03555927003410831,0.9700366094042105,3.1250000000000666,6.640625000000141
10,0.02,-0.006,fin_z_max,0.009524387499999998,0.08773347568497214,0.9662312390836806,3.1250000000000666,6.640625000000141
10,0.02,-0.006,fin_z_max,0.009870532499999998,0.08336363569133148,0.965042148882536,3.1250000000000666,6.640625000000141
10,0.02,-0.006,fin_z_max,0.010216677499999998,0.1713627946108803,0.9476207299585044,3.1250000000000666,6.640625000000141
10,0.02,-0.006,fin_z_max,0.010908967499999998,0.2782243227120926,0.9373724136908398,3.1250000000000666,6.640625000000141
10,0.02,-0.006,fin_z_max,0.011255112499999997,0.47724600571359405,0.914514936572098,3.1250000000000666,6.640625000000141
10,0.02,-0.006,fin_z_max,0.011947402499999997,0.6248306970940117,0.9069978776069905,3.1250000000000666,6.640625000000141
10,0.02,-0.006,fin_z_max,0.012293547499999998,0.5941590593824232,0.891487154748173,3.1250000000000666,6.640625000000141
10,0.02,-0.006,fin_z_max,0.012985837499999998,0.4134895714978012,0.8898799967085385,3.1250000000000666,6.640625000000141
10,0.02,-0.006,fin_z_max,0.013331982499999999,0.3269216774151878,0.8958756355928642,3.1250000000000666,6.640625000000141
10,0.02,-0.006,fin_z_max,0.013678127499999998,0.2975256925665075,0.9005376947121669,3.1250000000000666,6.640625000000141
11,0.04,-0.006,fin_z_min,-0.0136673275,0.09295268605870048,0.9864709804450627,3.1250000000000666,6.640625000000141
11,0.04,-0.006,fin_z_min,-0.012975037499999998,0.09296817632614084,0.9864760896314371,3.1250000000000666,6.640625000000141
11,0.04,-0.006,fin_z_min,-0.0119366025,0.09301245329899165,0.9864163062532851,3.1250000000000666,6.640625000000141
11,0.04,-0.006,fin_z_min,-0.0108981675,0.09306194106174144,0.9862726012174415,3.1250000000000666,6.640625000000141
11,0.04,-0.006,fin_z_min,-0.0098597325,0.09311742799434214,0.9861814251341536,3.1250000000000666,6.640625000000141
11,0.04,-0.006,fin_z_min,-0.008821297499999999,0.09320172075393279,0.9862095696595895,3.1250000000000666,6.640625000000141
11,0.04,-0.006,fin_z_min,-0.0077828625,0.09329851965408123,0.9862828495312547,3.1250000000000666,6.640625000000141
11,0.04,-0.006,fin_z_min,-0.0067444275000000005,0.09346900108554328,0.9862520171419824,3.1250000000000666,6.640625000000141
11,0.04,-0.006,fin_z_min,-0.0063982825,0.09379994847978396,0.9861899658524225,3.1250000000000666,6.640625000000141
11,0.04,-0.006,fin_z_min,-0.0060521375,0.09379479381107866,0.9862572585148819,3.1250000000000666,6.640625000000141
11,0.04,-0.006,fin_z_min,-0.0057059925,0.09430106279884154,0.9863536160367581,3.1250000000000666,6.640625000000141
11,0.04,-0.006,fin_z_min,-0.005359847500000001,0.09446656119179468,0.9866572504770531,3.1250000000000666,6.640625000000141
11,0.04,-0.006,fin_z_min,-0.005013702500000001,0.09410977766141679,0.9865206698719363,3.1250000000000666,6.640625000000141
11,0.04,-0.006,fin_z_min,-0.0046675575,0.0951368702628062,0.9866024032889495,3.1250000000000666,6.640625000000141
11,0.04,-0.006,fin_z_min,-0.0043214125,0.09519674566809738,0.98704411739543,3.1250000000000666,6.640625000000141
11,0.04,-0.006,fin_z_min,-0.003975267500000001,0.09439558679576938,0.9867453435216678,3.1250000000000666,6.640625000000141
11,0.04,-0.006,fin_z_min,-0.003629122500000001,0.09605121009490362,0.9872747599777356,3.1250000000000666,6.640625000000141
11,0.04,-0.006,fin_z_min,-0.0032829775,0.09593865441220575,0.9873786027995738,3.1250000000000666,6.640625000000141
11,0.04,-0.006,fin_z_min,-0.0029368325,0.09476696120173397,0.9869770052640237,3.1250000000000666,6.640625000000141
11,0.04,-0.006,fin_z_min,-0.002590687500000001,0.09745957555139828,0.9876774284228466,3.1250000000000666,6.640625000000141
11,0.04,-0.006,fin_z_min,-0.002244542500000001,0.09911142967131982,0.9877399387840777,3.1250000000000666,6.640625000000141
11,0.04,-0.006,fin_z_min,-0.0018983975000000002,0.09580166000084618,0.9873781796010159,3.1250000000000666,6.640625000000141
11,0.04,-0.006,fin_z_min,-0.0015522525000000002,0.10001954937115193,0.9879488661998006,3.1250000000000666,6.640625000000141
11,0.04,-0.006,fin_z_min,-0.0012061075000000011,0.10089270106121323,0.9876317110165779,3.1250000000000666,6.640625000000141
11,0.04,-0.006,fin_z_min,-0.0008599625000000012,0.0965106946315798,0.9874402156695137,3.1250000000000666,6.640625000000141
11,0.04,-0.006,fin_z_min,-0.0005138175000000004,0.1048857482012922,0.9859418674211615,3.1250000000000666,6.640625000000141
11,0.04,-0.006,fin_z_min,-0.0001676725000000004,0.09783028859122483,0.9876827442205367,3.1250000000000666,6.640625000000141
11,0.04,-0.006,fin_z_min,0.0001784724999999987,0.11556263250400614,0.9828043934443373,3.1250000000000666,6.640625000000141
11,0.04,-0.006,fin_z_min,0.0005246174999999987,0.0994558479410833,0.9877821682385332,3.1250000000000666,6.640625000000141
11,0.04,-0.006,fin_z_min,0.0008707624999999995,0.10005123646918061,0.98776018275897,3.1250000000000666,6.640625000000141
11,0.04,-0.006,fin_z_min,0.0012169074999999994,0.13169720194169007,0.9809167898064588,3.1250000000000666,6.640625000000141
11,0.04,-0.006,fin_z_min,0.0015630524999999985,0.10532488799975459,0.9870927979193611,3.1250000000000666,6.640625000000141
11,0.04,-0.006,fin_z_min,0.0019091974999999994,0.10272205405246268,0.9878806808424382,3.1250000000000666,6.640625000000141
11,0.04,-0.006,fin_z_min,0.0022553425,0.16271490349539278,0.9750730202446549,3.1250000000000666,6.640625000000141
11,0.04,-0.006,fin_z_min,0.0026014874999999993,0.10941153486452866,0.98696902085967,3.1250000000000666,6.640625000000141
11,0.04,-0.006,fin_z_min,0.0029476324999999984,0.10581274308546135,0.9880854372164003,3.1250000000000666,6.640625000000141
11,0.04,-0.006,fin_z_min,0.0032937774999999975,0.11578122392408459,0.9865799139384928,3.1250000000000666,6.640625000000141
11,0.04,-0.006,fin_z_min,0.0036399224999999983,0.17583904683218493,0.9679952954690922,3.1250000000000666,6.640625000000141
11,0.04,-0.006,fin_z_min,0.003986067499999999,0.10931893407930009,0.9881882108867427,3.1250000000000666,6.640625000000141
11,0.04,-0.006,fin_z_min,0.004332212499999998,0.11654834138636232,0.9859031946412955,3.1250000000000666,6.640625000000141
11,0.04,-0.006,fin_z_min,0.004678357499999999,0.0010348784406235805,0.9333039395536742,3.1250000000000666,6.640625000000141
11,0.04,-0.006,fin_z_min,0.0050245025,0.10152225551280347,0.9870439249375036,3.1250000000000666,6.640625000000141
11,0.04,-0.006,fin_z_min,0.005370647499999999,0.09821745932174439,0.9829344155005957,3.1250000000000666,6.640625000000141
11,0.04,-0.006,fin_z_min,0.005716792499999998,0.14025753690552983,0.9511068924276617,3.1250000000000666,6.640625000000141
11,0.04,-0.006,fin_z_min,0.006062937499999997,0.10062701853117487,0.9882938958271925,3.1250000000000666,6.640625000000141
11,0.04,-0.006,fin_z_min,0.006409082499999998,0.12030685207922137,0.9843203220729906,3.1250000000000666,6.640625000000141
11,0.04,-0.006,fin_z_min,0.006755227499999999,0.11246020406493785,0.9857950469899075,3.1250000000000666,6.640625000000141
11,0.04,-0.006,fin_z_min,0.007447517499999999,0.2092961348418847,0.9746645146093552,3.1250000000000666,6.640625000000141
11,0.04,-0.006,fin_z_min,0.0077936624999999995,0.234568098482082,0.9799506897045759,3.1250000000000666,6.640625000000141
11,0.04,-0.006,fin_z_min,0.008485952499999998,0.41766612600874903,0.9813846766392581,3.1250000000000666,6.640625000000141
11,0.04,-0.006,fin_z_min,0.008832097499999997,0.4110110520816376,0.9904991498602851,3.1250000000000666,6.640625000000141
11,0.04,-0.006,fin_z_min,0.009524387499999998,0.5622452178050962,0.9903465542434102,3.1250000000000666,6.640625000000141
11,0.04,-0.006,fin_z_min,0.009870532499999998,0.48625383539486394,0.9826003060036526,3.1250000000000666,6.640625000000141
11,0.04,-0.006,fin_z_min,0.010216677499999998,0.5508835313436959,0.952539942340628,3.1250000000000666,6.640625000000141
11,0.04,-0.006,fin_z_min,0.010908967499999998,0.4667100957817633,0.9345896837080804,3.1250000000000666,6.640625000000141
11,0.04,-0.006,fin_z_min,0.011255112499999997,0.49373111207979686,0.8801880912550365,3.1250000000000666,6.640625000000141
11,0.04,-0.006,fin_z_min,0.011947402499999997,0.4467773762042105,0.8676923716109542,3.1250000000000666,6.640625000000141
11,0.04,-0.006,fin_z_min,0.012293547499999998,0.46321082448131956,0.8152549041171921,3.1250000000000666,6.640625000000141
11,0.04,-0.006,fin_z_min,0.012985837499999998,0.4480448609869639,0.8026734988551892,3.1250000000000666,6.640625000000141
11,0.04,-0.006,fin_z_min,0.013331982499999999,0.4429479906996624,0.758177053348507,3.1250000000000666,6.640625000000141
11,0.04,-0.006,fin_z_min,0.013678127499999998,0.4371767078697807,0.7603859920240547,3.1250000000000666,6.640625000000141
11,0.04,-0.006,fin_z_max,-0.0136673275,0.09286423207800347,0.986471082716112,3.1250000000000666,6.640625000000141
11,0.04,-0.006,fin_z_max,-0.012975037499999998,0.09285728710469571,0.9864722813468648,3.1250000000000666,6.640625000000141
11,0.04,-0.006,fin_z_max,-0.0119366025,0.09282637769518416,0.9864112440559238,3.1250000000000666,6.640625000000141
11,0.04,-0.006,fin_z_max,-0.0108981675,0.09278254218412162,0.9862590761446599,3.1250000000000666,6.640625000000141
11,0.04,-0.006,fin_z_max,-0.0098597325,0.09271859725880745,0.9861632315902067,3.1250000000000666,6.640625000000141
11,0.04,-0.006,fin_z_max,-0.008821297499999999,0.09263600007081679,0.9861823061578848,3.1250000000000666,6.640625000000141
11,0.04,-0.006,fin_z_max,-0.0077828625,0.09251281303138388,0.9862468935296552,3.1250000000000666,6.640625000000141
11,0.04,-0.006,fin_z_max,-0.0067444275000000005,0.09228680862415482,0.9862053481696479,3.1250000000000666,6.640625000000141
11,0.04,-0.006,fin_z_max,-0.0063982825,0.09202812983602687,0.9861373043526334,3.1250000000000666,6.640625000000141
11,0.04,-0.006,fin_z_max,-0.0060521375,0.09208470551951033,0.9861984478536671,3.1250000000000666,6.640625000000141
11,0.04,-0.006,fin_z_max,-0.0057059925,0.09197987038620584,0.9863099668199803,3.1250000000000666,6.640625000000141
11,0.04,-0.006,fin_z_max,-0.005359847500000001,0.09184501829101631,0.986622741911635,3.1250000000000666,6.640625000000141
11,0.04,-0.006,fin_z_max,-0.005013702500000001,0.09184902331853669,0.986474379900629,3.1250000000000666,6.640625000000141
11,0.04,-0.006,fin_z_max,-0.0046675575,0.09171263390621039,0.9865879372752415,3.1250000000000666,6.640625000000141
11,0.04,-0.006,fin_z_max,-0.0043214125,0.0915181031379666,0.9869566474218447,3.1250000000000666,6.640625000000141
11,0.04,-0.006,fin_z_max,-0.003975267500000001,0.09160523980211756,0.9866762932145465,3.1250000000000666,6.640625000000141
11,0.04,-0.006,fin_z_max,-0.003629122500000001,0.09148527448979239,0.987293921971832,3.1250000000000666,6.640625000000141
11,0.04,-0.006,fin_z_max,-0.0032829775,0.09131631277791202,0.9874100832320337,3.1250000000000666,6.640625000000141
11,0.04,-0.006,fin_z_max,-0.0029368325,0.09139432209054817,0.987007573725123,3.1250000000000666,6.640625000000141
11,0.04,-0.006,fin_z_max,-0.002590687500000001,0.09138491052172355,0.9878077656763045,3.1250000000000666,6.640625000000141
11,0.04,-0.006,fin_z_max,-0.002244542500000001,0.09178044518298697,0.9879549618340807,3.1250000000000666,6.640625000000141
11,0.04,-0.006,fin_z_max,-0.0018983975000000002,0.09095447857196837,0.9871719229574141,3.1250000000000666,6.640625000000141
11,0.04,-0.006,fin_z_max,-0.0015522525000000002,0.09138660415806653,0.988282080527307,3.1250000000000666,6.640625000000141
11,0.04,-0.006,fin_z_max,-0.0012061075000000011,0.09151763303859056,0.9880408039240722,3.1250000000000666,6.640625000000141
11,0.04,-0.006,fin_z_max,-0.0008599625000000012,0.09049505465858122,0.9871245717361229,3.1250000000000666,6.640625000000141
11,0.04,-0.006,fin_z_max,-0.0005138175000000004,0.09283136024720692,0.9870185787481178,3.1250000000000666,6.640625000000141
11,0.04,-0.006,fin_z_max,-0.0001676725000000004,0.09006409983976359,0.9872445292997617,3.1250000000000666,6.640625000000141
11,0.04,-0.006,fin_z_max,0.0001784724999999987,0.10015357316922689,0.9856042602273075,3.1250000000000666,6.640625000000141
11,0.04,-0.006,fin_z_max,0.0005246174999999987,0.09015521925711237,0.9876870785845828,3.1250000000000666,6.640625000000141
11,0.04,-0.006,fin_z_max,0.0008707624999999995,0.0902398501700079,0.9875439180989987,3.1250000000000666,6.640625000000141
11,0.04,-0.006,fin_z_max,0.0012169074999999994,0.11868411092873854,0.986064063812449,3.1250000000000666,6.640625000000141
11,0.04,-0.006,fin_z_max,0.0015630524999999985,0.09178132746659759,0.9875310016613279,3.1250000000000666,6.640625000000141
11,0.04,-0.006,fin_z_max,0.0019091974999999994,0.09042518586940843,0.987638244275749,3.1250000000000666,6.640625000000141
11,0.04,-0.006,fin_z_max,0.0022553425,0.16899043568569885,0.9860042879056519,3.1250000000000666,6.640625000000141
11,0.04,-0.006,fin_z_max,0.0026014874999999993,0.09304049007433637,0.9876159598274836,3.1250000000000666,6.640625000000141
11,0.04,-0.006,fin_z_max,0.0029476324999999984,0.09051026160562305,0.9874361955404032,3.1250000000000666,6.640625000000141
11,0.04,-0.006,fin_z_max,0.0032937774999999975,0.09586565268114239,0.9873914771624555,3.1250000000000666,6.640625000000141
11,0.04,-0.006,fin_z_max,0.0036399224999999983,0.25325136438212176,0.9901253197274289,3.1250000000000666,6.640625000000141
11,0.04,-0.006,fin_z_max,0.003986067499999999,0.09191030023369105,0.9879816892101092,3.1250000000000666,6.640625000000141
11,0.04,-0.006,fin_z_max,0.004332212499999998,0.10050647232965698,0.9879916121910357,3.1250000000000666,6.640625000000141
11,0.04,-0.006,fin_z_max,0.004678357499999999,0.12326350624426793,0.9782767250480748,3.1250000000000666,6.640625000000141
11,0.04,-0.006,fin_z_max,0.0050245025,0.10156913691014394,0.987718374128987,3.1250000000000666,6.640625000000141
11,0.04,-0.006,fin_z_max,0.005370647499999999,0.12394767476193448,0.9868859843362501,3.1250000000000666,6.640625000000141
11,0.04,-0.006,fin_z_max,0.005716792499999998,0.15998259747641386,0.9684525555046808,3.1250000000000666,6.640625000000141
11,0.04,-0.006,fin_z_max,0.006062937499999997,0.18004057787679326,0.983485984341411,3.1250000000000666,6.640625000000141
11,0.04,-0.006,fin_z_max,0.006409082499999998,0.21632113028540112,0.9799616528186159,3.1250000000000666,6.640625000000141
11,0.04,-0.006,fin_z_max,0.006755227499999999,0.21225771799900686,0.9824028386198357,3.1250000000000666,6.640625000000141
11,0.04,-0.006,fin_z_max,0.007447517499999999,0.26381347018163326,0.973095334120693,3.1250000000000666,6.640625000000141
11,0.04,-0.006,fin_z_max,0.0077936624999999995,0.2875190780504591,0.9768773642538192,3.1250000000000666,6.640625000000141
11,0.04,-0.006,fin_z_max,0.008485952499999998,0.3364695115355048,0.9721039590586378,3.1250000000000666,6.640625000000141
11,0.04,-0.006,fin_z_max,0.008832097499999997,0.3827202687977253,0.9771157749064535,3.1250000000000666,6.640625000000141
11,0.04,-0.006,fin_z_max,0.009524387499999998,0.4429366893012053,0.9710338612599013,3.1250000000000666,6.640625000000141
11,0.04,-0.006,fin_z_max,0.009870532499999998,0.5135283549611025,0.9648928450129503,3.1250000000000666,6.640625000000141
11,0.04,-0.006,fin_z_max,0.010216677499999998,0.588400416270113,0.9465964496290304,3.1250000000000666,6.640625000000141
11,0.04,-0.006,fin_z_max,0.010908967499999998,0.6190222202829209,0.9334630832398502,3.1250000000000666,6.640625000000141
11,0.04,-0.006,fin_z_max,0.011255112499999997,0.6237149182279945,0.9119104221179679,3.1250000000000666,6.640625000000141
11,0.04,-0.006,fin_z_max,0.011947402499999997,0.24985864379619394,0.9030025812539815,3.1250000000000666,6.640625000000141
11,0.04,-0.006,fin_z_max,0.012293547499999998,0.03455116590552192,0.8910855802445253,3.1250000000000666,6.640625000000141
11,0.04,-0.006,fin_z_max,0.012985837499999998,0.013425156505263549,0.8911131888589416,3.1250000000000666,6.640625000000141
11,0.04,-0.006,fin_z_max,0.013331982499999999,0.07046835950578546,0.900927018131483,3.1250000000000666,6.640625000000141
11,0.04,-0.006,fin_z_max,0.013678127499999998,0.09271267083344903,0.9057127912310662,3.1250000000000666,6.640625000000141
12,0.06,-0.006,fin_z_min,-0.0136673275,0.4174676236506432,0.9872497931348595,3.1250000000000666,6.640625000000141
12,0.06,-0.006,fin_z_min,-0.012975037499999998,0.41751081184819727,0.9872500881129864,3.1250000000000666,6.640625000000141
12,0.06,-0.006,fin_z_min,-0.0119366025,0.41762125513796455,0.9871685269963645,3.1250000000000666,6.640625000000141
12,0.06,-0.006,fin_z_min,-0.0108981675,0.41772931961311593,0.9869890880870561,3.1250000000000666,6.640625000000141
12,0.06,-0.006,fin_z_min,-0.0098597325,0.4178588159817063,0.9868756604648402,3.1250000000000666,6.640625000000141
12,0.06,-0.006,fin_z_min,-0.008821297499999999,0.4180400086332015,0.9868882106505656,3.1250000000000666,6.640625000000141
12,0.06,-0.006,fin_z_min,-0.0077828625,0.4182693048400364,0.9869837899331675,3.1250000000000666,6.640625000000141
12,0.06,-0.006,fin_z_min,-0.0067444275000000005,0.4185800321103561,0.9871390550442288,3.1250000000000666,6.640625000000141
12,0.06,-0.006,fin_z_min,-0.0063982825,0.41837887665613593,0.9873932185774051,3.1250000000000666,6.640625000000141
12,0.06,-0.006,fin_z_min,-0.0060521375,0.41900811541585864,0.9872186531490857,3.1250000000000666,6.640625000000141
12,0.06,-0.006,fin_z_min,-0.0057059925,0.41865250556084754,0.987469823245956,3.1250000000000666,6.640625000000141
12,0.06,-0.006,fin_z_min,-0.005359847500000001,0.41921364036178266,0.9877405726610228,3.1250000000000666,6.640625000000141
12,0.06,-0.006,fin_z_min,-0.005013702500000001,0.41998612091049636,0.9874241246998359,3.1250000000000666,6.640625000000141
12,0.06,-0.006,fin_z_min,-0.0046675575,0.41982427619284457,0.9878079674926467,3.1250000000000666,6.640625000000141
12,0.06,-0.006,fin_z_min,-0.0043214125,0.4205354578206253,0.9881590726989564,3.1250000000000666,6.640625000000141
12,0.06,-0.006,fin_z_min,-0.003975267500000001,0.42090970119009463,0.9876173386051033,3.1250000000000666,6.640625000000141
12,0.06,-0.006,fin_z_min,-0.003629122500000001,0.4210866119886763,0.9883442184172311,3.1250000000000666,6.640625000000141
12,0.06,-0.006,fin_z_min,-0.0032829775,0.42156050277727247,0.988409846741463,3.1250000000000666,6.640625000000141
12,0.06,-0.006,fin_z_min,-0.0029368325,0.42180319935987515,0.9877693039102174,3.1250000000000666,6.640625000000141
12,0.06,-0.006,fin_z_min,-0.002590687500000001,0.4225483252444422,0.9886414554007136,3.1250000000000666,6.640625000000141
12,0.06,-0.006,fin_z_min,-0.002244542500000001,0.42289955734033813,0.9886707148131616,3.1250000000000666,6.640625000000141
12,0.06,-0.006,fin_z_min,-0.0018983975000000002,0.42355879862531887,0.9881414274349014,3.1250000000000666,6.640625000000141
12,0.06,-0.006,fin_z_min,-0.0015522525000000002,0.42484582726091347,0.9889098018430057,3.1250000000000666,6.640625000000141
12,0.06,-0.006,fin_z_min,-0.0012061075000000011,0.42444903898978115,0.9886268101741204,3.1250000000000666,6.640625000000141
12,0.06,-0.006,fin_z_min,-0.0008599625000000012,0.42472800090072704,0.988126823549943,3.1250000000000666,6.640625000000141
12,0.06,-0.006,fin_z_min,-0.0005138175000000004,0.4251973033124099,0.9872780632430475,3.1250000000000666,6.640625000000141
12,0.06,-0.006,fin_z_min,-0.0001676725000000004,0.4256926902319237,0.9883142545662088,3.1250000000000666,6.640625000000141
12,0.06,-0.006,fin_z_min,0.0001784724999999987,0.42525075029885856,0.9853402875343868,3.1250000000000666,6.640625000000141
12,0.06,-0.006,fin_z_min,0.0005246174999999987,0.42614184813690487,0.9884536734782428,3.1250000000000666,6.640625000000141
12,0.06,-0.006,fin_z_min,0.0008707624999999995,0.4267903453668152,0.9883970755604686,3.1250000000000666,6.640625000000141
12,0.06,-0.006,fin_z_min,0.0012169074999999994,0.4269435340926792,0.9844054477338461,3.1250000000000666,6.640625000000141
12,0.06,-0.006,fin_z_min,0.0015630524999999985,0.42692132823484097,0.9880014807959386,3.1250000000000666,6.640625000000141
12,0.06,-0.006,fin_z_min,0.0019091974999999994,0.4277769732281652,0.9885053681146263,3.1250000000000666,6.640625000000141
12,0.06,-0.006,fin_z_min,0.0022553425,0.4338504295365844,0.9811842961032948,3.1250000000000666,6.640625000000141
12,0.06,-0.006,fin_z_min,0.0026014874999999993,0.4278531709781163,0.9879093837088213,3.1250000000000666,6.640625000000141
12,0.06,-0.006,fin_z_min,0.0029476324999999984,0.4286701043997926,0.9886458152677047,3.1250000000000666,6.640625000000141
12,0.06,-0.006,fin_z_min,0.0032937774999999975,0.4282795479126175,0.9876633270341896,3.1250000000000666,6.640625000000141
12,0.06,-0.006,fin_z_min,0.0036399224999999983,0.42152694546753494,0.9786138925836623,3.1250000000000666,6.640625000000141
12,0.06,-0.006,fin_z_min,0.003986067499999999,0.42836509209678525,0.9888019543868772,3.1250000000000666,6.640625000000141
12,0.06,-0.006,fin_z_min,0.004332212499999998,0.4233850994766006,0.987374882174474,3.1250000000000666,6.640625000000141
12,0.06,-0.006,fin_z_min,0.004678357499999999,0.254495691568791,0.948981930029689,3.1250000000000666,6.640625000000141
12,0.06,-0.006,fin_z_min,0.0050245025,0.40752185156189136,0.9885085154780847,3.1250000000000666,6.640625000000141
12,0.06,-0.006,fin_z_min,0.005370647499999999,0.37315059942969814,0.9861801682287294,3.1250000000000666,6.640625000000141
12,0.06,-0.006,fin_z_min,0.005716792499999998,0.28839522016089625,0.9698657331536109,3.1250000000000666,6.640625000000141
12,0.06,-0.006,fin_z_min,0.006062937499999997,0.2507700847480494,0.9924574410198376,3.1250000000000666,6.640625000000141
12,0.06,-0.006,fin_z_min,0.006409082499999998,0.13574852703250856,0.9924703312017203,3.1250000000000666,6.640625000000141
12,0.06,-0.006,fin_z_min,0.006755227499999999,0.1667480860005041,0.993302088302726,3.1250000000000666,6.640625000000141
12,0.06,-0.006,fin_z_min,0.007447517499999999,0.046569536875755685,0.9855899651231176,3.1250000000000666,6.640625000000141
12,0.06,-0.006,fin_z_min,0.0077936624999999995,0.09589821064222744,0.9881244761880295,3.1250000000000666,6.640625000000141
12,0.06,-0.006,fin_z_min,0.008485952499999998,0.13156685146536182,0.9881257647640528,3.1250000000000666,6.640625000000141
12,0.06,-0.006,fin_z_min,0.008832097499999997,0.265136946573593,0.9918981666103739,3.1250000000000666,6.640625000000141
12,0.06,-0.006,fin_z_min,0.009524387499999998,0.4356348393075231,0.9858825836949523,3.1250000000000666,6.640625000000141
12,0.06,-0.006,fin_z_min,0.009870532499999998,0.5498809297576855,0.9727538085175137,3.1250000000000666,6.640625000000141
12,0.06,-0.006,fin_z_min,0.010216677499999998,0.6627691317838639,0.9353482521063463,3.1250000000000666,6.640625000000141
12,0.06,-0.006,fin_z_min,0.010908967499999998,0.7023695304446271,0.9133033878615257,3.1250000000000666,6.640625000000141
12,0.06,-0.006,fin_z_min,0.011255112499999997,0.7220402583051054,0.8518015120561536,3.1250000000000666,6.640625000000141
12,0.06,-0.006,fin_z_min,0.011947402499999997,0.7355307192236881,0.8359273471193941,3.1250000000000666,6.640625000000141
12,0.06,-0.006,fin_z_min,0.012293547499999998,0.7236344839019425,0.7774485181898676,3.1250000000000666,6.640625000000141
12,0.06,-0.006,fin_z_min,0.012985837499999998,0.7286153921097119,0.7622662785294018,3.1250000000000666,6.640625000000141
12,0.06,-0.006,fin_z_min,0.013331982499999999,0.7119405464479686,0.7142593343631036,3.1250000000000666,6.640625000000141
12,0.06,-0.006,fin_z_min,0.013678127499999998,0.7131808105182244,0.7164327750359102,3.1250000000000666,6.640625000000141
12,0.06,-0.006,fin_z_max,-0.0136673275,0.417138606147446,0.9872473003961625,3.1250000000000666,6.640625000000141
12,0.06,-0.006,fin_z_max,-0.012975037499999998,0.41707261936039286,0.9872421236632306,3.1250000000000666,6.640625000000141
12,0.06,-0.006,fin_z_max,-0.0119366025,0.4169124949136929,0.987153124595287,3.1250000000000666,6.640625000000141
12,0.06,-0.006,fin_z_max,-0.0108981675,0.4167617471633777,0.9869614418860884,3.1250000000000666,6.640625000000141
12,0.06,-0.006,fin_z_max,-0.0098597325,0.4165920885274757,0.9868390744561917,3.1250000000000666,6.640625000000141
12,0.06,-0.006,fin_z_max,-0.008821297499999999,0.41636620107076744,0.9868350351890107,3.1250000000000666,6.640625000000141
12,0.06,-0.006,fin_z_max,-0.0077828625,0.416052465318469,0.9869135581577702,3.1250000000000666,6.640625000000141
12,0.06,-0.006,fin_z_max,-0.0067444275000000005,0.41539068641606774,0.9870556535984447,3.1250000000000666,6.640625000000141
12,0.06,-0.006,fin_z_max,-0.0063982825,0.4140434234713368,0.9873305842180109,3.1250000000000666,6.640625000000141
12,0.06,-0.006,fin_z_max,-0.0060521375,0.41431666440103954,0.9871222342904439,3.1250000000000666,6.640625000000141
12,0.06,-0.006,fin_z_max,-0.0057059925,0.41253523661204844,0.9874134502089847,3.1250000000000666,6.640625000000141
12,0.06,-0.006,fin_z_max,-0.005359847500000001,0.4119940835061744,0.9876837785582794,3.1250000000000666,6.640625000000141
12,0.06,-0.006,fin_z_max,-0.005013702500000001,0.4134616362738943,0.9873300302490264,3.1250000000000666,6.640625000000141
12,0.06,-0.006,fin_z_max,-0.0046675575,0.40981654824438773,0.9877578448587958,3.1250000000000666,6.640625000000141
12,0.06,-0.006,fin_z_max,-0.0043214125,0.40962411557395595,0.9880530558433508,3.1250000000000666,6.640625000000141
12,0.06,-0.006,fin_z_max,-0.003975267500000001,0.41274403873924215,0.9874484471653494,3.1250000000000666,6.640625000000141
12,0.06,-0.006,fin_z_max,-0.003629122500000001,0.40703665143808127,0.9882944416671605,3.1250000000000666,6.640625000000141
12,0.06,-0.006,fin_z_max,-0.0032829775,0.40728767865615084,0.9883280513336588,3.1250000000000666,6.640625000000141
12,0.06,-0.006,fin_z_max,-0.0029368325,0.41172303334627935,0.9876899329982466,3.1250000000000666,6.640625000000141
12,0.06,-0.006,fin_z_max,-0.002590687500000001,0.4028318177111061,0.9886086977526884,3.1250000000000666,6.640625000000141
12,0.06,-0.006,fin_z_max,-0.002244542500000001,0.3981972510262878,0.9887319099911417,3.1250000000000666,6.640625000000141
12,0.06,-0.006,fin_z_max,-0.0018983975000000002,0.4085987084992519,0.9878236849357259,3.1250000000000666,6.640625000000141
12,0.06,-0.006,fin_z_max,-0.0015522525000000002,0.39486006838323867,0.9890239451393343,3.1250000000000666,6.640625000000141
12,0.06,-0.006,fin_z_max,-0.0012061075000000011,0.39266539450671006,0.9888436984407871,3.1250000000000666,6.640625000000141
12,0.06,-0.006,fin_z_max,-0.0008599625000000012,0.40685083456206617,0.9877371387878734,3.1250000000000666,6.640625000000141
12,0.06,-0.006,fin_z_max,-0.0005138175000000004,0.38361135985584305,0.9882283949653236,3.1250000000000666,6.640625000000141
12,0.06,-0.006,fin_z_max,-0.0001676725000000004,0.40310491610922544,0.98792691204221,3.1250000000000666,6.640625000000141
12,0.06,-0.006,fin_z_max,0.0001784724999999987,0.3607463079947027,0.9879977327806558,3.1250000000000666,6.640625000000141
12,0.06,-0.006,fin_z_max,0.0005246174999999987,0.39746650934656774,0.9882577023285936,3.1250000000000666,6.640625000000141
12,0.06,-0.006,fin_z_max,0.0008707624999999995,0.3966872722888198,0.9880593849894869,3.1250000000000666,6.640625000000141
12,0.06,-0.006,fin_z_max,0.0012169074999999994,0.3310561764751647,0.9890424939392662,3.1250000000000666,6.640625000000141
12,0.06,-0.006,fin_z_max,0.0015630524999999985,0.38181911296220133,0.988381671236133,3.1250000000000666,6.640625000000141
12,0.06,-0.006,fin_z_max,0.0019091974999999994,0.38905303136145036,0.9881642358766592,3.1250000000000666,6.640625000000141
12,0.06,-0.006,fin_z_max,0.0022553425,0.29355234089309884,0.9902928420206174,3.1250000000000666,6.640625000000141
12,0.06,-0.006,fin_z_max,0.0026014874999999993,0.3700976908798703,0.9885190581125072,3.1250000000000666,6.640625000000141
12,0.06,-0.006,fin_z_max,0.0029476324999999984,0.3795145891027134,0.9880722481826024,3.1250000000000666,6.640625000000141
12,0.06,-0.006,fin_z_max,0.0032937774999999975,0.35129811001225447,0.9885543162720942,3.1250000000000666,6.640625000000141
12,0.06,-0.006,fin_z_max,0.0036399224999999983,0.21697864662562538,0.9933114851048189,3.1250000000000666,6.640625000000141
12,0.06,-0.006,fin_z_max,0.003986067499999999,0.3637582721640182,0.9884763468202584,3.1250000000000666,6.640625000000141
12,0.06,-0.006,fin_z_max,0.004332212499999998,0.3318733564668988,0.9889757136862629,3.1250000000000666,6.640625000000141
12,0.06,-0.006,fin_z_max,0.004678357499999999,0.12255396366749623,0.980402607814097,3.1250000000000666,6.640625000000141
12,0.06,-0.006,fin_z_max,0.0050245025,0.34285740366032313,0.988156970839374,3.1250000000000666,6.640625000000141
12,0.06,-0.006,fin_z_max,0.005370647499999999,0.3089017774353801,0.9879773275996272,3.1250000000000666,6.640625000000141
12,0.06,-0.006,fin_z_max,0.005716792499999998,0.13396105701009028,0.9750072085426893,3.1250000000000666,6.640625000000141
12,0.06,-0.006,fin_z_max,0.006062937499999997,0.33666319878328566,0.9867845181987234,3.1250000000000666,6.640625000000141
12,0.06,-0.006,fin_z_max,0.006409082499999998,0.2634883727646954,0.9868024058721079,3.1250000000000666,6.640625000000141
12,0.06,-0.006,fin_z_max,0.006755227499999999,0.29697879152199574,0.9872721984414518,3.1250000000000666,6.640625000000141
12,0.06,-0.006,fin_z_max,0.007447517499999999,0.22930068750340363,0.9826818324767949,3.1250000000000666,6.640625000000141
12,0.06,-0.006,fin_z_max,0.0077936624999999995,0.2755167084942427,0.9834698093892104,3.1250000000000666,6.640625000000141
12,0.06,-0.006,fin_z_max,0.008485952499999998,0.21993463624816,0.9796817985780012,3.1250000000000666,6.640625000000141
12,0.06,-0.006,fin_z_max,0.008832097499999997,0.29762357853943106,0.9789697162226473,3.1250000000000666,6.640625000000141
12,0.06,-0.006,fin_z_max,0.009524387499999998,0.24928260374452701,0.9706251619922391,3.1250000000000666,6.640625000000141
12,0.06,-0.006,fin_z_max,0.009870532499999998,0.37147199990182206,0.9604565969615041,3.1250000000000666,6.640625000000141
12,0.06,-0.006,fin_z_max,0.010216677499999998,0.3365656193050251,0.9405164486265473,3.1250000000000666,6.640625000000141
12,0.06,-0.006,fin_z_max,0.010908967499999998,0.5411389293352251,0.9251079403353901,3.1250000000000666,6.640625000000141
12,0.06,-0.006,fin_z_max,0.011255112499999997,0.5719963283112172,0.9035928823267884,3.1250000000000666,6.640625000000141
12,0.06,-0.006,fin_z_max,0.011947402499999997,0.6111722724938271,0.8936683159240405,3.1250000000000666,6.640625000000141
12,0.06,-0.006,fin_z_max,0.012293547499999998,0.3752820104012506,0.88379052570848,3.1250000000000666,6.640625000000141
12,0.06,-0.006,fin_z_max,0.012985837499999998,0.2305124857209565,0.885036433959647,3.1250000000000666,6.640625000000141
12,0.06,-0.006,fin_z_max,0.013331982499999999,0.14157838657680633,0.8975069021097674,3.1250000000000666,6.640625000000141
12,0.06,-0.006,fin_z_max,0.013678127499999998,0.13568407394314433,0.9024774943932029,3.1250000000000666,6.640625000000141
