pair,peak_freq_Hz,peak_coherence
probe_0_1D,6.25,0.9997855498
probe_1_2D,13.28125,0.99997755
probe_2_3D,23.4375,0.9998524242
Uy_probe_0,19.53125,0.9977379228
