signal,peak_freq_Hz,peak_psd
force_col_1,3.076923077,1.687728931e-18
force_col_2,3.076923077,1.150522025e-16
force_col_3,3.076923077,2.711906856e-19
force_col_4,3.076923077,1.470382409e-18
force_col_5,3.076923077,9.5834622e-17
force_col_6,3.076923077,2.905222229e-28
force_col_7,3.076923077,9.20108599e-21
force_col_8,3.076923077,1.031065668e-18
force_col_9,3.076923077,2.711741909e-19
