time,Cl,Nu_upper_mean,Nu_lower_mean,Nu_upper_minus_lower
2.0,2.7995007,8.782450507631081,8.6569894313417,0.12546107628938152
2.005,2.82995006,8.7693166267707,8.63874151687168,0.13057510989902
2.01,2.84781673,8.754203693506001,8.623350860572781,0.13085283293322014
2.015,2.8524943,8.737217189286865,8.610884349647863,0.12633283963900155
2.02,2.84396109,8.718568693479478,8.601319342250289,0.117249351229189
2.025,2.82271692,8.6985406797171,8.594539950845354,0.10400072887174616
2.03,2.78983417,8.677485074152928,8.590334719944165,0.08715035420876305
2.035,2.74682489,8.655815311566544,8.588382125544047,0.06743318602249637
2.04,2.69549625,8.633954787839114,8.588253316725963,0.04570147111315137
2.045,2.63796142,8.612312369803758,8.589448679264528,0.02286369053923032
2.05,2.57644185,8.591263741933144,8.591407980340817,-0.00014423840767285867
2.055,2.51326254,8.571130932958209,8.59352143542958,-0.022390502471370866
2.06,2.45081879,8.552158149122688,8.59519249245789,-0.04303434333520251
2.065,2.39147198,8.534515093319596,8.595813928417616,-0.06129883509801992
2.07,2.33761182,8.518239178435968,8.594822308277411,-0.07658312984144366
2.075,2.29142601,8.50338580490276,8.591830372547603,-0.08844456764484399
2.08,2.2549688,8.489906209448334,8.58651811578931,-0.09661190634097672
2.085,2.22984376,8.502727526135509,8.603870454290778,-0.10114292815526937
2.09,2.21738463,8.516774471471516,8.618390780803768,-0.10161630933225219
2.095,2.21828192,8.53200642642957,8.629961525543566,-0.09795509911399591
2.1,2.23253769,8.548395466371403,8.638551879961131,-0.09015641358972815
2.105,2.25963365,8.565891227643469,8.644281564587947,-0.07839033694447828
2.11,2.29835312,8.58437899502343,8.647439720851976,-0.06306072582854583
2.115,2.34690001,8.603674166156054,8.648431498652503,-0.044757332496448754
2.12,2.40319157,8.623531987508043,8.6477550673176,-0.02422307980955729
2.125,2.46465174,8.643646058743116,8.645988724127982,-0.0023426653848659384
2.13,2.528643,8.663662905610018,8.643768450831205,0.019894454778812687
2.135,2.59229282,8.683187390389293,8.64172871266383,0.04145867772546197
2.14,2.65293472,8.701843865153702,8.640484245027594,0.06135962012610818
2.145,2.70798638,8.719210817565788,8.640501887047858,0.07870893051793004
2.15,2.75529738,8.734964634139978,8.642244506520607,0.09272012761937098
2.155,2.79291449,8.748881228015287,8.646119870844482,0.10276135717080592
2.16,2.81945191,8.760840165461168,8.652466312418218,0.10837385304295033
2.165,2.83396287,8.74663250797043,8.637564576901855,0.10906793106857471
2.17,2.83614686,8.730614154248183,8.625389339726107,0.10522481452207622
2.175,2.82597335,8.713016853615732,8.615879482576036,0.09713737103969677
2.18,2.80416054,8.694132569693467,8.608883542825964,0.08524902686750302
2.185,2.771635,8.674303802683792,8.604163061104925,0.07014074157886618
2.19,2.72976924,8.65392163166115,8.601380262688364,0.05254136897278627
2.195,2.68014007,8.633370554005527,8.60011294544066,0.033257608564866814
2.2,2.62460604,8.61300809358707,8.599869354532139,0.013138739054930682
2.205,2.5651461,8.593159065030278,8.60011997641655,-0.006960911386272528
2.21,2.50388804,8.574097166114292,8.600303927947612,-0.026206761833320158
2.215,2.44313596,8.556039903122773,8.599877914592064,-0.04383801146929045
2.22,2.38521002,8.539143810172915,8.598310123706868,-0.05916631353395374
2.225,2.33240007,8.523524769033502,8.595031940324665,-0.07150717129116302
2.23,2.28696107,8.509159749891722,8.589932675846798,-0.08077292595507579
2.235,2.25087873,8.496114235826788,8.582698797332604,-0.08658456150581628
2.24,2.2258567,8.484379634626134,8.573112373342708,-0.08873273871657439
2.245,2.21312713,8.49475158121551,8.581951420914299,-0.08719983969878875
2.25,2.2134325,8.506477558458636,8.588225335134767,-0.08174777667613142
2.255,2.22696457,8.519570885255755,8.591990083512675,-0.07241919825692023
2.26,2.25329999,8.533996743328055,8.593428231884465,-0.05943148855640956
2.265,2.2913241,8.549652455118014,8.592855611598747,-0.043203156480732474
2.27,2.33947322,8.566359832620398,8.590674385020026,-0.024314552399628653
2.275,2.39565131,8.583864632207824,8.587350991870801,-0.0034863596629772786
2.28,2.45749887,8.601845346540292,8.583404100493734,0.01844124604655839
2.285,2.52231505,8.619926725466028,8.57939064299661,0.04053608246941742
2.29,2.58733778,8.637683014747301,8.575886061729697,0.061796953017603684
2.295,2.64975892,8.654709206937072,8.573454981955415,0.08125422498165769
2.3,2.7069201,8.670566224626365,8.572500137159942,0.09806608746642276
2.305,2.75651134,8.684904405407833,8.573431438009239,0.11147296739859414
2.31,2.79638774,8.69747767095442,8.576621716290877,0.12085595466354349
2.315,2.82496817,8.708141215859937,8.58241069698055,0.12573051887938824
2.32,2.84116161,8.716875248923865,8.590987909603301,0.12588733932056329
2.325,2.84437711,8.698555595960753,8.577563213883204,0.12099238207754937
2.33,2.83463157,8.678657880164947,8.566998058285506,0.11165982187944046
2.335,2.81256915,8.657463999482406,8.559164266134633,0.09829973334777264
2.34,2.77915198,8.635323137645157,8.553838379127747,0.08148475851741033
2.345,2.73599855,8.61264049771351,8.550684494646832,0.06195600306667792
2.35,2.68485398,8.589828575741384,8.549269623140392,0.040558952600992626
2.355,2.62786992,8.56728286048098,8.549095265120435,0.01818759536054415
2.36,2.56721144,8.545364170225987,8.549605992716897,-0.0042418224909095414
2.365,2.50523824,8.524381659974692,8.55020083460208,-0.025819174627388364
2.37,2.4442651,8.504563151150668,8.550296901568563,-0.04573375041789518
2.375,2.38663667,8.486067846933063,8.549305093932198,-0.06323724699913491
2.38,2.33464508,8.468938751877722,8.54663988891633,-0.07770113703860737
2.385,2.29044903,8.453177467799877,8.542071849469885,-0.0888943816700074
2.39,2.25596865,8.438774694376038,8.53519042930688,-0.09641573493084188
2.395,2.23287315,8.425647234537912,8.525716524574484,-0.10006929003657206
2.4,2.22225232,8.41371535620828,8.513473222283432,-0.09975786607515147
2.405,2.22471041,8.431606222876892,8.52738663131374,-0.09578040843684832
2.41,2.24029145,8.450630607105476,8.538441254960258,-0.08781064785478243
2.415,2.26834114,8.470735870052165,8.546763078049613,-0.07602720799744844
2.42,2.30758988,8.49180411581894,8.552638211047428,-0.06083409522848804
2.425,2.35632177,8.513648438613732,8.55646615522336,-0.042817716609627965
2.43,2.41231298,8.536024247815824,8.558735538767435,-0.022711290951610508
2.435,2.47310504,8.55862666394575,8.560010072683706,-0.00138340873795606
2.44,2.53600964,8.581106116293382,8.560910376379217,0.02019573991416479
2.445,2.59823719,8.603077311871367,8.562051343734236,0.041025968137130775
2.45,2.65716448,8.624179246508358,8.5640260145193,0.06015323198905875
2.455,2.71031592,8.644009145648862,8.56728342629568,0.07672571935318295
2.46,2.75554519,8.662260097633814,8.572274350112206,0.0899857475216077
2.465,2.79109601,8.678725591179804,8.57939302028636,0.09933257089344316
2.47,2.81561997,8.693300417823233,8.588966368667714,0.10433404915551847
2.475,2.82827721,8.706000236446666,8.601160424926201,0.10483981152046518
2.48,2.82876987,8.716954651583327,8.616022797019799,0.10093185456352849
2.485,2.81722755,8.697906300650708,8.605336263369498,0.0925700372812095
2.49,2.79434599,8.67764339363806,8.597086597749767,0.08055679588829356
2.495,2.76111577,8.656506189221732,8.591022513149143,0.06548367607258854
2.5,2.7189001,8.634879589022963,8.586796156657938,0.04808343236502566
2.505,2.66927605,8.613136104298942,8.58397877944269,0.029157324856251776
2.51,2.61411388,8.591621362672099,8.582080412650026,0.009540950022072892
2.515,2.55531998,8.570643733275851,8.580574248464684,-0.0099305151888327
2.52,2.49505982,8.55046595966605,8.578912337802159,-0.028446378136107953
2.525,2.43556894,8.531288456526054,8.576563814918957,-0.04527535839290309
2.53,2.37914986,8.513258749748777,8.573013484322665,-0.0597547345738878
2.535,2.3280757,8.496481059472258,8.567729074668417,-0.07124801519615964
2.54,2.28448174,8.480933068368865,8.560614907800973,-0.0796818394321086
2.545,2.25029247,8.466680044867708,8.551374287238145,-0.08469424237043732
2.55,2.22715164,8.453719944215276,8.539800804627088,-0.08608086041181195
2.555,2.21624787,8.442093527039582,8.52574894302765,-0.08365541598806914
2.56,2.21816582,8.431805265267768,8.509232157711208,-0.07742689244344092
2.565,2.23310632,8.44589645743765,8.513569271197563,-0.06767281375991274
2.57,2.26048914,8.461293860544728,8.515699402188403,-0.05440554164367484
2.575,2.2992412,8.477885945081766,8.51594738175606,-0.03806143667429396
2.58,2.34771777,8.495494289723267,8.514715848805448,-0.019221559082181372
2.585,2.40390478,8.513859812433823,8.51246925061747,0.0013905618163541078
2.59,2.46533038,8.532662214861244,8.509714207564926,0.02294800729631774
2.595,2.52940463,8.55152707860223,8.50699353909372,0.044533539508510245
2.6,2.593291,8.570032456237206,8.504860664266378,0.0651717919708279
2.605,2.654342,8.58778762020708,8.503858969005332,0.08392865120174875
2.61,2.70989005,8.604365266224898,8.504369895314428,0.09999537091047017
2.615,2.75768464,8.61943679203061,8.506785982424756,0.11265080960585472
2.62,2.79570933,8.632766694234286,8.511466621457682,0.12130007277660404
2.625,2.82242418,8.644229476870901,8.518733671332276,0.12549580553862505
2.63,2.8367564,8.653817332593725,8.528751841306597,0.12506549128712763
2.635,2.83830357,8.66163605944855,8.541590373351585,0.1200456860969652
2.64,2.82705473,8.667885968758895,8.557226285665998,0.11065968309289786
2.645,2.80371175,8.64818870034696,8.551173392365003,0.09701530798195712
2.65,2.76939241,8.627590266331838,8.547553605018784,0.08003666131305387
2.655,2.72557178,8.606495184742453,8.546022796418633,0.06047238832382007
2.66,2.67415023,8.585309212838181,8.546144709467601,0.039164503370580306
2.665,2.61721282,8.564421330634234,8.547422290172067,0.01699904046216716
2.67,2.55693436,8.544182678793366,8.549301614370433,-0.005118935577067774
2.675,2.4956569,8.524891223477258,8.551190677560019,-0.026299454082760576
2.68,2.43571864,8.506767646574891,8.552512580972008,-0.04574493439711702
2.685,2.37941298,8.48996161740172,8.552693595868835,-0.06273197846711476
2.69,2.32901278,8.474508002539812,8.551160166176892,-0.07665216363708005
2.695,2.28659331,8.460403187471922,8.547723851426735,-0.08732066395481297
2.7,2.25404455,8.447641044366312,8.541963068586206,-0.09432202421989366
2.705,2.23289243,8.436136825930705,8.533614406131852,-0.09747758020114716
2.71,2.22424664,8.425815805226607,8.522518057810812,-0.09670225258420473
2.715,2.22855212,8.416627113801626,8.508608940785196,-0.09198182698357016
2.72,2.2458065,8.408523686445303,8.491908633948409,-0.08338494750310588
2.725,2.27526036,8.428208091098735,8.499591109636738,-0.07138301853800222
2.73,2.3155927,8.448817798181297,8.504921639826895,-0.056103841645597896
2.735,2.36500142,8.47015635592322,8.508302251892653,-0.03814589596943385
2.74,2.42132115,8.49197299991413,8.510219901583778,-0.01824690166964693
2.745,2.48200974,8.513956740431071,8.511233387440363,0.00272335299070825
2.75,2.54440226,8.535758607872857,8.511950460876616,0.023808146996241675
2.755,2.60573473,8.557022015257544,8.513008001340943,0.04401401391660187
2.76,2.66342784,8.577331397894962,8.514884406538636,0.062446991356326365
2.765,2.71509359,8.59633025854282,8.518074319484187,0.07825593905863215
2.77,2.7586295,8.613738845239917,8.5230153024989,0.09072354274101713
2.775,2.79231819,8.629366900914158,8.530086987124136,0.09927991379002243
2.78,2.81496028,8.643121542904444,8.53959323160727,0.10352831129717366
2.785,2.8257358,8.655037433909557,8.55167168155796,0.10336575235159806
2.79,2.82446143,8.665253727901085,8.56635689144968,0.09889683645140579
2.795,2.81135487,8.67399242392865,8.58359118124012,0.09040124268853056
2.8,2.78709808,8.681536275721525,8.603224097024972,0.07831217869655305
2.805,2.75276982,8.662633829942967,8.59961124020059,0.06302258974237773
2.81,2.70974926,8.643277277730968,8.597743405658747,0.04553387207222137
2.815,2.65965133,8.62383304739243,8.59718512790216,0.02664791949027112
2.82,2.60429556,8.604637323643082,8.597443476883159,0.007193846759923517
2.825,2.54567844,8.585990590247755,8.597989489231832,-0.011998898984076689
2.83,2.48589634,8.568144890144273,8.598282868900712,-0.03013797875643931
2.835,2.42719303,8.551293006220911,8.5977945324436,-0.04650152622268955
2.84,2.37190395,8.535578568430381,8.595950380147912,-0.06037181171753048
2.845,2.32215614,8.521059912797627,8.592426428746961,-0.07136651594933419
2.85,2.28016926,8.5077880018394,8.587005496538781,-0.07921749469938177
2.855,2.24777592,8.49578450979312,8.57940413626337,-0.08361962647025045
2.86,2.22649622,8.485053817574054,8.569431010188875,-0.0843771926148218
2.865,2.21748369,8.475638319743533,8.556970790150457,-0.08133247040692382
2.87,2.22124295,8.467548591275957,8.54204985052771,-0.07450125925175222
2.875,2.2378407,8.460783243605597,8.524786652349766,-0.06400340874416877
2.88,2.26670453,8.455287768494182,8.505422994123803,-0.050135225629620805
2.885,2.30664562,8.470595243789278,8.504051741810413,-0.033456498021134706
2.89,2.35598653,8.486872802819951,8.501293467054769,-0.014420664234817693
2.895,2.41263494,8.503856255629241,8.497614741634202,0.006241513995039583
2.9,2.47416743,8.52121573511736,8.49352443325067,0.027691301866690665
2.905,2.53791199,8.538573427634221,8.489559575619607,0.049013852014613946
2.91,2.60114269,8.555535935313245,8.486302074399287,0.06923386091395756
2.915,2.6610856,8.571654744088969,8.4841820715846,0.08747267250436863
2.92,2.7153009,8.586548787935634,8.483628193585785,0.10292059434984857
2.925,2.76148358,8.5999102569092,8.485020718704796,0.11488953820440351
2.93,2.79770486,8.61152195640984,8.488705815934695,0.12281614047514466
2.935,2.82250779,8.621272714513811,8.494980620322563,0.12629209419124798
2.94,2.83492863,8.629169299468536,8.50398713938578,0.1251821600827565
2.945,2.83456729,8.635330893385213,8.515777080938205,0.11955381244700725
2.95,2.82162288,8.639967351760982,8.53031564059787,0.1096517111631119
2.955,2.79672427,8.643357918921325,8.547482623933051,0.0958752949882733
2.96,2.76108703,8.645849597487508,8.567050303939357,0.07879929354815118
2.965,2.71627009,8.630341140987882,8.571295441055343,0.05904569993253972
2.97,2.66417486,8.614759523234367,8.577112362597145,0.0376471606372224
2.975,2.60690976,8.599487673158364,8.58399910412121,0.015488569037154676
2.98,2.54668188,8.584874317986468,8.59139728705333,-0.006522969066860895
2.985,2.4857941,8.57120822604173,8.59871952465098,-0.027511298609249835
2.99,2.42657965,8.558705221199416,8.605385394753256,-0.04668017355384002
2.995,2.37135006,8.54750352342653,8.61072955965271,-0.06322603622617962
3.0,2.32230183,8.53761165398017,8.614470043727326,-0.07685838974715686
3.005,2.28155731,8.529085900849621,8.616200108607936,-0.08711420775831513
3.01,2.25085165,8.521875504362743,8.615541655018,-0.09366615065525608
3.015,2.23169695,8.515896980970771,8.612244398702629,-0.09634741773185773
3.02,2.22509709,8.51108280064579,8.606161146537362,-0.09507834589157227
3.025,2.23143938,8.5073869859085,8.597235658211645,-0.08984867230314464
3.03,2.25059373,8.504762027687763,8.585507171418381,-0.0807451437306188
3.035,2.28168857,8.503126947436787,8.571164268780773,-0.06803732134398643
3.04,2.32340037,8.502330265711123,8.554533608921545,-0.052203343210422304
3.045,2.37382526,8.51870971494277,8.552658055206981,-0.03394834026421201
3.05,2.43071676,8.535481764893193,8.549387565401952,-0.013905800508759114
3.055,2.49155166,8.552328281047123,8.545286050661902,0.007042230385220449
3.06,2.55368736,8.568892408333811,8.540965851352379,0.027926556981432427
3.065,2.61434918,8.58481773941791,8.537049293805651,0.04776844561225779
3.07,2.67099824,8.599694207659045,8.534004921890265,0.06568928576878008
3.075,2.72127713,8.61317769003725,8.532312575230518,0.08086511480673231
3.08,2.76318157,8.625003438624738,8.532398277823729,0.09260516080100878
3.085,2.7950706,8.634999040649921,8.534626974699963,0.10037206594995851
3.09,2.81577898,8.643098040959424,8.539277966849658,0.10382007410976613
3.095,2.8246657,8.649351881185249,8.546462212886768,0.10288966829848079
3.1,2.82153605,8.653917235865576,8.556197031669281,0.09772020419629435
3.105,2.80669204,8.657029713874302,8.56840670562838,0.0886230082459214
3.11,2.78093608,8.65897857644118,8.582923975030845,0.07605460141033582
3.115,2.74531923,8.660110462283122,8.599492219229338,0.06061824305378316
3.12,2.70127996,8.660799094483407,8.617757213969737,0.04304188051366964
3.125,2.65045898,8.648921574678718,8.624840081924265,0.024081492754453038
3.13,2.5947036,8.637298584169093,8.632643959114343,0.004654625054749673
3.135,2.53602271,8.626223016288263,8.64063954756162,-0.014416531273356625
3.14,2.47653186,8.615939817109442,8.648285978648797,-0.03234616153935477
3.145,2.41848782,8.60663695786901,8.655054436870346,-0.048417479001335195
3.15,2.36414146,8.598461325459912,8.66034855138262,-0.061887225922708566
3.155,2.31571613,8.591442568456005,8.663947518499107,-0.07250495004310231
3.16,2.27533382,8.585648058602398,8.665558257991073,-0.07991019938867439
3.165,2.24472,8.581104214804812,8.664915131517409,-0.0838109167125971
3.17,2.22541085,8.57781828695525,8.661837894133548,-0.08401960717829837
3.175,2.21838886,8.575838202346166,8.656224926693856,-0.08038672434769012
3.18,2.2241741,8.575177546051965,8.648114284609276,-0.07293673855731164
3.185,2.24265497,8.575829997500973,8.637638515015,-0.06180851751402727
3.19,2.27319738,8.577732687359577,8.625059148618533,-0.04732646125895634
3.195,2.31451451,8.580747753881061,8.610742851434336,-0.02999509755327523
3.2,2.3649085,8.584666558551115,8.595125178233788,-0.010458619682673032
3.205,2.42221288,8.594840182315798,8.58431163762162,0.010528544694176745
3.21,2.48397963,8.605305611137629,8.57317963885539,0.032125972282239346
3.215,2.54752689,8.615672017245492,8.56226971414272,0.0534023031027715
3.22,2.61013408,8.625545783078325,8.552161338685405,0.07338444439291969
3.225,2.66909525,8.634483622511468,8.543267829219463,0.09121579329200458
3.23,2.72196699,8.642112568170736,8.536006057131747,0.10610651103898938
3.235,2.7664947,8.64814240387195,8.530745178847836,0.11739722502411354
3.24,2.80087207,8.652376675614034,8.527821717163,0.12455495845103393
3.245,2.82367024,8.654724245788538,8.527507231909974,0.127217013878564
3.25,2.83406637,8.65521678818579,8.529916638883764,0.12530014930202604
3.255,2.83170638,8.653990070935325,8.535082304339905,0.11890776659542013
3.26,2.81684014,8.651270883434478,8.542949648935595,0.10832123449888265
3.265,2.79028369,8.647348218441579,8.55337540214471,0.09397281629686915
3.27,2.75322421,8.642580814762296,8.566111096934007,0.07646971782828871
3.275,2.70731679,8.637371183124891,8.580792920818517,0.05657826230637397
3.28,2.65447073,8.632118158001667,8.596982421821618,0.03513573618004884
3.285,2.59677976,8.624561666644082,8.611544707601853,0.013016959042229104
3.29,2.53650899,8.617684882655155,8.626536475345267,-0.008851592690112042
3.295,2.4759648,8.611768036662609,8.6413767954157,-0.02960875875309199
3.3,2.4174694,8.607018804547092,8.65547794927955,-0.04845914473245827
3.305,2.36334842,8.603570890356893,8.668152968461264,-0.06458207810437067
3.31,2.31572437,8.601416034674049,8.679237923580423,-0.07782188890637443
3.315,2.27664937,8.600620881454725,8.68822529485089,-0.0876044133961642
3.32,2.24788713,8.601128626399824,8.694774014255765,-0.09364538785594156
3.325,2.23080612,8.602861260580731,8.69864437808293,-0.09578311750219903
3.33,2.22635627,8.605754556872865,8.699699127043823,-0.09394457017095803
3.335,2.23480493,8.609769339943371,8.697889861885027,-0.0881205219416561
3.34,2.25587428,8.614852341654741,8.693270660852125,-0.07841831919738418
3.345,2.28868172,8.62091516580156,8.686050421062797,-0.06513525526123765
3.35,2.3317702,8.627793893816518,8.67657105629872,-0.04877716248220132
3.355,2.383205,8.635265497506046,8.66526998333439,-0.030004485828344585
3.36,2.44065355,8.643049559401279,8.652664964501504,-0.009615405100225516
3.365,2.50164064,8.652436526571941,8.640952321008358,0.011484205563583316
3.37,2.56340591,8.661442472286636,8.629121553790606,0.032320918496029805
3.375,2.62327014,8.669711761832632,8.617787432218606,0.05192432961402638
3.38,2.67871862,8.67683696845273,8.607407447666011,0.06942952078671816
3.385,2.72745914,8.68248613316498,8.598448763976046,0.08403736918893401
3.39,2.76754069,8.686410655195884,8.59132076973329,0.09508988546259367
3.395,2.79744057,8.688459346861814,8.586373019921345,0.10208632694046926
3.4,2.81604431,8.68858902272906,8.583854107785449,0.1047349149436112
3.405,2.82281342,8.686871073529078,8.58384991450717,0.10302115902190856
3.41,2.81761839,8.683479960954736,8.58635489870724,0.09712506224749617
3.415,2.80091647,8.678666658485621,8.591269595463203,0.08739706302241856
3.42,2.77354053,8.672728384404618,8.598405334604502,0.07432304980011573
3.425,2.73657579,8.666018445322216,8.60749028139025,0.05852816393196569
3.43,2.69152647,8.658910841324634,8.61815457547019,0.04075626585444425
3.435,2.64004556,8.651760477675502,8.629949177353923,0.02181130032157874
3.44,2.58405422,8.64489438649673,8.642381455536091,0.0025129309606395367
3.445,2.52553139,8.64060214693057,8.656926877939442,-0.016324731008872106
3.45,2.46660761,8.637116724766575,8.67105515180213,-0.03393842703555627
3.455,2.40952565,8.634622961805793,8.684237926276355,-0.04961496447056213
3.46,2.35655571,8.6332667170691,8.695886740469867,-0.06262002340076656
3.465,2.309829,8.633056551182701,8.705827774945242,-0.07277122376254042
3.47,2.27135996,8.63407307706848,8.713747625085164,-0.07967454801668339
3.475,2.24289644,8.636341824228323,8.719387276716038,-0.08304545248771511
3.48,2.22582777,8.639871412890953,8.722575129719262,-0.08270371682830913
3.485,2.22104371,8.644715010109763,8.723227354607982,-0.07851234449821831
3.49,2.22894522,8.650881096970695,8.72139020109132,-0.0705091041206245
3.495,2.24939455,8.658358649767656,8.717210092397577,-0.058851442629920925
3.5,2.28159542,8.667073701327121,8.710965796352783,-0.043892095025661604
3.505,2.32423895,8.676878097137479,8.703029983393963,-0.02615188625648379
3.51,2.37552166,8.687553072927077,8.69384568274392,-0.006292609816842543
3.515,2.4332518,8.698807842926415,8.683903657789395,0.014904185137019965
3.52,2.49496603,8.710292241040579,8.6737275509758,0.036564690064778915
3.525,2.55798493,8.713595337598745,8.655907851142146,0.057687486456599046
3.53,2.61955676,8.716322072736906,8.638996464908665,0.07732560782824116
3.535,2.67709857,8.718032974005656,8.623398310219065,0.09463466378659113
3.54,2.72816317,8.718371350110942,8.609519432705827,0.10885191740511502
3.545,2.77060722,8.717065675350268,8.597717021054097,0.11934865429617147
3.55,2.80266266,8.71393942588989,8.588321894330504,0.12561753155938682
3.555,2.82303247,8.708929642447412,8.581568022138638,0.12736162030877374
3.56,2.83100272,8.702090352241003,8.577548972018118,0.12454138022288497
3.565,2.82627736,8.69358045861704,8.576273535311886,0.11730692330515424
3.57,2.8093037,8.683639271802788,8.577662252680462,0.10597701912232615
3.575,2.78086319,8.672571156053058,8.581545942684839,0.09102521336821923
3.58,2.74232045,8.660745626440127,8.587644363434533,0.07310126300559361
3.585,2.69530692,8.648563731273606,8.595572803868928,0.0529909274046787
3.59,2.64186117,8.636419533435232,8.60487716394741,0.03154236948782163
3.595,2.58406145,8.624682678272093,8.615041898299738,0.009640779972354352
3.6,2.52415733,8.613682740880565,8.625494106445073,-0.011811365564508236
3.605,2.46447377,8.612304724695289,8.644313238897004,-0.032008514201715244
3.61,2.4072585,8.612112653352687,8.662292665010678,-0.05018001165799113
3.615,2.35481806,8.613228884196992,8.678752817015626,-0.06552393281863367
3.62,2.30922061,8.615624363919714,8.693607554875177,-0.07798319095546269
3.625,2.27247352,8.619375553844415,8.706307204581123,-0.08693165073670706
3.63,2.24611421,8.624423248517644,8.716549035750086,-0.09212578723244214
3.635,2.23161202,8.630694183421888,8.724117304542633,-0.09342312112074502
3.64,2.2295761,8.638132676238595,8.728896929931578,-0.09076425369298313
3.645,2.24030636,8.646703098971923,8.730862649927685,-0.08415955095576244
3.65,2.2634014,8.656348202301324,8.730096675950405,-0.07374847364908099
3.655,2.2978279,8.666967966534504,8.726836079653447,-0.059868113118943356
3.66,2.34209003,8.678390962951214,8.721436370901381,-0.0430454079501672
3.665,2.39417563,8.690382193290617,8.714350160492273,-0.023967967201656393
3.67,2.45178547,8.702650100386624,8.706096445685924,-0.003446345299300546
3.675,2.51237876,8.71485901548884,8.69725254629674,0.017606469192099183
3.68,2.57321358,8.726635424779742,8.68842220824444,0.03821321653530241
3.685,2.63172142,8.730120877599923,8.672737572106609,0.05738330549331394
3.69,2.68536899,8.732408215126336,8.658119056446772,0.07428915867956398
3.695,2.73199309,8.733183544925685,8.645008851307868,0.08817469361781782
3.7,2.76974508,8.732218243878183,8.633792455841219,0.09842578803696433
3.705,2.79711896,8.729382838165916,8.62479570030683,0.10458713785908635
3.71,2.8132056,8.724655821782346,8.61822647055994,0.10642935122240615
3.715,2.81750388,8.718127439416927,8.6141437144231,0.10398372499382624
3.72,2.81001869,8.709988171048941,8.612519507468988,0.09746866357995287
3.725,2.79126498,8.700491138271223,8.613231866360001,0.08725927191122196
3.73,2.76209361,8.689939710267994,8.616077896762514,0.07386181350548071
3.735,2.72369633,8.67868693149773,8.62076584420481,0.05792108729291989
3.74,2.67760781,8.667098172112256,8.626909431656937,0.04018874045531895
3.745,2.62551106,8.65551868575772,8.634060819512861,0.021457866244858792
3.75,2.56935497,8.644268328251684,8.641729248292796,0.002539079958888024
3.755,2.51116027,8.633625430377394,8.649392010456568,-0.01576658007917331
3.76,2.45306725,8.623817545089889,8.656531247321022,-0.03271370223113301
3.765,2.3973531,8.624984412484121,8.672655243083614,-0.047670830599493286
3.77,2.34623328,8.627299586786096,8.687220088528655,-0.059920501742558585
3.775,2.30176337,8.630767077612349,8.700096892404401,-0.06932981479205225
3.78,2.26596901,8.635476936792069,8.710970556471944,-0.07549361967987522
3.785,2.24040231,8.64145467553001,8.719595116897175,-0.07814044136716447
3.79,2.22636036,8.648719571737459,8.725822026011961,-0.07710245427450246
3.795,2.22460168,8.657310049100227,8.729593399487948,-0.07228335038772116
3.8,2.23540572,8.667233741205383,8.730974991328488,-0.06374125012310472
3.805,2.25844023,8.678459421004018,8.730131716666758,-0.05167229566274045
3.81,2.29281982,8.690892758466346,8.727354988961874,-0.03646223049552866
3.815,2.33709969,8.704367430627615,8.723019737982789,-0.018652307355173647
3.82,2.38941508,8.718645152749835,8.717559540514438,0.0010856122353963826
3.825,2.4475146,8.733419577747654,8.711457636416016,0.021961941331637647
3.83,2.50893137,8.748327512964185,8.705228690777556,0.04309882218662864
3.835,2.57094676,8.762964957583913,8.699401892862214,0.06356306472169848
3.84,2.6309639,8.776945416151019,8.69452244454097,0.08242297161004863
3.845,2.68639981,8.7735403666588,8.674861501377741,0.09867886528105885
3.85,2.73495925,8.768700051457298,8.656978217629419,0.11172183382787892
3.855,2.77464379,8.76218496928931,8.641219155537133,0.12096581375217674
3.86,2.80381908,8.753850122104687,8.627904818842158,0.1259453032625295
3.865,2.82131243,8.7436657374096,8.617229153577624,0.12643658383197653
3.87,2.8265342,8.731718863258344,8.609265964755526,0.12245289850281793
3.875,2.81938772,8.718191162033834,8.60401016409216,0.11418099794167524
3.88,2.80032995,8.703341723227528,8.601362381104837,0.10197934212269111
3.885,2.77030911,8.687490845533727,8.601133597593654,0.08635724794007338
3.89,2.73063803,8.671014960667948,8.60302291328791,0.06799204738003795
3.895,2.68306113,8.654314132512242,8.606634668933586,0.04767946357865682
3.9,2.62954552,8.63777425744463,8.61150875526656,0.02626550217807022
3.905,2.57215056,8.621750203700412,8.61712402490313,0.004626178797281
3.91,2.51314067,8.606550104799243,8.622913349595013,-0.01636324479576956
3.915,2.45475857,8.592418947522788,8.628316537528038,-0.03589759000525028
3.92,2.39925507,8.57952594216963,8.632768312840755,-0.05324237067112492
3.925,2.34880635,8.584022760886013,8.651806204069233,-0.06778344318322027
3.93,2.30551287,8.589807984358327,8.669178729697377,-0.07937074533904998
3.935,2.27129569,8.596905511099395,8.684482984398102,-0.08757747329870647
3.94,2.24764751,8.60528563855404,8.697304878642056,-0.09201924008801576
3.945,2.23579167,8.614867668934794,8.70748039868558,-0.09261272975078683
3.95,2.23636903,8.625593544622065,8.714914993237512,-0.089321448615447
3.955,2.24952169,8.63742230033377,8.719594039726108,-0.08217173939233824
3.96,2.2747525,8.650288736202883,8.721622493800409,-0.07133375759752525
3.965,2.3109275,8.664080472971527,8.72125238849101,-0.05717191551948275
3.97,2.35647361,8.678613133554029,8.718849479610737,-0.04023634605670878
3.975,2.40935345,8.693639555495434,8.714868733490693,-0.021229177995259363
3.98,2.4671948,8.708865213920683,8.709833221908417,-0.0009680079877334435
3.985,2.52744548,8.723948642894355,8.704316953704266,0.019631689190088508
3.99,2.58744046,8.738523826737456,8.698906604673331,0.0396172220641251
3.995,2.64458038,8.75224880942856,8.69417794869381,0.058070860734749985
4.0,2.69646225,8.7647356894857,8.69056149997979,0.0741741895059107
4.005,2.74095255,8.760750319164115,8.67370691748634,0.08704340167777502
4.01,2.77628982,8.755018454720094,8.658812484887214,0.0962059698328801
4.015,2.8010649,8.747435519603497,8.646193397382753,0.10124212222074469
4.02,2.81443982,8.73801061367047,8.636023194262613,0.10198741940785716
4.025,2.81606446,8.726859511213057,8.628338713856728,0.09852079735632913
4.03,2.8060184,8.714181681884671,8.623090342300607,0.09109133958406446
4.035,2.7849468,8.700242037225273,8.620131956175976,0.08011008104929651
4.04,2.75379342,8.685354042787186,8.619235497966917,0.06611854482026835
4.045,2.71390233,8.669878072263353,8.620076464391373,0.049801607871980735
4.05,2.66687768,8.654174287942537,8.622245731362481,0.031928556580055556
4.055,2.614534,8.638579029695132,8.62527329443394,0.013305735261191387
4.06,2.55872358,8.623400033665545,8.628657640097453,-0.0052576064319076465
4.065,2.50154981,8.608900001889054,8.6318793020183,-0.022979300129245317
4.07,2.4450694,8.595293424001541,8.634424970343353,-0.03913154634181204
4.075,2.39146025,8.582733634113369,8.635808079392032,-0.05307444527866245
4.08,2.34278454,8.571335745365303,8.635516955220092,-0.06418120985478915
4.085,2.30105315,8.576925958836283,8.649426815798408,-0.07250085696212594
4.09,2.26799699,8.583741017462769,8.6613041755492,-0.07756315808643066
4.095,2.2452043,8.591798170640404,8.670936232011215,-0.07913806137081103
4.1,2.23370753,8.601112309879246,8.678219998778998,-0.07710768889975128
4.105,2.23422568,8.611722682439042,8.68310369577951,-0.07138101334046709
4.11,2.24685812,8.623622690827048,8.685709351207631,-0.06208666038058297
4.115,2.27123517,8.636777584650542,8.686226195655085,-0.0494486110045429
4.12,2.30637169,8.651083158721509,8.684962109341573,-0.033878950620064074
4.125,2.35081919,8.666366779117123,8.682296892923693,-0.01593011380657039
4.13,2.40265192,8.682387730782096,8.67866603632967,0.0037216944524267603
4.135,2.4596347,8.698839021749873,8.674545383039716,0.024293638710156884
4.14,2.51924326,8.715359798403743,8.67042839971264,0.0449313986911033
4.145,2.57884225,8.731559011247466,8.66681671787274,0.06474229337472615
4.15,2.6358195,8.747066889585167,8.664222683464354,0.08284420612081256
4.155,2.68769887,8.76147289909155,8.662996295247485,0.09847660384406431
4.16,2.73228733,8.774452659641732,8.663498688581674,0.11095397106005755
4.165,2.76763486,8.76283955101784,8.643433732486242,0.11940581853159848
4.17,2.79237778,8.749450863180526,8.625752322973499,0.12369854020702675
4.175,2.80553941,8.734270871922881,8.610597887080388,0.1236729848424929
4.18,2.80668406,8.717395041421941,8.597996838411596,0.11939820301034487
4.185,2.79593034,8.699011162262648,8.587899403822394,0.1111117584402539
4.19,2.77391738,8.679375111096963,8.580169366690408,0.0992057444065555
4.195,2.74173688,8.658800038680054,8.574581505735123,0.08421853294493076
4.2,2.70082224,8.637654628132044,8.570810054594125,0.06684457353791906
4.205,2.65298702,8.616316493567181,8.568449693526802,0.04786680004037969
4.21,2.60024845,8.595150741486995,8.567038181465866,0.028112560021128274
4.215,2.54471403,8.574489060362131,8.566067033076399,0.00842202728573227
4.22,2.4885427,8.5546207335989,8.56501154950731,-0.010390815908408513
4.225,2.4339584,8.535768320213407,8.563339895770602,-0.027571575557194805
4.23,2.38304439,8.518086219881537,8.560558534842762,-0.042472314961225166
4.235,2.33782912,8.501668274311392,8.556132704801003,-0.05446443048961136
4.24,2.30010273,8.486499717079274,8.549988752460967,-0.06348903538169282
4.245,2.27149998,8.496861687253915,8.56625932834356,-0.06939764108964575
4.25,2.25325334,8.508459862985214,8.580281237588837,-0.0718213746036227
4.255,2.24626701,8.521273518151903,8.591930493162975,-0.07065697501107238
4.26,2.25098418,8.535270547140739,8.601157029719314,-0.06588648257857521
4.265,2.26728762,8.550410169445,8.608031846893073,-0.05762167744807378
4.27,2.29451994,8.566620543066135,8.612727547005234,-0.046107003939098945
4.275,2.33151792,8.583775379682718,8.615531323974873,-0.031755944292154226
4.28,2.37662038,8.60167956407004,8.616810165683912,-0.015130601613872585
4.285,2.42783403,8.620075559310935,8.617002835774942,0.0030727235359933047
4.29,2.4828823,8.63865827101559,8.616580986230275,0.022077284785314788
4.295,2.53931255,8.657080941462947,8.616053988479571,0.04102695298337622
4.3,2.59461715,8.675016759034802,8.615966149170738,0.059050609864064185
4.305,2.64643938,8.69207761902333,8.616726560541979,0.07535105848135082
4.31,2.69259463,8.707938887148291,8.618750355283153,0.08918853186513864
4.315,2.73114836,8.72235037149497,8.622399481688989,0.09995088980598155
4.32,2.76065132,8.735140753474338,8.62798734138064,0.10715341209369811
4.325,2.77997543,8.722716440096352,8.612550809197021,0.11016563089933129
4.33,2.78847768,8.70863014601553,8.599422386942988,0.10920775907254132
4.335,2.78599113,8.693016720179035,8.58859254535408,0.10442417482495436
4.34,2.77282908,8.676087187227207,8.579981081402902,0.09610610582430468
4.345,2.74971409,8.658100768915913,8.573419564689534,0.08468120422637959
4.35,2.71766447,8.639366846009521,8.56865734093165,0.0707095050778701
4.355,2.67806513,8.620224507017983,8.565360233196385,0.05486427382159853
4.36,2.63245709,8.600999494400108,8.563129175867605,0.03787031853250333
4.365,2.58263934,8.581995195505563,8.561524834837595,0.020470360667967924
4.37,2.53041227,8.563483540690381,8.560081788714825,0.003401751975555811
4.375,2.47776716,8.54569469984149,8.558325909580098,-0.012631209738607652
4.38,2.42666513,8.528809387939443,8.555790288952892,-0.026980901013448744
4.385,2.37914183,8.512958515600388,8.551977779008437,-0.03901926340804884
4.39,2.33700839,8.498197861881442,8.546657314962337,-0.04845945308089483
4.395,2.30207423,8.4845909596009,8.539620667850885,-0.05502970824998421
4.4,2.27576168,8.472159477169066,8.530627857528179,-0.058468380359112615
4.405,2.25930718,8.483182036660114,8.541961818783951,-0.058779782123837165
4.41,2.25347827,8.495386759314107,8.55113724489293,-0.05575048557882312
4.415,2.2588088,8.50877875030503,8.558177776689423,-0.04939902638439264
4.42,2.27479456,8.523371400392422,8.563143403465693,-0.03977200307327067
4.425,2.30133289,8.539051058745455,8.566338825383422,-0.027287766637966726
4.43,2.3372404,8.555704582621832,8.56804939378325,-0.012344811161417724
4.435,2.38105565,8.573147360885175,8.568641750208911,0.004505610676263316
4.44,2.43096831,8.591135437593268,8.568527340700346,0.02260809689292209
4.445,2.48486406,8.609375902599773,8.568141503521343,0.04123439907843007
4.45,2.54041567,8.627536339870078,8.56793058763587,0.05960575223420861
4.455,2.59522926,8.645306392069068,8.568374918775797,0.07693147329327132
4.46,2.64688436,8.662311306817193,8.569830660636544,0.09248064618064866
4.465,2.69321143,8.678240559178564,8.57266922586006,0.10557133331850288
4.47,2.73217379,8.692849041042562,8.577212850474282,0.11563619056827967
4.475,2.76215393,8.705958677054289,8.583753664858058,0.12220501219623081
4.48,2.78188512,8.717480114631496,8.592534407861345,0.12494570677015027
4.485,2.7906354,8.699134987136388,8.575782932303726,0.12335205483266165
4.49,2.78809504,8.679363663562565,8.561434536160105,0.11792912740246031
4.495,2.77443765,8.658352369960621,8.549427158550449,0.1089252114101722
4.5,2.75035335,8.636348030962083,8.53960960215063,0.09673842881145234
4.505,2.7168379,8.613651154060143,8.531745412143762,0.08190574191638156
4.51,2.67529353,8.590600746159554,8.525510016803805,0.06509072935574878
4.515,2.62738617,8.567539862806623,8.520516006518204,0.0470238562884191
4.52,2.57502943,8.54479246640766,8.516328018611372,0.02846444779628854
4.525,2.52025262,8.52265576269746,8.512472946075283,0.01018281662217646
4.53,2.46521904,8.501386799010048,8.508465938961738,-0.007079139951690294
4.535,2.4122046,8.481185850428393,8.503827327911926,-0.022641477483533734
4.54,2.36334013,8.462201259367315,8.497993614450495,-0.03579235508317957
4.545,2.32070856,8.444473737167437,8.490882289073094,-0.046408551905656736
4.55,2.28617329,8.428079574590331,8.482164491695032,-0.05408491710470109
4.555,2.26127987,8.413014887828469,8.47158480922052,-0.05856992139205097
4.56,2.24725662,8.399249789500391,8.458983817817224,-0.059734028316832166
4.565,2.24482683,8.414960398604409,8.472710097558142,-0.057749698953733386
4.57,2.25418442,8.431919410231066,8.484336098234365,-0.05241668800329968
4.575,2.27505486,8.450023947143185,8.493934298782408,-0.043910351639222966
4.58,2.30656074,8.469149240838838,8.501690383131685,-0.032541142292846104
4.585,2.34729099,8.48913248028379,8.507860074147912,-0.018727593864122483
4.59,2.39546143,8.509740979877666,8.512766024305177,-0.003025044427511503
4.595,2.44887605,8.530691249038798,8.51678556626766,0.013905682771136796
4.6,2.50518162,8.551656334242,8.520334080114187,0.03132225412781331
4.605,2.56184398,8.572288553121195,8.523853003879072,0.048435549242123344
4.61,2.61642835,8.592275834956515,8.527822130598379,0.06445370435813658
4.615,2.66657097,8.611242831098762,8.532586781190023,0.07865604990873898
4.62,2.71021067,8.628896713026682,8.538520259576671,0.09037645345001089
4.625,2.74561384,8.645016504299461,8.545959056508268,0.09905744779119274
4.63,2.77148013,8.659461245583973,8.55520145531376,0.1042597902702127
4.635,2.78688021,8.672179757593177,8.566472287904785,0.10570746968839195
4.64,2.79143872,8.683223435816476,8.579863996140425,0.10335943967605132
4.645,2.78519594,8.672973481932754,8.57584480544285,0.09712867648990375
4.65,2.76866406,8.661392478692116,8.573832467167351,0.087560011524765
4.655,2.7427051,8.64875115093075,8.573662906854565,0.0750882440761842
4.66,2.70852321,8.635367583004097,8.575086028347307,0.06028155465678964
4.665,2.66758096,8.621577318455211,8.577765565939913,0.0438117525152979
4.67,2.62156793,8.60770972496732,8.58130305621944,0.02640666874787989
4.675,2.57225465,8.594064421670017,8.585254127241821,0.00881029442819603
4.68,2.52150982,8.5809057937388,8.58915915496978,-0.008253361230979195
4.685,2.47124217,8.568449598276251,8.59253188171099,-0.024082283434738727
4.69,2.4233959,8.556862521208103,8.5949179380383,-0.038055416830196975
4.695,2.37979239,8.546254467567584,8.59583088692091,-0.04957641935332546
4.7,2.3420692,8.536659431465477,8.595077261611872,-0.05841783014639468
4.705,2.31176814,8.528120705511558,8.592434696636026,-0.06431399112446812
4.71,2.29014334,8.520639805581824,8.587686668147665,-0.06704686256584047
4.715,2.27813235,8.51420736104909,8.580721104849545,-0.0665137438004546
4.72,2.27631138,8.508807987171709,8.571529032632135,-0.06272104546042634
4.725,2.28482771,8.51841994623297,8.574267474153162,-0.0558475279201911
4.73,2.30338126,8.529029833731093,8.574988723895315,-0.045958890164222055
4.735,2.3312632,8.540570543946853,8.573941765436466,-0.033371221489613134
4.74,2.36725108,8.552916217403494,8.571463755708322,-0.018547538304828137
4.745,2.40987216,8.565878918393423,8.567945624829898,-0.0020667064364747745
4.75,2.45720996,8.579286846244738,8.563697749947684,0.015589096297054184
4.755,2.50721668,8.592750684531802,8.559366347893697,0.033384336638105694
4.76,2.55777954,8.60598593457369,8.555375356367733,0.05061057820595671
4.765,2.60638952,8.618760224288623,8.55211685205153,0.0666433722370936
4.77,2.65117389,8.630709973168546,8.54997557728651,0.08073439588203613
4.775,2.69010819,8.641585605881476,8.549269965365559,0.0923156405159169
4.78,2.72150394,8.651190194289928,8.550286776082572,0.1009034182073556
4.785,2.74403318,8.659395665530237,8.553266359074183,0.10612930645605445
4.79,2.7567684,8.666150967890102,8.558370208136036,0.10778075975406587
4.795,2.75920843,8.671494978361428,8.565641019294414,0.105853959067014
4.8,2.75145828,8.675543825120286,8.575040574478571,0.10050325064171517
4.805,2.73399743,8.658295332877199,8.566495886635062,0.09179944624213654
4.81,2.70773398,8.640198651972655,8.559763654918726,0.08043499705392954
4.815,2.67393842,8.621539701019444,8.554553670671577,0.06698603034786643
4.82,2.63419606,8.602618053923662,8.5505096265527,0.05210842737096222
4.825,2.59025229,8.583733320554728,8.547224118636672,0.03650920191805618
4.83,2.54389583,8.565166189558703,8.544263627448247,0.02090256211045549
4.835,2.49704471,8.547161669674681,8.541188824615075,0.005972845059606158
4.84,2.45153614,8.52997423043859,8.53749309101131,-0.007518860572719888
4.845,2.40911579,8.51369670423509,8.532857459648461,-0.019160755413372144
4.85,2.37142862,8.498377592690796,8.52694633554604,-0.02856874285524391
4.855,2.33986589,8.484161124561888,8.519524320194733,-0.03536319563284529
4.86,2.31569791,8.471077161268944,8.510408817676907,-0.03933165640796332
4.865,2.29988133,8.45912783028567,8.499466519214664,-0.04033868892899406
4.87,2.29303825,8.448299084933181,8.486658677838323,-0.03835959290514168
4.875,2.29549878,8.43856343663946,8.472037298792982,-0.033473862153520884
4.88,2.30712319,8.429877725729156,8.455730829980487,-0.025853104251330805
4.885,2.3274903,8.444262940060593,8.460060818787149,-0.01579787872655558
4.89,2.35573277,8.459547374280058,8.46312623918347,-0.0035788649034120823
4.895,2.39066081,8.475590995161726,8.46523741002126,0.010353585140466137
4.9,2.43071717,8.492201680279088,8.466738538224515,0.025463142054572785
4.905,2.47411054,8.509144756194328,8.467991571413338,0.04115318478099006
4.91,2.51887875,8.526163238514583,8.469355910004598,0.0568073285099846
4.915,2.56296362,8.543091855852579,8.471119196254055,0.07197265959852395
4.92,2.60435042,8.559468965094633,8.473724118693578,0.08574484640105418
4.925,2.64110139,8.575077259757952,8.47739373852583,0.09768352123212232
4.93,2.67153833,8.589646945053609,8.482424975311968,0.10722196974164078
4.935,2.6943116,8.603160156150564,8.488831954180405,0.11432820197015836
4.94,2.70844606,8.61541258843073,8.496855088527807,0.11855749990292352
4.945,2.71341423,8.626362162828551,8.506555702561402,0.11980646026714936
4.95,2.70911306,8.636055847478818,8.517902099064637,0.11815374841418169
4.955,2.69589704,8.644595374919387,8.530789146095804,0.1138062288235826
4.96,2.67448896,8.652132371996673,8.54506122395553,0.10707114804114326
4.965,2.64600259,8.643302607779868,8.545126527790426,0.09817607998944133
4.97,2.61175912,8.63389014415805,8.54607774704022,0.08781239711782973
4.975,2.57336971,8.624140841446536,8.547622369298413,0.07651847214812335
4.98,2.53252494,8.614307768927564,8.549444352156522,0.06486341677104157
4.985,2.49093656,8.604621455769987,8.55121537774765,0.053406078022337766
4.99,2.45037987,8.595345438975015,8.55256451460436,0.04278092437065517
4.995,2.4124993,8.586595633227486,8.553279606873277,0.033316026354208716
5.0,2.37884327,8.578486179756625,8.553082200640135,0.02540397911648995
5.005,2.35072404,8.571199290759722,8.551773807808777,0.01942548295094504
5.01,2.32924548,8.564812542184916,8.549184513472712,0.0156280287122037
5.015,2.31530173,8.559366620797098,8.545198395073381,0.014168225723716787
5.02,2.30943747,8.55487327973513,8.53976510400639,0.015108175728739681
5.025,2.31193504,8.551311234283254,8.532896364705842,0.018414869577412674
5.03,2.32269401,8.548635657475295,8.524663119159658,0.02397253831563617
5.035,2.34132935,8.546768124741856,8.515184055081273,0.03158406966058358
5.04,2.36710577,8.54559248122719,8.504632398690266,0.04096008253692496
5.045,2.39893762,8.556367156745099,8.504568190987388,0.051798965757710036
5.05,2.43547736,8.567495988060239,8.503881525966872,0.06361446209336741
5.055,2.47509119,8.578749645434144,8.50284092508226,0.07590872035188312
5.06,2.51604403,8.589875901929709,8.501729682843,0.08814621908670972
5.065,2.55641055,8.600691525206678,8.500791978548374,0.09989954665830325
5.07,2.59434008,8.610795929722741,8.500417954902247,0.11037797482049427
5.075,2.62805436,8.619993759531166,8.500831699957795,0.11916205957337134
5.08,2.65602391,8.628103067472974,8.502285723213259,0.12581734425971547
5.085,2.67697263,8.634994112044014,8.505004233924344,0.12998987811966956
5.09,2.68996748,8.640597437379327,8.509161298265537,0.1314361391137897
5.095,2.69446811,8.64491360684778,8.514860855244978,0.13005275160280227
5.1,2.6902833,8.648012286114643,8.522124665097117,0.12588762101752593
5.105,2.67770735,8.65003224888007,8.530903778955432,0.11912846992463777
5.11,2.65736599,8.6511569305184,8.54108682903376,0.11007010148463969
5.115,2.63015423,8.651613296516024,8.552495874968166,0.09911742154785763
5.12,2.59735625,8.651663998386303,8.564896443953113,0.08676755443318918
5.125,2.5604201,8.638282491778812,8.564817027965958,0.07346546381285357
5.13,2.52099567,8.62504953086635,8.56509365815812,0.05995587270823144
5.135,2.48077983,8.61220383905047,8.56538524301903,0.04681859603143934
5.14,2.44150908,8.59995867134357,8.565354488215183,0.03460418312838698
5.145,2.40491289,8.588555014916833,8.564626600835318,0.02392841408151547
5.15,2.37253274,8.577988192479374,8.563013851321143,0.014974341158231042
5.155,2.34576421,8.568438738916853,8.560312218561023,0.00812652035583028
5.16,2.32571413,8.559980324621929,8.556333373624236,0.003646950997692855
5.165,2.31322906,8.552639786838913,8.55095713400083,0.0016826528380828876
5.17,2.30882986,8.546406624251462,8.54413641059196,0.002270213659501863
5.175,2.31268534,8.541254604456396,8.53589618241781,0.005358422038586497
5.18,2.32466382,8.537121162041087,8.526319564418328,0.010801597622759118
5.185,2.34420622,8.53391452569315,8.515544463067785,0.018370062625365335
5.19,2.3705839,8.531508830480647,8.503768471179134,0.02774035930151264
5.195,2.4026873,8.529739409679907,8.491229724241677,0.03850968543823008
5.2,2.43915262,8.528436187880684,8.478149788634429,0.05028639924625544
5.205,2.47841854,8.53862061309978,8.476069648945009,0.0625509641547719
5.21,2.51879919,8.548687112506629,8.47414893060804,0.07453818189858907
5.215,2.55851272,8.558580141617457,8.472496215354171,0.0860839262632851
5.22,2.595806,8.567883321243446,8.471510909434665,0.09637241180878142
5.225,2.62901898,8.576408544170095,8.471417966797308,0.10499057737278683
5.23,2.65669071,8.583954905645058,8.472489318636303,0.1114655870087553
5.235,2.67760019,8.590444419986264,8.474859282735098,0.11558513725116626
5.24,2.69083361,8.595803917642817,8.478674528943218,0.11712938869959899
5.245,2.69587296,8.599983595316939,8.484073065096041,0.11591053022089781
5.25,2.6925007,8.60305264725499,8.491042289395033,0.11201035785995828
5.255,2.68096379,8.605125716789624,8.499511109898533,0.10561460689109126
5.26,2.6618079,8.606356946394754,8.509350474123119,0.0970064722716355
5.265,2.6358863,8.606952073900505,8.520375779355852,0.08657629454465265
5.27,2.60433485,8.607138393229409,8.532345697403972,0.0747926958254368
5.275,2.56846333,8.607155675277394,8.544971875459582,0.06218379981781119
5.28,2.52977652,8.607244163985948,8.557933311558044,0.04931085242790445
5.285,2.48985712,8.603674834030317,8.566950558394161,0.03672427563615521
5.29,2.45027762,8.60064161806455,8.575528810417678,0.02511280764687207
5.295,2.41266216,8.598224900763645,8.583477348841797,0.014747551921848512
5.3,2.37856165,8.596541988833476,8.59047353238762,0.006068456445856185
5.305,2.34934145,8.595755581026076,8.596310061958235,-0.0005544809321591515
5.31,2.32623886,8.595931088822773,8.600796356719993,-0.004865267897219638
5.315,2.31024527,8.597100662676803,8.603791893942944,-0.006691231266140463
5.32,2.30212058,8.599272835441495,8.60522677241306,-0.005953936971565099
5.325,2.3022722,8.602435349800048,8.60510242589763,-0.0026670760975822105
5.33,2.31083118,8.60655718380021,8.603485893624201,0.0030712901760079347
5.335,2.32757798,8.611574907534752,8.60049742704623,0.011077480488522085
5.34,2.35192282,8.617393985859634,8.59631967127418,0.02107431458545328
5.345,2.38297654,8.623875605240853,8.591184533530395,0.03269107171045782
5.35,2.41945916,8.630834904983953,8.5853578844143,0.04547702056965264
5.355,2.45987793,8.638090770434804,8.579079564146774,0.05901120628803014
5.36,2.50245091,8.64533951801034,8.5727107273805,0.07262879062984062
5.365,2.5453031,8.65004954185167,8.56446049353113,0.08558904832054104
5.37,2.58651856,8.65430190420127,8.556695224308111,0.09760667989315941
5.375,2.6241989,8.657705869350995,8.549762641203,0.10794322814799528
5.38,2.65666139,8.660063887433726,8.543898635970871,0.11616525146285461
5.385,2.68243357,8.661212518394612,8.539337407008217,0.12187511138639451
5.39,2.70034265,8.661048133839058,8.536277979186671,0.12477015465238672
5.395,2.70960729,8.659535157312515,8.534851790632132,0.12468336668038305
5.4,2.70976754,8.65671452942567,8.535109866023438,0.1216046634022323
5.405,2.70084634,8.652698677753618,8.537027066356531,0.1156716113970866
5.41,2.68325214,8.647650974464435,8.540507433534335,0.10714354093009959
5.415,2.65769074,8.641786284251083,8.545395739868988,0.09639054438209449
5.42,2.625268,8.635360229078536,8.551467958833825,0.08389227024471069
5.425,2.58737975,8.628644345061732,8.558442020757942,0.07020232430378925
5.43,2.54567903,8.621917326825569,8.565992491496873,0.055924835328696076
5.435,2.50195566,8.61543690247666,8.573753423050329,0.04168347942633055
5.44,2.45814651,8.60944045991976,8.581344881405766,0.028095578513994468
5.445,2.41616593,8.607761887761772,8.59202721378275,0.015734673979022062
5.45,2.37789823,8.606952320946139,8.601740577672391,0.0052117432737475156
5.455,2.34503293,8.607087712075757,8.610413510045626,-0.0033257979698699813
5.46,2.31896606,8.608290371080754,8.617757859797106,-0.009467488716351724
5.465,2.30088058,8.610608663295709,8.623580215432703,-0.012971552136994191
5.47,2.29151105,8.614054887402949,8.6277698257629,-0.013714938359951745
5.475,2.2913063,8.61861325523887,8.63030183075532,-0.011688575516449973
5.48,2.30032925,8.624265991406146,8.631210010224178,-0.006944018818032305
5.485,2.31817281,8.630936934484371,8.63059852879137,0.00033840569300025436
5.49,2.34420724,8.638496116335547,8.628667689432941,0.009828426902606324
5.495,2.37735842,8.646796408292571,8.625650090537444,0.021146317755126987
5.5,2.41620899,8.655636214751874,8.621826764486817,0.033809450265056995
5.505,2.45910768,8.664767068062673,8.617508303596159,0.047258764466514336
5.51,2.50424262,8.67392401865212,8.613021086775966,0.06090293187615359
5.515,2.54959953,8.682822682854537,8.608699934771447,0.07412274808308972
5.52,2.59325011,8.691209186715374,8.604916102588117,0.08629308412725756
5.525,2.63325315,8.692994083704743,8.596207111305603,0.09678697239914058
5.53,2.66787867,8.69373260169377,8.588592208302227,0.10514039339154202
5.535,2.69563238,8.693256787223913,8.582325201705011,0.1109315855189017
5.54,2.71533148,8.691461909700765,8.577616083272117,0.11384582642864771
5.545,2.726158,8.688312528558495,8.574610019921643,0.11370250863685172
5.55,2.72764559,8.68384941286241,8.573361257044965,0.11048815581744442
5.555,2.71982165,8.678179101513063,8.573848357655656,0.10433074385740682
5.56,2.70315924,8.67146295723234,8.575971399455128,0.09549155777721197
5.565,2.67843957,8.663907001821288,8.579559553127629,0.08434744869365929
5.57,2.64677334,8.65576497911082,8.584366992141879,0.0713979869689414
5.575,2.60960353,8.647306629724271,8.590084232887456,0.05722239683681529
5.58,2.56842209,8.638800141305664,8.59635958844786,0.04244055285780313
5.585,2.52500883,8.630495629380384,8.602806628310269,0.027689001070115182
5.59,2.48104701,8.62261544384315,8.609013718868297,0.013601724974853013
5.595,2.43828689,8.615346021472366,8.614584402704955,0.0007616187674113206
5.6,2.39844609,8.608880999137794,8.619071973623278,-0.010190974485484006
5.605,2.36312254,8.613749708116238,8.632881453270802,-0.019131745154563617
5.61,2.33372488,8.619557993855972,8.645198726398378,-0.025640732542406397
5.615,2.31149716,8.626344653714298,8.65581472607643,-0.02947007236213217
5.62,2.29744112,8.634128296778457,8.664585752633469,-0.030457455855012583
5.625,2.29221011,8.642902886074937,8.671452100139655,-0.028549214064717887
5.63,2.29614259,8.652658713905375,8.676433864087935,-0.023775150182560267
5.635,2.30917008,8.663363271495948,8.679627111252213,-0.016263839756264886
5.64,2.33083182,8.67495395095865,8.681204082609504,-0.006250131650853419
5.645,2.36028202,8.687326066999404,8.68142165763341,0.005904409365994567
5.65,2.39631474,8.700319192921862,8.680588063149502,0.019731129772360134
5.655,2.43741883,8.713769925657898,8.67897570332356,0.03479422233433738
5.66,2.48180183,8.727367748727179,8.677044477345056,0.05032327138212267
5.665,2.52752754,8.740822784762974,8.675188830153854,0.06563395460912069
5.67,2.57263185,8.753893970106969,8.673799780008194,0.08009419009877483
5.675,2.61506596,8.766266542349866,8.673175368875459,0.09309117347440754
5.68,2.65297511,8.777686427306362,8.673640444340368,0.1040459829659941
5.685,2.68462718,8.765347883155993,8.653168414373532,0.1121794687824611
5.69,2.70860606,8.751734758724107,8.6343742780778,0.11736048064630644
5.695,2.72377626,8.736778042363612,8.61743848498329,0.11933955738032154
5.7,2.72945019,8.72048887917203,8.602450995142355,0.11803788402967541
5.705,2.72533616,8.702952678301154,8.58941380713509,0.11353887116606387
5.71,2.71165392,8.6843244369844,8.578246189638973,0.10607824734542781
5.715,2.68903072,8.664805627031392,8.568794957691704,0.09601066933968738
5.72,2.65844968,8.644643503838626,8.560832063571688,0.08381144026693832
5.725,2.6212748,8.624122317942938,8.554057681152223,0.07006463679071473
5.73,2.57918747,8.603528643220269,8.548117079632533,0.05541156358773591
5.735,2.53401739,8.583142426242706,8.542626334229551,0.04051609201315465
5.74,2.48772684,8.563218486540356,8.53716960715634,0.026048879384015677
5.745,2.4423639,8.543980668230953,8.531333928741475,0.01264673948947781
5.75,2.3998919,8.525612495480745,8.524742938655477,0.0008695568252683472
5.755,2.36220525,8.508268871269543,8.516971288948591,-0.008702417679048224
5.76,2.33087939,8.49200045570878,8.507958999865386,-0.01595854415660547
5.765,2.30725785,8.500981702230408,8.521591505770756,-0.02060980354034747
5.77,2.29228976,8.511132676534025,8.533568146287344,-0.02243546975331867
5.775,2.28661214,8.52245645293772,8.54381574997298,-0.021359297035260738
5.78,2.29039529,8.534931962254673,8.55234806820593,-0.01741610595125742
5.785,2.30349329,8.548522945025688,8.559241847569655,-0.010718902543967346
5.79,2.32531282,8.563161312294948,8.564632310077704,-0.00147099778275539
5.795,2.35493847,8.57867284607533,8.568806644546376,0.009866201528954122
5.8,2.39108601,8.59489442906758,8.572035213526656,0.022859215540924183
5.805,2.43217498,8.611595981196778,8.574631194140059,0.03696478705671957
5.81,2.47648005,8.628513105211711,8.576931162511098,0.051581942700613226
5.815,2.52204436,8.645363514926249,8.579279881311841,0.06608363361440794
5.82,2.56692199,8.661881883154551,8.582058412871735,0.07982347028281644
5.825,2.60913794,8.677747999837692,8.585538906465986,0.09220909337170546
5.83,2.64690907,8.692706513926307,8.590022597898857,0.1026839160274502
5.835,2.67860493,8.706551454990763,8.595769308519266,0.11078214647149665
5.84,2.70293547,8.719134986023393,8.603002898724437,0.11613208729895597
5.845,2.7189095,8.708524880154055,8.590347286918682,0.11817759323537302
5.85,2.72590319,8.69657112394165,8.579460603117443,0.11711052082420714
5.855,2.72375172,8.683353618818908,8.570347962892058,0.11300565592684997
5.86,2.71268522,8.669010352838416,8.562944931889172,0.10606542094924443
5.865,2.69332718,8.653727791832269,8.557116957306253,0.09661083452601638
5.87,2.66658477,8.63774139613199,8.552659908087394,0.08508148804459559
5.875,2.63366189,8.621314639379221,8.549309107086303,0.07200553229291806
5.88,2.59597088,8.604714285151722,8.546747543916776,0.05796674123494583
5.885,2.55508428,8.588198198791266,8.544628087321474,0.043570111469792394
5.89,2.51261496,8.572002273955844,8.542571775239065,0.029430498716779496
5.895,2.47021852,8.556331978125542,8.540192059995274,0.016139918130267716
5.9,2.42957865,8.541405932937485,8.537044561944862,0.004361370992622682
5.905,2.39227446,8.52721725089912,8.532926509069746,-0.005709258170625731
5.91,2.35976343,8.513933506450496,8.52755779684588,-0.013624290395384264
5.915,2.33337751,8.5016207940779,8.520728831084414,-0.019108037006514422
5.92,2.31420202,8.490299408913032,8.51226498079733,-0.02196557188429793
5.925,2.30308499,8.502247352227753,8.524400920955117,-0.022153568727363293
5.93,2.30053768,8.515186578301483,8.534781049596818,-0.01959447129533487
5.935,2.30676122,8.529096425282322,8.543447628680088,-0.014351203397765744
5.94,2.32155725,8.54393641306676,8.550507174702505,-0.00657076163574466
5.945,2.34440699,8.559627602595626,8.556145031021886,0.0034825715737394347
5.95,2.3744304,8.57605096053139,8.560613664887846,0.015437295643543791
5.955,2.41041763,8.593036829278978,8.564208722461489,0.02882810681748893
5.96,2.45089138,8.61037015521076,8.567258814721242,0.04311134048951715
5.965,2.49418235,8.627811106882435,8.570109492225582,0.057701614656853195
5.97,2.53847536,8.645096392436868,8.57311686683814,0.07197952559872789
5.975,2.58186569,8.662051441524522,8.576576921603174,0.08547451992134825
5.98,2.62250737,8.678264888891368,8.580932424594536,0.09733246429683184
5.985,2.65859023,8.693554134106382,8.58642341594686,0.10713071815952091
5.99,2.68860245,8.70774181415399,8.593318526975118,0.11442328717887307
5.995,2.71092391,8.720708748152234,8.601836563574118,0.11887218457811599
6.0,2.72473511,8.732412077509403,8.612120729154016,0.12029134835538713
6.005,2.72923847,8.712847936850391,8.594726579077559,0.11812135777283217
6.01,2.72427804,8.69215387591628,8.579262784353592,0.1128910915626875
6.015,2.70999194,8.670478356090388,8.565644552440451,0.104833803649937
6.02,2.68698716,8.648018822967277,8.553713691038782,0.0943051319284951
6.025,2.65621849,8.625014095590878,8.543239309975537,0.08177478561534102
6.03,2.6189632,8.60173630468827,8.533925774032625,0.06781053065564535
6.035,2.57680615,8.578462569191334,8.525418290980555,0.05304427821077873
6.04,2.53144496,8.555458460202129,8.517335309634893,0.0381231505672357
6.045,2.48473039,8.532965685508811,8.509266719367528,0.02369896614128386
6.05,2.43865571,8.511193629096983,8.500799538197523,0.010394090899460195
6.055,2.39510652,8.490315024421305,8.49146819533887,-0.0011531709175649496
6.06,2.35594228,8.470437707921443,8.481080185654026,-0.010642477732583089
6.065,2.32285357,8.45166737173629,8.46939640874142,-0.01772903700513062
6.07,2.29731458,8.434053029146789,8.456174358504159,-0.0221213293573701
6.075,2.28043034,8.417618654124153,8.44126053452287,-0.023641880398717063
6.08,2.27300586,8.40235915732474,8.424592280874478,-0.0222331235497375
6.085,2.27543934,8.415176659656689,8.43317480805235,-0.017998148395660607
6.09,2.28767809,8.429089251130945,8.44007246789171,-0.010983216760765302
6.095,2.3093367,8.444069838217521,8.445389666495657,-0.0013198282781363702
6.1,2.33951602,8.459939746526185,8.44943782669865,0.010501919827534678
6.105,2.37695418,8.476542808463108,8.452493250223462,0.024049558239646274
6.11,2.4201219,8.493662822326344,8.454877705148025,0.03878511717831934
6.115,2.46714849,8.511043233506486,8.456932434254552,0.05411079925193363
6.12,2.51598849,8.52840037018906,8.45900898559445,0.06939138459460992
6.125,2.56455239,8.545439929747495,8.461453521996752,0.08398640775074284
6.13,2.61069656,8.561897610483099,8.464640155863735,0.09725745461936341
6.135,2.65238856,8.577465449905864,8.468824633695727,0.1086408162101371
6.14,2.68783231,8.59190942252449,8.474272089472324,0.11763733305216562
6.145,2.71548458,8.605057319473596,8.481218117814725,0.12383920165887119
6.15,2.73422671,8.616804819722432,8.489857946904044,0.12694687281838846
6.155,2.74328761,8.627120428308999,8.500323907662407,0.1267965206465913
6.16,2.74241052,8.636058231309761,8.512652480765825,0.12340575054393632
6.165,2.73178594,8.62773766895061,8.511023138233153,0.11671453071745752
6.17,2.71202047,8.618331409529986,8.51106885247859,0.10726255705139565
6.175,2.68403376,8.608076433181271,8.512600926293993,0.09547550688727746
6.18,2.64909885,8.597251533111503,8.515361324533083,0.08189020857841989
6.185,2.60870086,8.586148078120063,8.519032616866173,0.06711546125388956
6.19,2.56446943,8.575052740262539,8.523256965224409,0.05179577503812993
6.195,2.51817206,8.564232910022941,8.52764785007192,0.03658505995102068
6.2,2.471622,8.553929515247074,8.531797868738922,0.022131646508151803
6.205,2.42663119,8.544338519015225,8.535312004208151,0.009026514807073838
6.21,2.38504272,8.535624481272086,8.537723779700794,-0.002099298428708707
6.215,2.34850685,8.527851882578208,8.538939168072949,-0.011087285494740584
6.22,2.31856512,8.521120324981817,8.538670158449332,-0.017549833467514375
6.225,2.29650098,8.515464986664854,8.536709756558377,-0.02124476989352253
6.23,2.28331538,8.510894417580042,8.53293243461565,-0.022038017035608704
6.235,2.27960071,8.507397395647155,8.527303301082181,-0.019905905435026128
6.24,2.28563873,8.504945086489611,8.519869114395217,-0.014924027905605541
6.245,2.30120519,8.516926148389153,8.524201758643407,-0.007275610254254161
6.25,2.3257273,8.529827474807005,8.52702210323782,0.0028053715691847003
6.255,2.35816571,8.543510065009892,8.528583452118406,0.014926612891486002
6.26,2.39719735,8.557791494994245,8.529185488130052,0.02860600686419268
6.265,2.44102367,8.572452334295605,8.529140058185833,0.04331227610977173
6.27,2.48815264,8.58726474947202,8.528752084179887,0.05851266529213284
6.275,2.53623941,8.601840713403233,8.52850346267046,0.07333725073277186
6.28,2.58335274,8.615958352197124,8.528741850378507,0.08721650181861662
6.285,2.6274584,8.629311352027752,8.529740672601482,0.09957067942626985
6.29,2.66667098,8.641661408458438,8.531806709378667,0.10985469907977041
6.295,2.6993294,8.6528175420646,8.535214671795451,0.11760287026914895
6.3,2.72397768,8.662650284700815,8.540201900454692,0.12244838424612325
6.305,2.73960617,8.671095918466136,8.546958196134899,0.12413772233123765
6.31,2.74549908,8.678164536772217,8.555595043118812,0.12256949365340475
6.315,2.7414389,8.683941117332497,8.566142031554707,0.11779908577778997
6.32,2.72768554,8.688570578230888,8.578554575727928,0.11001600250295951
6.325,2.70486428,8.66891662974882,8.569642683478339,0.0992739462704808
6.33,2.67399306,8.648621693279324,8.56226566993027,0.08635602334905457
6.335,2.63642503,8.627971056467167,8.556137258793735,0.0718337976734329
6.34,2.5938269,8.607253272740953,8.55091202811939,0.056341244621563646
6.345,2.54790034,8.586756309944839,8.54621009154316,0.04054621840167982
6.35,2.50060622,8.566740380527927,8.541622932425243,0.02511744810268368
6.355,2.45384346,8.547439929406274,8.536734589248347,0.010705340157926457
6.36,2.40959905,8.529041851117778,8.531152254473472,-0.0021104033556937907
6.365,2.36965472,8.511699626606932,8.524426242225047,-0.012726615618115389
6.37,2.33563561,8.495464992736679,8.516502056138027,-0.021037063401347922
6.375,2.30899768,8.480431745810959,8.507106925280537,-0.02667517946957787
6.38,2.29087383,8.466620701427297,8.496063977324686,-0.029443275897389043
6.385,2.28206127,8.454026038485615,8.483298804448173,-0.02927276596255801
6.39,2.28295284,8.4426132515531,8.468823743308871,-0.02621049175577106
6.395,2.29356357,8.432331816342039,8.452730168633737,-0.020398352291698174
6.4,2.31351543,8.423093776739021,8.435169666815108,-0.012075890076086893
6.405,2.34201992,8.437923776822199,8.439516436722064,-0.001592659899865012
6.41,2.37787852,8.45357413452941,8.442777898267057,0.01079623626235282
6.415,2.41957335,8.469768596091026,8.445326018499767,0.024442577591258896
6.42,2.46535686,8.486216042447886,8.44752085053519,0.0386951919126961
6.425,2.51313073,8.502697527584168,8.449639793135281,0.05305773444888651
6.43,2.56078954,8.518974521202477,8.451960056224362,0.06701446497811503
6.435,2.60616486,8.534850160771215,8.454772727431061,0.08007743334015416
6.44,2.64716078,8.54985623969936,8.45846211679617,0.09139412290318916
6.445,2.68188402,8.563759857571263,8.463271714837855,0.10048814273340767
6.45,2.70876805,8.57647238633365,8.469324073829672,0.10714831250397872
6.455,2.72667196,8.587852805466554,8.476807766000581,0.11104503946597255
6.46,2.73486479,8.59780097825886,8.485882486431336,0.11191849182752378
6.465,2.73306436,8.60636151425106,8.496564779349269,0.10979673490179032
6.47,2.72155248,8.613633345892358,8.508800219188403,0.10483312670395506
6.475,2.70097609,8.619769466632642,8.522476224614323,0.09729324201831879
6.48,2.67240972,8.62497323879029,8.537408485614534,0.08756475317575507
6.485,2.63722763,8.621537200972517,8.545468236022783,0.0760689649497337
6.49,2.59703383,8.617680254462748,8.55420823289322,0.06347202156952747
6.495,2.55361228,8.613681320889793,8.563296693624082,0.05038462726571069
6.5,2.50877896,8.609805727437347,8.572379177376991,0.037426550060356334
6.505,2.46437064,8.606330110356062,8.58106435065944,0.02526575969662126
6.51,2.42226178,8.603440513443141,8.589041334476395,0.014399178966746362
6.515,2.38409122,8.601216225614268,8.596053513117177,0.005162712497090993
6.52,2.35141145,8.599868001484523,8.60186048309218,-0.0019924816076564156
6.525,2.32550463,8.59948033495358,8.606262727477759,-0.00678239252417967
6.53,2.30742359,8.600096575263896,8.60912057181047,-0.009023996546574153
6.535,2.29798819,8.601730383447805,8.610366649160905,-0.0086362657131005
6.54,2.29750743,8.604369585089394,8.610008529972312,-0.00563894488291794
6.545,2.30611243,8.607979935089972,8.608112953840667,-0.00013301875069515745
6.55,2.32342192,8.612494828536388,8.60480517258224,0.007689655954147057
6.555,2.34881857,8.617811354318656,8.600260373378509,0.017550980940146843
6.56,2.38121056,8.623783483602223,8.59470265184917,0.02908083175305265
6.565,2.41929106,8.63103041523366,8.589197133966922,0.041833281266738354
6.57,2.46137212,8.638517329308485,8.583218865218479,0.05529846409000605
6.575,2.50562389,8.646054918002422,8.57697395102828,0.06908096697414123
6.58,2.55006633,8.65323107348062,8.57097922758035,0.08225184590027013
6.585,2.592677,8.659915350414643,8.565409151283845,0.09450619913079805
6.59,2.63148731,8.665748741114829,8.5606083213998,0.10514041971502941
6.595,2.66468414,8.670531532501087,8.556824372823193,0.1137071596778938
6.6,2.69077659,8.674103606410736,8.554306679912195,0.11979692649854101
6.605,2.70853802,8.67636132347463,8.553266944747897,0.12309437872673357
6.61,2.71717894,8.677274007714903,8.55385565023417,0.12341835748073393
6.615,2.71630938,8.676880665899697,8.55613537122348,0.12074529467621709
6.62,2.70603469,8.675295216545866,8.560089458121924,0.11520575842394187
6.625,2.68689115,8.672683213738408,8.565623050766975,0.1070601629714325
6.63,2.65982196,8.669258008137033,8.572570052840229,0.09668795529680452
6.635,2.62608139,8.665278905071416,8.58069536166376,0.08458354340765517
6.64,2.58723524,8.661025505192613,8.589702337294845,0.07132316789776816
6.645,2.54508679,8.64764416796619,8.590181462135812,0.05746270583037827
6.65,2.50141785,8.63455722726644,8.590831430451797,0.04372579681464295
6.655,2.45820676,8.62200065834611,8.59127516034754,0.030725497998570717
6.66,2.41730025,8.610174843305815,8.59115836064964,0.01901648265617517
6.665,2.38044243,8.59926827434772,8.590075417522144,0.009192856825576357
6.67,2.34920206,8.58933579606396,8.587944690330298,0.001391105733661746
6.675,2.32485016,8.580498869139726,8.584507323985482,-0.004008454845756404
6.68,2.30844244,8.57279991956358,8.579602366564968,-0.006802447001387435
6.685,2.30056078,8.566244085298544,8.57315589011006,-0.006911804811515765
6.69,2.30154616,8.560805741698156,8.56517280031775,-0.004367058619594744
6.695,2.31129604,8.556438732288836,8.555729563059298,0.0007091692295375651
6.7,2.32933215,8.553056479227072,8.544960036671737,0.008096442555334704
6.705,2.35490971,8.550536700455396,8.533056670159967,0.017480030295429216
6.71,2.38694127,8.548777829692161,8.52018549933952,0.02859233035264097
6.715,2.42401567,8.547492188504748,8.506741658677822,0.040750529826926396
6.72,2.46452601,8.5464202428507,8.49304766649269,0.053372576358011514
6.725,2.50671326,8.556365147179942,8.490183890148975,0.06618125703096744
6.73,2.54868795,8.56610211283113,8.487543768344661,0.07855834448646881
6.735,2.58860418,8.57546120496655,8.485385065888524,0.09007613907802536
6.74,2.62468515,8.584044615542183,8.484069748950422,0.09997486659176147
6.745,2.65528251,8.59164381102796,8.483848206834782,0.10779560419317846
6.75,2.67906375,8.598195659066695,8.48481383331164,0.11338182575505584
6.755,2.69502001,8.603583896856813,8.487151793601274,0.11643210325553888
6.76,2.7025379,8.60774684708072,8.491000400929645,0.1167464461510761
6.765,2.70134481,8.610713087149549,8.496397560419647,0.11431552672990186
6.77,2.69165886,8.612583798427506,8.503280789826125,0.10930300860138153
6.775,2.6739972,8.613505142755232,8.511533002943262,0.10197213981196995
6.78,2.64924911,8.613665248105177,8.52097663789339,0.09268861021178587
6.785,2.61857169,8.613290739122508,8.531387673865858,0.08190306525665036
6.79,2.5833205,8.61261959774265,8.542494061558736,0.07012553618391415
6.795,2.54498616,8.611899705973006,8.553988581983923,0.057911123989082824
6.8,2.50515936,8.61142820063064,8.565465622143416,0.04596257848722374
6.805,2.46545766,8.609283157570793,8.574687737996483,0.03459541957431078
6.81,2.42746669,8.607699387620473,8.583346368769627,0.024353018850845842
6.815,2.39270484,8.606799064359027,8.591130052180366,0.01566901217866068
6.82,2.36254382,8.60675686438045,8.597845775778477,0.008911088601973205
6.825,2.33823016,8.607645257953527,8.60330565825022,0.004339599703307329
6.83,2.32072403,8.6095043031039,8.607374561187964,0.0021297419159367337
6.835,2.31080808,8.612347260013621,8.609980816469795,0.00236644354382598
6.84,2.30890976,8.616163147962887,8.611124156165195,0.00503899179769185
6.845,2.31520196,8.62092058332499,8.610863680154523,0.010056903170466924
6.85,2.32947594,8.626556683261771,8.609309249775091,0.017247433486680563
6.855,2.35124767,8.632975818120723,8.606619553243226,0.026356264877497537
6.86,2.37970949,8.640050062260975,8.602994492499969,0.03705556976100688
6.865,2.41371401,8.64760859193942,8.59867083282281,0.048937759116610025
6.87,2.45184326,8.655445088738047,8.593903510388007,0.06154157835003993
6.875,2.49248689,8.663325205129635,8.588964821050157,0.07436038407947798
6.88,2.53385016,8.670996528253134,8.584134743006896,0.08686178524623855
6.885,2.57410341,8.67242726999288,8.573858866125864,0.09856840386701649
6.89,2.61139719,8.673083327630836,8.564302188061347,0.10878113956948887
6.895,2.644013,8.672790310228114,8.555670560671134,0.11711974955698068
6.9,2.6704415,8.67135996884622,8.548246670193397,0.12311329865282339
6.905,2.68942055,8.668760837992831,8.542097027574819,0.12666381041801245
6.91,2.70007587,8.66488254550548,8.537474328626741,0.12740821687873805
6.915,2.70188778,8.659755102958487,8.53443927931248,0.12531582364600702
6.92,2.69474737,8.653469284918616,8.532978899888574,0.12049038503004184
6.925,2.67896995,8.646167656012805,8.53302306944637,0.11314458656643467
6.93,2.65523461,8.638039112143002,8.53443791612981,0.10360119601319084
6.935,2.62455888,8.629316942286511,8.537024831223647,0.09229211106286428
6.94,2.58828295,8.620260296935347,8.540526690013895,0.0797336069214527
6.945,2.54799931,8.611133338245327,8.544638703688573,0.0664946345567543
6.95,2.5053922,8.602191051552218,8.549023804635778,0.05316724691643948
6.955,2.46234835,8.593669630810428,8.553328877035975,0.04034075377445312
6.96,2.42076491,8.58577502569875,8.557204596203395,0.028570429495355043
6.965,2.38248574,8.58619379022487,8.567714475860836,0.018479314364034494
6.97,2.34919685,8.587510781387772,8.57730858006471,0.01020220132306271
6.975,2.32234554,8.58986360301752,8.585701784628016,0.00416181838950358
6.98,2.3032378,8.593318134124234,8.592701586832241,0.00061654729199212
6.985,2.29267331,8.597901169000362,8.59819635462808,-0.00029518562771713164
6.99,2.29118626,8.603609510672445,8.60214973702514,0.001459773647304985
6.995,2.2988598,8.610417947412232,8.604602835635133,0.005815111777099702
7.0,2.31541909,8.618291175615326,8.605619568411234,0.012671607204092439
7.005,2.34021984,8.627081174705259,8.60540652447302,0.02167465023223869
7.01,2.37227252,8.63664506606338,8.604181879101523,0.03246318696185746
7.015,2.41020292,8.646791559353138,8.602204395498765,0.04458716385437356
7.02,2.45241854,8.657282780195914,8.599766903896983,0.057515876298930735
7.025,2.49707217,8.667859272570906,8.597172151132513,0.07068712143839306
7.03,2.54225209,8.678221422892676,8.594760180473505,0.08346124241917074
7.035,2.58596221,8.688206560224291,8.592786384239002,0.09542017598528929
7.04,2.62627375,8.69744382948442,8.591570864430553,0.10587296505386767
7.045,2.66138107,8.697373533963686,8.583135219019615,0.1142383149440711
7.05,2.68973789,8.696157525143464,8.575964726283253,0.12019279886021117
7.055,2.7100903,8.693682061128591,8.57026276384004,0.12341929728855128
7.06,2.72160281,8.68989536425957,8.56617526778488,0.12372009647469007
7.065,2.72379452,8.684814849114046,8.563764356108253,0.12105049300579296
7.07,2.71668041,8.678533646550584,8.563015514179742,0.11551813237084119
7.075,2.70063923,8.671194441912004,8.563838967517421,0.10735547439458237
7.08,2.67646939,8.662989643261332,8.56607218910677,0.09691745415456232
7.085,2.6452401,8.654159210280884,8.569494085138365,0.08466512514251967
7.09,2.60831524,8.644962356824157,8.573814428620965,0.07114792820319238
7.095,2.56723638,8.635668917549543,8.578703168700851,0.05696574884869143
7.1,2.5236764,8.626535401009058,8.583795281172074,0.042740119836983226
7.105,2.47936342,8.617794829807982,8.588704152578252,0.029090677229730133
7.11,2.43604524,8.609692323243166,8.592987331923213,0.016704991319953066
7.115,2.39546889,8.602287233077107,8.59638624302517,0.005900990051936006
7.12,2.35921615,8.5957499942439,8.598630217692927,-0.002880223449027497
7.125,2.32878172,8.6003342637762,8.609652058104638,-0.009317794328438822
7.13,2.30542435,8.605936557305077,8.619097449543425,-0.013160892238348154
7.135,2.29020609,8.612580180207093,8.626835728248377,-0.014255548041283816
7.14,2.28379984,8.620265908280077,8.632820582331808,-0.012554674051731496
7.145,2.28661475,8.628980587098017,8.637083983588958,-0.008103396490941606
7.15,2.29864806,8.638687006727293,8.639725094158393,-0.00103808743110001
7.155,2.31955149,8.649312038239826,8.640894694236835,0.0084173440029911
7.16,2.34859899,8.660742572174724,8.640816149226586,0.019926422948138622
7.165,2.38458266,8.67282105877613,8.639754663772882,0.033066395003247706
7.17,2.42610392,8.685337268983321,8.638009429613962,0.047327839369359026
7.175,2.47138835,8.698114448895478,8.63580925066211,0.062305198233367776
7.18,2.51844718,8.710740781510225,8.633644978831702,0.07709580267852267
7.185,2.56521854,8.722965007965724,8.631802574469782,0.091162433495942
7.19,2.60961266,8.734532364205727,8.63063301467921,0.10389934952651636
7.195,2.64964356,8.745143741694005,8.630382399504763,0.11476134218924194
7.2,2.68347175,8.754566054379257,8.631327578034941,0.12323847634431573
7.205,2.70953604,8.742129277370719,8.613518021366788,0.1286112560039303
7.21,2.72671252,8.728279320080889,8.597410917218447,0.1308684028624416
7.215,2.73416379,8.71300739286388,8.583133940678607,0.12987345218527224
7.22,2.73152976,8.696391540057823,8.570719143944816,0.12567239611300707
7.225,2.71893686,8.678574378829362,8.560124341744332,0.11845003708502944
7.23,2.69692813,8.659752974896548,8.551231310413105,0.10852166448344391
7.235,2.66642697,8.640179135513744,8.543843697838424,0.09633543767531982
7.24,2.62874575,8.620136855843063,8.537697733022222,0.08243912282084054
7.245,2.58552383,8.599926195419116,8.532467440405844,0.0674587550132717
7.25,2.53867221,8.57984281343149,8.527784926137345,0.05205788729414529
7.255,2.49019743,8.56016234368507,8.523243564617953,0.0369187790671166
7.26,2.44226369,8.541130347823575,8.518426787134281,0.022703560689294022
7.265,2.39698968,8.522951593631397,8.512940597338108,0.010010996293289054
7.27,2.35645739,8.505807167346967,8.506343550140729,-0.0005363827937614474
7.275,2.32240977,8.489757932127725,8.49855820047094,-0.008800268343215123
7.28,2.29634179,8.474914572414692,8.489301076420341,-0.01438650400564967
7.285,2.27942921,8.48577608217357,8.502909850152008,-0.017133767978437575
7.29,2.27240326,8.497874964441072,8.514791292130512,-0.01691632768944018
7.295,2.27557377,8.51121353915799,8.524930298403754,-0.013716759245763654
7.3,2.28875776,8.525737354937613,8.533404284315615,-0.007666929378002507
7.305,2.31140022,8.541351670152217,8.540370817155226,0.0009808529969905777
7.31,2.34251008,8.557925569823015,8.546054398652895,0.011871171170119155
7.315,2.3807225,8.57527856403592,8.550728426118912,0.02455013791700722
7.32,2.42439144,8.59317605569899,8.554709600243083,0.03846645545590732
7.325,2.47160733,8.611340644932088,8.558338047580952,0.05300259735113677
7.33,2.52031216,8.629482239722915,8.561960996963007,0.06752124275990745
7.335,2.5684651,8.64733233198902,8.565962334550203,0.08136999743881645
7.34,2.61398759,8.664561220781415,8.570627392351875,0.0939338284295399
7.345,2.65491948,8.68090332756508,8.576271917397518,0.10463141016756161
7.35,2.68952465,8.696142700662707,8.58318013019702,0.1129625704656867
7.355,2.7163828,8.71011870120892,8.591590764960577,0.11852793624834312
7.36,2.73434576,8.722734112085808,8.601703545142145,0.12103056694366288
7.365,2.74272677,8.713845209005601,8.59380728415422,0.1200379248513812
7.37,2.74122149,8.703617909968987,8.587750594143243,0.11586731582574394
7.375,2.73004865,8.692183627706852,8.583485569052,0.10869805865485205
7.38,2.70981385,8.6797190911765,8.5808808492591,0.09883824191739876
7.385,2.68146456,8.666456106706582,8.579734318451036,0.08672178825554511
7.39,2.64625489,8.65266443706525,8.579769843772787,0.07289459329246206
7.395,2.60571199,8.638624511356959,8.58064590607387,0.05797860528308796
7.4,2.56152667,8.624612181652541,8.581987004303304,0.042625177349236765
7.405,2.51541572,8.610885581341002,8.583387761899042,0.027497819441959948
7.41,2.46923464,8.597669675033723,8.58442282575235,0.013246849281372874
7.415,2.4247839,8.58521678262348,8.58459764206842,0.0006191405550595164
7.42,2.38381614,8.573508163028238,8.583713754831575,-0.010205591803336134
7.425,2.34798395,8.562744110921033,8.581449922666382,-0.01870581174534891
7.43,2.31873964,8.552989831033104,8.577580275542939,-0.024590444509835052
7.435,2.29733713,8.544277018776476,8.571923069724928,-0.027646050948451517
7.44,2.28470889,8.53660962429394,8.564377412008824,-0.027767787714884307
7.445,2.28144556,8.5434752541416,8.568468493032178,-0.024993238890578695
7.45,2.28782148,8.551357777950551,8.570716596313638,-0.019358818363086172
7.455,2.30362706,8.560210855442481,8.571250164460666,-0.011039309018185506
7.46,2.32827096,8.569951201155998,8.570274959043159,-0.0003237578871608804
7.465,2.36080962,8.580452665127154,8.56806511537839,0.012387549748764215
7.47,2.39988718,8.591531658191803,8.564933150609813,0.02659850758199056
7.475,2.44388595,8.602960695150639,8.56122178002585,0.04173891512478889
7.48,2.49095327,8.614542863282349,8.557192381286635,0.05735048199571402
7.485,2.53903692,8.6258727916562,8.553369809168919,0.07250298248728093
7.49,2.58608759,8.636722909736894,8.55010574682135,0.08661716291554455
7.495,2.63003473,8.646782755068418,8.547671103357763,0.09911165171065583
7.5,2.66897478,8.65581132020348,8.546372296783325,0.10943902342015477
7.505,2.70117919,8.6636110265828,8.546487188202981,0.11712383837981832
7.51,2.72520405,8.670049994933748,8.548250944533354,0.1217990504003943
7.515,2.73997619,8.675070436464795,8.551859272372722,0.12321116409207278
7.52,2.74478806,8.678687094349604,8.557411266925374,0.12127582742422938
7.525,2.73938201,8.659646355250986,8.543861366283911,0.11578498896707501
7.53,2.7239649,8.639532361329477,8.532250610904224,0.10728175042525301
7.535,2.6991794,8.618562321513775,8.522432148864233,0.09613017264954138
7.54,2.66602329,8.597001915609564,8.514177583856409,0.08282433175315518
7.545,2.62594869,8.575144529367764,8.507180998855398,0.06796353051236537
7.55,2.58065368,8.553288342691737,8.501080073329135,0.05220826936260181
7.555,2.53208876,8.531720669181196,8.495473748913685,0.03624692026751042
7.56,2.48233879,8.51070571545835,8.489932121198436,0.02077359425991432
7.565,2.43362104,8.49046916651243,8.48401443950693,0.006454727005499095
7.57,2.38805601,8.471199638060932,8.477217438147918,-0.006017800086985048
7.575,2.34765996,8.453004544315544,8.469342993018811,-0.016338448703267616
7.58,2.31428887,8.435993417403274,8.460121217178157,-0.024127799774882774
7.585,2.28940956,8.42021664723048,8.449291395503117,-0.02907474827263634
7.59,2.27413825,8.4056876335497,8.436686867096322,-0.030999233546621596
7.595,2.26924196,8.392390747075554,8.422241118384331,-0.029850371308777213
7.6,2.27490437,8.380323335914897,8.405959615703429,-0.025636279788532335
7.605,2.29089279,8.397628924826304,8.416254301206557,-0.0186253763802533
7.61,2.31651116,8.415990483556534,8.424968994842816,-0.008978511286281687
7.615,2.35059378,8.4352651285789,8.432353326553272,0.0029118020256273525
7.62,2.39161626,8.45525230516261,8.43870711727415,0.016545187888459267
7.625,2.43773144,8.475702219240631,8.444374519644565,0.03132769959606563
7.63,2.48695613,8.496328305504484,8.449721815817698,0.046606489686785935
7.635,2.53709594,8.51683222419611,8.455122525016893,0.061709699179216315
7.64,2.5860752,8.536939080894244,8.460986783897324,0.07595229699692041
7.645,2.63170389,8.556321331548158,8.46761695639202,0.08870437515613894
7.65,2.67212992,8.57472006797275,8.475328664313738,0.09939140365901267
7.655,2.7056415,8.591934425386562,8.484398512510293,0.10753591287626918
7.66,2.73083724,8.607820826301513,8.495062037003818,0.11275878929769512
7.665,2.74674542,8.622308182417093,8.5075123556117,0.11479582680539302
7.67,2.75272806,8.635398104469758,8.521852136633864,0.11354596783589344
7.675,2.74871184,8.647173891684648,8.53809500223192,0.10907888945272859
7.68,2.7350135,8.657775750627625,8.556178831288515,0.10159691933911041
7.685,2.71237029,8.649794128917652,8.558554996623547,0.09123913229410441
7.69,2.6818466,8.641053161900736,8.56234690174211,0.0787062601586257
7.695,2.64481433,8.631829542705844,8.56725591710053,0.06457362560531443
7.7,2.60285639,8.622407957709699,8.572922355955429,0.04948560175427019
7.705,2.55766089,8.61306033908704,8.578955882355082,0.034104456731958166
7.71,2.51100283,8.604034653070011,8.584944226535317,0.01909042653469406
7.715,2.46470411,8.595549911737699,8.59045864807892,0.005091263658778544
7.72,2.42059451,8.587844812081697,8.595006349952344,-0.00716153787064755
7.725,2.3803988,8.580890841659123,8.598389743772568,-0.01749890211344507
7.73,2.34570823,8.574880029950117,8.60030532256135,-0.025425292611233274
7.735,2.31790842,8.569870313586001,8.600531639402782,-0.03066132581678005
7.74,2.29819405,8.565891005364064,8.598904018139303,-0.03301301277523905
7.745,2.28736789,8.562947257771736,8.595343216487658,-0.032395958715921935
7.75,2.28595349,8.56103363349329,8.589857652414985,-0.028824018921694616
7.755,2.2940133,8.56012196844074,8.582537445554742,-0.022415477114002158
7.76,2.31126861,8.560158298536882,8.57354413496294,-0.013385836426058617
7.765,2.3370521,8.568393256206546,8.570461884237696,-0.002068628031150155
7.77,2.37026049,8.577351217506408,8.566230071344602,0.011121146161805484
7.775,2.40953145,8.586839093415902,8.561180946494316,0.025658146921585967
7.78,2.45324717,8.59662112524938,8.555667449279696,0.0409536759696838
7.785,2.49951426,8.606437014021767,8.55005216104751,0.056384852974256106
7.79,2.54650424,8.616054331745318,8.544629626918454,0.07142470482686392
7.795,2.59195269,8.625163241287083,8.539872534082184,0.08529070720489962
7.8,2.63419529,8.633453386942433,8.53606978319143,0.09738360375100363
7.805,2.67132593,8.640721591278488,8.533478730385644,0.1072428608928444
7.81,2.70178632,8.646797798365874,8.532346365780215,0.11445143258565871
7.815,2.724215,8.651571143113731,8.532887604992165,0.11868353812156585
7.82,2.73767252,8.655000944696798,8.535270466123666,0.1197304785731319
7.825,2.74150587,8.657115305335212,8.539570682366683,0.11754462296852886
7.83,2.73557225,8.658015004609101,8.54579214006737,0.11222286454173158
7.835,2.7201344,8.657851580128401,8.553867332682264,0.10398424744613699
7.84,2.69581452,8.656827706096381,8.56365128126833,0.09317642482805155
7.845,2.66364996,8.638462811061727,8.55835027422168,0.08011253684004593
7.85,2.62495654,8.619817843731484,8.55424271721634,0.06557512651514408
7.855,2.58142794,8.60117522131433,8.550973903671718,0.05020131764261215
7.86,2.53475662,8.582809449935718,8.54816035935275,0.03464909058296861
7.865,2.48691814,8.564969363762044,8.545381140942306,0.019588222819738377
7.87,2.43987606,8.547872988502327,8.542213603667735,0.005659384834592274
7.875,2.3955782,8.531689975491817,8.538268873319733,-0.006578897827916208
7.88,2.35591889,8.516558816051816,8.53310370209238,-0.016544886040563256
7.885,2.32259431,8.502524046908196,8.526655615685346,-0.02413156877715039
7.89,2.29702434,8.489669308341046,8.518643395821355,-0.028974087480309052
7.895,2.28039826,8.478011852472463,8.508896236724249,-0.0308843842517863
7.9,2.27347148,8.467535693864392,8.49734145897166,-0.029805765107267845
7.905,2.27666911,8.458212793234143,8.483993973386676,-0.025781180152533167
7.91,2.28983978,8.449984894714001,8.468948419969314,-0.01896352525531242
7.915,2.31254642,8.442810754401199,8.452321703929705,-0.009510949528506174
7.92,2.34387938,8.436490207800448,8.434424090918338,0.002066116882110336
7.925,2.38253168,8.451910198121722,8.43655575577918,0.015354442342541574
7.93,2.42687821,8.467818200955403,8.43797419854043,0.029844002414971982
7.935,2.47505161,8.483956319365078,8.439025589875657,0.044930729489420784
7.94,2.52496036,8.500043433004603,8.44005941106595,0.05998402193865182
7.945,2.57445057,8.51579438064239,8.441426399749822,0.07436798089256769
7.95,2.62137273,8.530951976437793,8.44350378651074,0.08744818992705206
7.955,2.66358171,8.54521272300447,8.446545251719218,0.09866747128525155
7.96,2.69919563,8.558347917911073,8.450815957886878,0.10753196002419507
7.965,2.72660485,8.570187321501313,8.456551870718899,0.11363545078241444
7.97,2.74464031,8.580628072530612,8.463947029945077,0.11668104258553491
7.975,2.75253966,8.589633780659069,8.47312967029255,0.11650411036651853
7.98,2.7500365,8.597255733407463,8.48412420613905,0.11313152726841302
7.985,2.73740281,8.603610190118328,8.496883385198327,0.10672680492000097
7.99,2.71530768,8.608866759997998,8.51127861157441,0.0975881484235881
7.995,2.68485014,8.61325136537596,8.527109221076445,0.08614214429951517
8.0,2.64741041,8.61703389312768,8.544095719283746,0.07293817384393364
8.005,2.60466709,8.61668176744693,8.558107397876483,0.05857436957044726
8.01,2.55834769,8.616290999813208,8.572544270010585,0.0437467298026224
8.015,2.51035252,8.61613092361349,8.58700207488829,0.029128848725200385
8.02,2.46256749,8.616445254310282,8.601066000438259,0.015379253872023213
8.025,2.41691503,8.617486642267501,8.614275376236654,0.003211266030847426
8.03,2.37519668,8.619291118423186,8.626376100267095,-0.007084981843908267
8.035,2.33910571,8.622037971360452,8.637116386191067,-0.015078414830615117
8.04,2.31013772,8.625814186799229,8.646256487112595,-0.020442300313366246
8.045,2.28949271,8.630660917040977,8.653629294400789,-0.022968377359811498
8.05,2.27815199,8.636598715360096,8.659146661809975,-0.022547946449879674
8.055,2.2766246,8.643626885295701,8.662809862340541,-0.0191829770448404
8.06,2.28502786,8.651723087856833,8.664695841859073,-0.01297275400223974
8.065,2.30311228,8.660830705369719,8.66495050486711,-0.004119799497390275
8.07,2.33017845,8.670851048559902,8.663786278589765,0.007064769970137164
8.075,2.36507954,8.68163288508,8.66147790212289,0.020154982957111045
8.08,2.40637882,8.692976070455947,8.65833164748024,0.034644422975706135
8.085,2.45227777,8.698216272306167,8.648201963417279,0.05001430888888869
8.09,2.50077357,8.70346182087681,8.637928678966224,0.06553314191058668
8.095,2.54972639,8.708384552347974,8.627896512448332,0.0804880398996417
8.1,2.59700594,8.712731523881102,8.61846319985113,0.0942683240299722
8.105,2.64042464,8.716189653985513,8.609887898299858,0.1063017556856547
8.11,2.67810596,8.718512836182862,8.602462409902083,0.1160504262807791
8.115,2.70834845,8.71952020449862,8.596447912414266,0.12307229208435366
8.12,2.72984505,8.719092949585656,8.592061811343168,0.12703113824248824
8.125,2.74162353,8.717190695362348,8.589471196964281,0.12771949839806673
8.13,2.74327311,8.713853219805252,8.588749338766743,0.125103881038509
8.135,2.73478926,8.709197334189222,8.589890617906091,0.1193067162831305
8.14,2.71669482,8.703400512039694,8.592812241933627,0.1105882701060672
8.145,2.68991801,8.696690176838858,8.597349320417338,0.09934085642152013
8.15,2.65569149,8.689342266453307,8.603262520323,0.08607974613030756
8.155,2.61560012,8.681657726921049,8.61024037401567,0.07141735290537987
8.16,2.57147684,8.673938085638774,8.617927155861329,0.05601092977744493
8.165,2.52515515,8.663025188453084,8.622506968791667,0.040518219661416666
8.17,2.47861203,8.65263568822938,8.626994478225585,0.025641210003794157
8.175,2.43378783,8.64299348647583,8.630991663529105,0.012001822946725582
8.18,2.39255682,8.634281048258032,8.634059016780995,0.0002220314770369214
8.185,2.35656913,8.626613556144045,8.636005566853237,-0.009392010709191823
8.19,2.32729466,8.620087883530807,8.63663293733464,-0.0165450538038332
8.195,2.30591329,8.614752300552336,8.63571414748407,-0.02096184693173342
8.2,2.29327293,8.61061738285823,8.63312798943596,-0.02251060657773074
8.205,2.28987924,8.60766522231979,8.62884611357076,-0.021180891250969225
8.21,2.29581926,8.605851099407886,8.622921256981156,-0.01707015757327035
8.215,2.31081535,8.605103791088766,8.615470814142693,-0.010367023053927227
8.22,2.33415141,8.605324243921938,8.60665623373677,-0.0013319898148314024
8.225,2.36502837,8.606393615279696,8.596674845804271,0.009718769475425049
8.23,2.40191037,8.608051968205327,8.585879601915028,0.02217236629029884
8.235,2.4432613,8.61002547780352,8.574614934692725,0.03541054311079428
8.24,2.48722201,8.612156905292277,8.56307788177431,0.049079023517967
8.245,2.53183873,8.618187142929202,8.55559168968927,0.06259545323993088
8.25,2.57510498,8.623914548270873,8.548414605595164,0.07549994267570881
8.255,2.6150203,8.62888674286297,8.541936037044435,0.08695070581853592
8.26,2.64979775,8.632911160793949,8.53636421658828,0.09654694420566834
8.265,2.67789985,8.635757271688322,8.53196872904646,0.10378854264186188
8.27,2.69810379,8.637391603921573,8.528819421940028,0.10857218198154506
8.275,2.70962143,8.637710560095782,8.527078856086481,0.11063170400930034
8.28,2.71204311,8.636680182332324,8.526849257199352,0.10983092513297166
8.285,2.70541734,8.634382051750931,8.528100981938632,0.10628106981229912
8.29,2.69022216,8.630949134480035,8.53073877035175,0.10021036412828543
8.295,2.6672824,8.626559612084264,8.534607287117005,0.09195232496725936
8.3,2.63778016,8.621439092411395,8.539491274161005,0.08194781825038966
8.305,2.60308751,8.615831899433752,8.545133010779939,0.0706988886538138
8.31,2.56475821,8.609994887957793,8.551234808453822,0.058760079503970886
8.315,2.52449287,8.604208574165012,8.557448316408513,0.04676025775649961
8.32,2.48396397,8.598719309181638,8.563430351660392,0.035288957521245834
8.325,2.44489919,8.599356151962388,8.57464002699802,0.02471612496436748
8.33,2.4088589,8.600618118590743,8.585080263187901,0.015537855402842027
8.335,2.37727461,8.602609090018714,8.5944791358204,0.008129954198313527
8.34,2.35141977,8.605486120718837,8.602673244352225,0.0028128763666117607
8.345,2.33230229,8.609306739504284,8.609515216510037,-0.00020847700575288286
8.35,2.32068866,8.614097046579465,8.614917101151782,-0.0008200545723173747
8.355,2.31701619,8.619854255330015,8.618858178336904,0.0009960769931112168
8.36,2.32143895,8.626549670565906,8.621381121000592,0.0051685495653135405
8.365,2.33378234,8.634134258727817,8.622581454224239,0.011552804503578429
8.37,2.353537,8.642518335700954,8.62260499571522,0.019913339985734524
8.375,2.37992249,8.651586455826063,8.621641374618708,0.029945081207355173
8.38,2.41183786,8.661181372908908,8.619920410576366,0.04126096233254195
8.385,2.44792767,8.671110019518634,8.617693276479107,0.05341674303952715
8.39,2.48661431,8.681150300746204,8.61523125489002,0.0659190458561838
8.395,2.52620131,8.691060626265767,8.612816680802494,0.07824394546327262
8.4,2.56487618,8.700673970851993,8.610693224661473,0.08998074619051977
8.405,2.60087879,8.696562100657061,8.59633819947332,0.1002239011837407
8.41,2.63254273,8.691564872409181,8.582943086687942,0.1086217857212386
8.415,2.65836895,8.685579501113551,8.570645795118928,0.11493370599462338
8.42,2.67718556,8.67848711277473,8.559639195142735,0.11884791763199587
8.425,2.68810122,8.670210082086603,8.5501146060209,0.12009547606570337
8.43,2.69065655,8.660757916574784,8.542169427616427,0.11858848895835727
8.435,2.68469586,8.650214755059414,8.535780449440418,0.11443430561899604
8.44,2.67060126,8.638714589140612,8.530872267051615,0.10784232208899702
8.445,2.64902131,8.626433606175357,8.527308505613966,0.09912510056139112
8.45,2.62095503,8.61358965808398,8.524891787326254,0.08869787075772528
8.455,2.58770395,8.600427572297361,8.5233726644183,0.07705490787906122
8.46,2.55075297,8.587201633454926,8.522455767082919,0.0647458663720073
8.465,2.51176521,8.574152962861628,8.521815771932923,0.05233719092870537
8.47,2.47242336,8.561505701900096,8.521122353235684,0.0403833486644114
8.475,2.43443722,8.54948853002483,8.520014193789452,0.029474336235377763
8.48,2.39945084,8.538191256527941,8.518212236594762,0.019979019933179742
8.485,2.36893574,8.540790704988035,8.52853980134617,0.012250903641865207
8.49,2.34422593,8.54436331692739,8.537783267588319,0.006580049339071081
8.495,2.32636009,8.548960482560826,8.545754329563094,0.0032061529977323033
8.5,2.31608363,8.554605736314956,8.552348389146653,0.00225734716830317
8.505,2.31383694,8.561288791864001,8.55752976459059,0.003759027273410709
8.51,2.31970496,8.56898253234477,8.5613321152497,0.007650417095069528
8.515,2.33345083,8.577623564874063,8.563846289992433,0.013777274881629609
8.52,2.35444326,8.587112062195729,8.565216149529286,0.02189591266644264
8.525,2.38185065,8.597322192366365,8.56563652092036,0.03168567144600409
8.53,2.41447747,8.60812450266408,8.565290424233552,0.042834078430527
8.535,2.45094984,8.61921069881229,8.564571968624048,0.054638730188242945
8.54,2.48965756,8.630421573146423,8.563668825894284,0.06675274725213853
8.545,2.52892839,8.64151971512647,8.562862022655938,0.07865769247053223
8.55,2.56699,8.652349057106935,8.56240254500172,0.08994651210521454
8.555,2.60217441,8.662525656367148,8.562643317281502,0.09988233908564581
8.56,2.6328687,8.67184323325801,8.563838364506248,0.10800486875176141
8.565,2.65769127,8.6690079744005,8.555041410954825,0.11396656344567546
8.57,2.67569069,8.665105545804861,8.547521695472907,0.11758385033195395
8.575,2.68569965,8.660073710993405,8.541408125863247,0.11866558513015768
8.58,2.68769754,8.653901465689556,8.536793340973283,0.11710812471627285
8.585,2.68153173,8.646674322677452,8.533630235180679,0.11304408749677286
8.59,2.66759091,8.63851552311192,8.53182338725075,0.1066921358611701
8.595,2.64651053,8.62959401483136,8.531226772006562,0.09836724282479814
8.6,2.61933889,8.620114836641488,8.531640305757266,0.08847453088422164
8.605,2.58723023,8.610302583815301,8.532819292910464,0.07748329090483708
8.61,2.55160326,8.600389998663829,8.534478933879074,0.06591106478475517
8.615,2.51422472,8.590614102660833,8.536300437711052,0.05431366494978107
8.62,2.47580321,8.581230548537073,8.537908437769936,0.043322110767137545
8.625,2.43872074,8.572320004691683,8.539137216410271,0.033182788281411746
8.63,2.40420726,8.564080071974134,8.53966085085255,0.024419221121583234
8.635,2.3736557,8.556596825368928,8.539226479302865,0.01737034606606258
8.64,2.34826228,8.550009753132892,8.537671206997931,0.012338546134960993
8.645,2.32909465,8.556500070633238,8.546964542858962,0.009535527774275465
8.65,2.31698593,8.563968573135496,8.554911916781606,0.009056656353889636
8.655,2.31245129,8.572411933924363,8.561479461466396,0.010932472457966469
8.66,2.31579286,8.581809008146596,8.566695805445974,0.015113202700621997
8.665,2.32694353,8.592109029201193,8.57064515528734,0.02146387391385396
8.67,2.34558243,8.603227299005054,8.573457064739074,0.029770234265980022
8.675,2.37102173,8.615053803204464,8.57530952455818,0.039744278646283604
8.68,2.40228984,8.627433575337365,8.576415130404927,0.051018444932438456
8.685,2.4380982,8.64017309321851,8.577013892643503,0.06315920057500612
8.69,2.47692835,8.653049065860994,8.577359513159866,0.0756895527011281
8.695,2.51709692,8.665810404596261,8.577719025685166,0.08809137891109486
8.7,2.55677392,8.678294846672445,8.578326417001241,0.099968429671204
8.705,2.5941418,8.690088928547944,8.579528928415668,0.11056000013227596
8.71,2.62748074,8.701003681867778,8.58152879606858,0.11947488579919785
8.715,2.65521507,8.71082807823876,8.584598646510155,0.12622943172860523
8.72,2.67606194,8.71950188182354,8.5888446835454,0.13065719827813993
8.725,2.68902449,8.70486930893731,8.572799056211043,0.13207025272626716
8.73,2.69352021,8.688989907294644,8.558297941501365,0.1306919657932788
8.735,2.68928418,8.671937775638991,8.545340957651733,0.12659681798725764
8.74,2.67652834,8.653846804350511,8.533871529224449,0.11997527512606254
8.745,2.65579801,8.634888685566175,8.523773185391759,0.11111550017441552
8.75,2.62794682,8.61528774694007,8.514870415573466,0.10041733136660369
8.755,2.59419165,8.595296140353806,8.50692980336971,0.08836633698409635
8.76,2.55599526,8.575173232085383,8.499667527423528,0.07550570466185569
8.765,2.51499186,8.555177042031055,8.492766765022468,0.06241027700858659
8.77,2.47294386,8.535545599840097,8.485888607478476,0.04965699236162102
8.775,2.43171409,8.516488386594633,8.478696574667536,0.037791811927096575
8.78,2.39317027,8.49820529485259,8.470786784658001,0.02741851019458963
8.785,2.35899931,8.480801507847147,8.462040572929014,0.018760934918132577
8.79,2.33076167,8.464407917781857,8.452207324115925,0.012200593665932402
8.795,2.30974645,8.449099333014281,8.44108006009437,0.008019272919911558
8.8,2.29691819,8.43491197848206,8.42854101216288,0.006370966319179772
8.805,2.2929157,8.447377665301163,8.44005094824934,0.007326717051823195
8.81,2.29793949,8.460948570677619,8.450112041659594,0.010836529018025232
8.815,2.31176866,8.475601853466323,8.45877302517253,0.016828828293792952
8.82,2.33393458,8.491224652908645,8.466205260087529,0.025019392821116426
8.825,2.36346787,8.50768611514379,8.472614829784677,0.035071285359112636
8.83,2.3991411,8.524814778035045,8.478246812086972,0.04656796594807311
8.835,2.43944359,8.542388383387038,8.483379435059984,0.05900894832705461
8.84,2.48260391,8.560157271308752,8.488311722260216,0.07184554904853613
8.845,2.5267714,8.5778554082058,8.493346727510731,0.0845086806950679
8.85,2.57000142,8.595240524823916,8.498826908067995,0.09641361675592108
8.855,2.61040987,8.612012874344833,8.504995589072458,0.10701728527237542
8.86,2.64621198,8.627935363567257,8.512134110368567,0.11580125319868984
8.865,2.67585489,8.642820207068212,8.520495821507795,0.12232438556041636
8.87,2.69806601,8.656535176978373,8.530299191637674,0.12623598534069913
8.875,2.71191507,8.669010869217852,8.541712314087517,0.12729855513033428
8.88,2.71684066,8.680241265401671,8.554828834834096,0.12541243056757523
8.885,2.71269976,8.668326667959747,8.54799794623211,0.12032872172763653
8.89,2.69975036,8.65536475392452,8.542794106226012,0.112570647698508
8.895,2.6786717,8.641540401426376,8.539078996242802,0.10246140518357372
8.9,2.65036847,8.627082452400298,8.536653879234054,0.09042857316624442
8.905,2.61610099,8.612244935971889,8.535255082938475,0.07698985303341388
8.91,2.57728282,8.59729415726319,8.534569270668804,0.06272488659438658
8.915,2.53551461,8.58248666071227,8.53425250169553,0.04823415901674011
8.92,2.49245577,8.568055842131228,8.533927042439412,0.034128799691815814
8.925,2.44978243,8.554226189853127,8.533187738576098,0.02103845127702897
8.93,2.40917795,8.54116853737389,8.531674886844694,0.009493650529195818
8.935,2.37231409,8.52890713470537,8.529164423322962,-0.00025728861759155564
8.94,2.34065876,8.517615718806114,8.525395241651902,-0.007779522845787312
8.945,2.31552417,8.507347046714276,8.520153934027569,-0.012806887313292492
8.95,2.29805974,8.498119684609536,8.513280821259713,-0.015161136650176488
8.955,2.28905316,8.489926514831494,8.504692588273798,-0.014766073442304517
8.96,2.28901948,8.482750389507812,8.494387860545089,-0.01163747103727708
8.965,2.2980807,8.493074299734515,8.498967802032723,-0.00589350229820873
8.97,2.31600812,8.504316768706849,8.502000877744392,0.00231589096245699
8.975,2.34216023,8.516383242087937,8.503680932476716,0.012702309611221096
8.98,2.37556908,8.529133414927445,8.504255225868667,0.024878189058778588
8.985,2.41481999,8.542376224125526,8.504015127649032,0.03836109647649444
8.99,2.45834327,8.555933886632939,8.503214262634089,0.05271962399885055
8.995,2.5042486,8.569470549458856,8.502269625087022,0.06720092437183389
9.0,2.55053024,8.582695151415427,8.50153164020449,0.08116351121093679
9.005,2.59519257,8.59537033610524,8.501357633425142,0.09401270268009831
9.01,2.63621033,8.607196869592872,8.502005322861887,0.10519154673098541
9.015,2.67180791,8.617944800702972,8.503764312645215,0.11418048805775705
9.02,2.70034164,8.62743719495274,8.506899128637736,0.12053806631500485
9.025,2.72053153,8.635560445542389,8.511632118770667,0.12392832677172194
9.03,2.73145968,8.642276731067968,8.518125427076695,0.1241513039912725
9.035,2.73258504,8.647625351583772,8.526451004646798,0.12117434693697327
9.04,2.72380693,8.651720164048788,8.536607643590264,0.11511252045852416
9.045,2.70552903,8.6337784104182,8.527817116770338,0.10596129364786222
9.05,2.67848123,8.615027768151233,8.520616988674124,0.09441077947710852
9.055,2.64380621,8.59574143396383,8.514763102997568,0.08097833096626239
9.06,2.60298808,8.576208855265492,8.509942151784132,0.0662667034813591
9.065,2.55782382,8.556719276329122,8.50579352291975,0.050925753409371666
9.07,2.51026814,8.53755119323219,8.501927252824046,0.03562394040814354
9.075,2.46238505,8.518952050026044,8.497920608370352,0.021031441655692262
9.08,2.41634516,8.50113329260213,8.493367224183103,0.00776606841902705
9.085,2.37418224,8.48428202408642,8.487787121128697,-0.0035050970422769723
9.09,2.33778735,8.468470115743196,8.48109210754258,-0.01262199179938328
9.095,2.30872062,8.453820151684186,8.472984064837124,-0.01916391315293886
9.1,2.28834941,8.440375704082234,8.46325854979968,-0.022882845717445477
9.105,2.27752243,8.428146343017183,8.451801621504924,-0.02365527848774107
9.11,2.27673597,8.417124425806096,8.438585095428499,-0.021460669622403117
9.115,2.28599052,8.407274318127579,8.423658508752272,-0.016384190624693318
9.12,2.30492689,8.398504030006556,8.407162328281832,-0.0086582982752752
9.125,2.3326939,8.416796542210955,8.41540057803368,0.0013959641772753884
9.13,2.36806929,8.435928057910441,8.422511231602893,0.013416826307548035
9.135,2.40947615,8.455686202560312,8.428796508409045,0.026889694151266852
9.14,2.45513806,8.47581500232574,8.43458950122044,0.04122550110530021
9.145,2.5030145,8.496031000817034,8.440239305706719,0.05579169511031523
9.15,2.55108599,8.516041366647212,8.446099044122642,0.06994232252456989
9.155,2.59726848,8.53558312924534,8.452552959494765,0.08303016975057531
9.16,2.63959554,8.554346088912176,8.459870721192127,0.09447536772004916
9.165,2.67629219,8.572096912218448,8.468342553637703,0.10375435858074589
9.17,2.70581126,8.588655747379839,8.478223948815865,0.11043179856397423
9.175,2.72697723,8.603907969780295,8.48972664389908,0.11418132588121388
9.18,2.73891732,8.617807578625296,8.503011949408721,0.11479562921657482
9.185,2.74121215,8.630385535186665,8.518139588134543,0.11224594705212176
9.19,2.73391768,8.641743928406406,8.535100504936752,0.10664342346965405
9.195,2.71749561,8.652031928914262,8.553806020512214,0.09822590840204803
9.2,2.69274271,8.661453376768783,8.57409311966575,0.08736025710303252
9.205,2.66077347,8.651625442180972,8.577250420759874,0.07437502142109764
9.21,2.62300969,8.641435235010702,8.581364223088753,0.060071011921948525
9.215,2.58099962,8.631156383711732,8.58607789264936,0.045078491062371384
9.22,2.53644534,8.621045425465443,8.591000502017108,0.03004492344833487
9.225,2.49109856,8.611332291285002,8.595718238915063,0.015614052369938847
9.23,2.44671849,8.602261375114876,8.599750148702894,0.0025112264119826477
9.235,2.40501727,8.593916841533284,8.602824098868316,-0.00890725733503217
9.24,2.36771979,8.586366484992935,8.604604073002683,-0.018237588009748507
9.245,2.33627393,8.579760058785837,8.604851176922853,-0.025091118137016366
9.25,2.31195985,8.574141366842742,8.603367019241674,-0.0292256523989316
9.255,2.29585243,8.569527790422912,8.600014089941093,-0.030486299518180715
9.26,2.28866338,8.565916372671058,8.594740950679075,-0.028824578008016744
9.265,2.29074083,8.56329518118842,8.587579378161607,-0.024284196973185956
9.27,2.30210586,8.561629776788923,8.57863880983004,-0.01700903304111634
9.275,2.32233681,8.560854907864712,8.568096380426788,-0.007241472562075302
9.28,2.35067841,8.560866409560969,8.556212279666036,0.004654129894932524
9.285,2.38593328,8.568462717597932,8.550234046249056,0.018228671348875736
9.29,2.42670184,8.576491668006742,8.54354238729511,0.032949280711632056
9.295,2.47127378,8.584710794990428,8.536494717188464,0.04821607780196402
9.3,2.51775507,8.592904316692916,8.52938107862868,0.06352323806423676
9.305,2.56417052,8.600680682753637,8.522722940757566,0.0779577419960713
9.31,2.60853427,8.607897035712831,8.516756881533032,0.09114015417979893
9.315,2.64888969,8.614189107104483,8.511852659679082,0.10233644742540093
9.32,2.68352486,8.619372670096618,8.508251442926055,0.11112122717056394
9.325,2.71086609,8.623295089225781,8.506196900309448,0.11709818891633361
9.33,2.72970581,8.625870210459928,8.505895491799118,0.11997471866081
9.335,2.73914451,8.627083786782373,8.507488610154724,0.11959517662764974
9.34,2.73868869,8.626996763305844,8.511023535867057,0.11597322743878635
9.345,2.72836212,8.62573756643662,8.516474039418016,0.10926352701860331
9.35,2.70852016,8.623482326365986,8.523733671901669,0.09974865446431735
9.355,2.68003009,8.620459487491372,8.532627079730904,0.08783240776046775
9.36,2.64404359,8.616938195237854,8.542893357975766,0.07404483726208788
9.365,2.60211399,8.603065606878506,8.544133911517232,0.05893169536127374
9.37,2.55602496,8.589298852573728,8.546033865072346,0.043264987501382635
9.375,2.50766994,8.575906870128863,8.548185790338145,0.027721079790717695
9.38,2.45914733,8.563131012111771,8.550149627254513,0.01298138485725886
9.385,2.41256648,8.551172209587508,8.551505717236775,-0.00033350764926787235
9.39,2.36993846,8.540202229755185,8.551759147193918,-0.01155691743873355
9.395,2.33313188,8.530285449086927,8.550816387725515,-0.020530938638588125
9.4,2.30377219,8.521527252161908,8.548362627625027,-0.026835375463118538
9.405,2.28321787,8.513964021618047,8.54418156154467,-0.030217539926622905
9.41,2.27240626,8.507595491007693,8.538145239921327,-0.030549748913633934
9.415,2.27185395,8.502402040292603,8.530222576568729,-0.027820536276125907
9.42,2.28161933,8.4983695467334,8.520447286847205,-0.022077740113804367
9.425,2.3013691,8.495396377554,8.50896158810912,-0.013565210555119833
9.43,2.33019972,8.493355560648002,8.495997109823168,-0.0026415491751663467
9.435,2.36691767,8.49208250553153,8.48183461493022,0.010247890601309706
9.44,2.40988811,8.49135510551312,8.466802980623585,0.024552124889535065
9.445,2.45725567,8.507195605255786,8.467471275571272,0.039724329684514004
9.45,2.50695776,8.523059444472064,8.467968736465785,0.05509070800627924
9.455,2.55685521,8.53864802021504,8.46866713046009,0.06998088975494987
9.46,2.60479229,8.553693912902945,8.469966801797398,0.08372711110554754
9.465,2.64869647,8.56787987516488,8.472146544326787,0.09573333083809388
9.47,2.68669445,8.58096464919441,8.475500877734186,0.10546377146022401
9.475,2.71710076,8.592766937318538,8.480286800216922,0.11248013710161686
9.48,2.73869721,8.603168150104358,8.486720981998344,0.11644716810601352
9.485,2.75057356,8.612122311809218,8.494965535810405,0.11715677599881325
9.49,2.75232117,8.619664491132921,8.505079744011793,0.11458474712112832
9.495,2.7440055,8.625902346327255,8.517043733665655,0.10885861266159935
9.5,2.72614588,8.630993225323602,8.530759450532784,0.10023377479081752
9.505,2.69963911,8.635155675020076,8.546056127421217,0.08909954759885963
9.51,2.6656893,8.638652274847953,8.562683996517782,0.07596827833017095
9.515,2.62578048,8.641766910707151,8.58031704988985,0.06144986081730153
9.52,2.58159508,8.644786012904413,8.598586020984516,0.04619999191989699
9.525,2.53486386,8.64397802628259,8.613106566321814,0.030871459960774672
9.53,2.4874501,8.643583723368131,8.627416521890275,0.016167201477855997
9.535,2.44109488,8.64382791159315,8.641074356928359,0.0027535546647907694
9.54,2.39795585,8.644896859766524,8.65366279133538,-0.008765931568856189
9.545,2.35944314,8.646787995930445,8.664963497862226,-0.018175501931780857
9.55,2.32720223,8.649677820465332,8.67470342275829,-0.025025602292958027
9.555,2.30258434,8.653620406239742,8.682680371700666,-0.02905996546092382
9.56,2.28665044,8.658641251304841,8.688760486473784,-0.030119235168942993
9.565,2.28012609,8.664745183639996,8.692892868568157,-0.028147684928161
9.57,2.28333546,8.671921712290146,8.695120794556631,-0.02319908226648515
9.575,2.29617142,8.680132527482428,8.695564909680847,-0.015432382198419248
9.58,2.31813924,8.68930333092721,8.694415699908227,-0.005112368981016857
9.585,2.34833959,8.699317472826708,8.691941949276272,0.007375523550436469
9.59,2.38551861,8.710000358829818,8.688464303105345,0.021536055724473258
9.595,2.42810473,8.721128608504475,8.684327411123492,0.0368011973809832
9.6,2.47432794,8.732469267113338,8.679853395187708,0.052615871925629776
9.605,2.52216163,8.733357589767076,8.665115823590977,0.068241766176099
9.61,2.56960187,8.733794475620233,8.650884187085516,0.08291028853471616
9.615,2.61463541,8.733561508782426,8.637497824700668,0.09606368408175747
9.62,2.65531251,8.732373759437506,8.625197442622227,0.10717631681527884
9.625,2.68990146,8.730023892446885,8.614247064767703,0.1157768276791824
9.63,2.71695856,8.726367315134295,8.604882072689806,0.12148524244448922
9.635,2.73525379,8.721328887025031,8.597295013157064,0.12403387386796716
9.64,2.74402485,8.714905407802945,8.591613875192014,0.1232915326109314
9.645,2.74290533,8.707169971380189,8.587871415480436,0.11929855589975347
9.65,2.73199291,8.698258486314133,8.586032864174477,0.11222562213965581
9.655,2.7117481,8.688355949085308,8.585985260744549,0.10237068834075913
9.66,2.68309171,8.677696867939506,8.587541222150143,0.09015564578936264
9.665,2.64724108,8.666555098117945,8.590436339245366,0.07611875887257824
9.67,2.60569854,8.655219879285427,8.594346916468144,0.060872962817283494
9.675,2.56023463,8.643979835124505,8.598902523947373,0.04507731117713121
9.68,2.51268829,8.633104258521843,8.60370181663676,0.02940244188508423
9.685,2.46498071,8.626675104036725,8.61214876411645,0.014526339920275078
9.69,2.41915129,8.621047537077155,8.620009545981686,0.001037991095468982
9.695,2.37709299,8.61639752043637,8.62679318829804,-0.010395667861669011
9.7,2.34051324,8.612791319156683,8.632417145063899,-0.019625825907215955
9.705,2.31104328,8.610336575044144,8.636575239114247,-0.026238664070103113
9.71,2.28988674,8.609072531129414,8.639052697251936,-0.02998016612252208
9.715,2.27804373,8.609004283390204,8.639726217646311,-0.03072193425610692
9.72,2.27606561,8.610110784629963,8.638565132351903,-0.02845434772194011
9.725,2.28406198,8.612352898185549,8.635624921133756,-0.023272022948207294
9.73,2.3017458,8.615668047290113,8.631018183470143,-0.01535013618003056
9.735,2.32858225,8.61997859004932,8.624909371130332,-0.00493078108101308
9.74,2.3632967,8.62506003173259,8.617629561615132,0.007430470117457233
9.745,2.40451541,8.63073560658824,8.609465750282677,0.02126985630556355
9.75,2.45049629,8.63675984860523,8.60075062358435,0.03600922502088011
9.755,2.4993358,8.642841644800233,8.591847116156773,0.05099452864346077
9.76,2.54861037,8.64865782600279,8.583141467543925,0.06551635845886494
9.765,2.59643225,8.652729967714384,8.573403404933863,0.07932656278052086
9.77,2.64052458,8.65595485966701,8.564505797065564,0.09144906260144658
9.775,2.6788585,8.658128038318043,8.55668300227069,0.10144503604735355
9.78,2.70971158,8.65905684736243,8.550170808821397,0.10888603854103351
9.785,2.73171219,8.658603466689645,8.545165050916584,0.1134384157730608
9.79,2.74394854,8.65669855738172,8.541815945390463,0.11488261199125738
9.795,2.74591177,8.653351312237593,8.540186438402637,0.11316487383495577
9.8,2.73768535,8.648648562395733,8.540244362650226,0.10840419974550741
9.805,2.71979464,8.642737819162674,8.541891440351485,0.1008463788111893
9.81,2.69318558,8.635817995078204,8.54495236872452,0.09086562635368445
9.815,2.65910146,8.62813471562494,8.549180528737004,0.07895418688793576
9.82,2.61910733,8.619967227428148,8.554266946640979,0.06570028078716916
9.825,2.57496447,8.611601166773475,8.559863652351263,0.05173751442221253
9.83,2.52849873,8.60331068529987,8.565590963206116,0.037719722093754626
9.835,2.48157572,8.595350178932582,8.571059181739434,0.0242909971931482
9.84,2.43613223,8.587991442217888,8.575827023421633,0.01216441879625485
9.845,2.39395102,8.595759307810509,8.594091779169203,0.0016675286413061485
9.85,2.35670795,8.604401784322283,8.611191241287344,-0.006789456965060836
9.855,2.3259187,8.614033434289588,8.62688515775113,-0.012851723461540843
9.86,2.3028257,8.624710517004965,8.640984566048823,-0.016274049043857985
9.865,2.28843506,8.636465906996275,8.65338086783489,-0.016914960838615656
9.87,2.28338692,8.64930978176506,8.664048165439107,-0.014738383674046673
9.875,2.2879319,8.66323159179188,8.67303263647945,-0.009801044687570482
9.88,2.30197423,8.678187364101836,8.68044670265881,-0.002259338556973134
9.885,2.32497813,8.6941000128065,8.686457227912008,0.007642784894491328
9.89,2.35602554,8.710842822936332,8.691295371850698,0.019547451085633938
9.895,2.39385756,8.72824032868706,8.695230059812298,0.03301026887476155
9.9,2.43684637,8.746069767113124,8.698561626055545,0.04750814105757861
9.905,2.48312544,8.764134177859546,8.701519004208857,0.06261517365068947
9.91,2.53065757,8.782038478992595,8.704585306004027,0.07745317298856769
9.915,2.57730191,8.79950746688046,8.708063088282236,0.09144437859822396
9.92,2.62096207,8.81629449253279,8.712300652922004,0.10399383961078712
9.925,2.65962751,8.807941696872323,8.69369607935238,0.11424561751994311
9.93,2.69151376,8.798376860149032,8.676398187168859,0.12197867298017329
9.935,2.71520646,8.787462298471201,8.66064496020252,0.12681733826868147
9.94,2.72961308,8.77513284986453,8.646619504787289,0.12851334507724133
9.945,2.7340963,8.761401786663335,8.634429211706292,0.12697257495704228
9.95,2.72852341,8.746362669429365,8.624087695581622,0.12227497384774288
9.955,2.71324195,8.730174994638414,8.615533175632018,0.1146418190063958
9.96,2.68905302,8.713046159275567,8.60861962879047,0.10442653048509776
9.965,2.65708117,8.69523460677405,8.603123193776586,0.09211141299746473
9.97,2.61885114,8.677033677026307,8.598757537891727,0.07827613913458009
9.975,2.57612703,8.658744397558849,8.595180111969382,0.06356428558946625
9.98,2.53079772,8.64065621711749,8.592018027399359,0.048638189718131386
9.985,2.48484445,8.623038675402114,8.58887030072867,0.03416837467344358
9.99,2.44022985,8.606120918234598,8.585344440966411,0.02077647726818732
9.995,2.39885409,8.59009179569136,8.581079883739049,0.009011911952310214
10.0,2.36246604,8.575115008635343,8.575684923008899,-0.000569914373555136
