theta_rad,theta_deg,z_m,Nu_mean,Nu_rms,A1,phase1_rad,A2,asym_mean_minus_opposite
-3.1088677301148993,-178.125,-0.0058,2.362716045256222,0.01732541607648018,0.006162978881375707,-1.3170044412343187,0.004219711898911642,-0.009281186771934458
-3.0434178831651124,-174.37500000000003,-0.0058,2.345768108822966,0.016931996031206174,0.006025007212057819,-1.3269701618446452,0.0041460710678197735,-0.02330000869429938
-2.9779680362153247,-170.625,-0.0058,2.3243764394740816,0.01668931083394163,0.005977114550859345,-1.3316414103028185,0.004037949556965973,-0.033689071518930636
-2.912518189265537,-166.87499999999997,-0.0058,2.379139385965224,0.016785631103202567,0.005949496949330361,-1.3495968816599797,0.0041281268226421985,-0.04224598544709357
-2.84706834231575,-163.125,-0.0058,2.2218584750599057,0.015593999344287582,0.005470237230323369,-1.3610971079187677,0.003869458786605186,-0.04720809008049276
-2.7816184953659624,-159.37499999999997,-0.0058,2.3776319939641657,0.016690423856044675,0.005874893297313464,-1.3595735814745153,0.004129852617056554,-0.058354165865001306
-2.7161686484161756,-155.625,-0.0058,2.3645795999725348,0.016609188447177497,0.005700851769204796,-1.3751639381437435,0.00419592556352311,-0.07398392215231597
-2.650718801466388,-151.875,-0.0058,2.3710223816528058,0.016686944146623438,0.0056792893136331,-1.379462819528832,0.004244617741169601,-0.08720218821510439
-2.585268954516601,-148.12500000000003,-0.0058,2.4317943103065387,0.017155590740831,0.005775787355480233,-1.3873780105474836,0.00438751955992684,-0.10594334345262357
-2.5198191075668133,-144.375,-0.0058,2.331044219364233,0.016600910412688824,0.005444381478969458,-1.3995659604926831,0.00430757168975161,-0.11091056787458164
-2.4543692606170255,-140.62499999999997,-0.0058,2.3504685097814915,0.016946907636943287,0.005410071699970727,-1.4087384752996173,0.0044679146212719505,-0.12016091805482176
-2.3889194136672387,-136.875,-0.0058,2.3527755178576757,0.017153154192247392,0.0053587144704654605,-1.4173998886480201,0.004569741421716644,-0.13278047667980752
-2.323469566717451,-133.125,-0.0058,2.4854412963735752,0.018600272231992863,0.005533868786627232,-1.4364623640328482,0.0050363612418395515,-0.1427183663296514
-2.258019719767664,-129.37500000000003,-0.0058,2.280285752437149,0.01729870259737526,0.005030406606413405,-1.4426564502364292,0.004735722287282985,-0.12629365167795337
-2.1925698728178764,-125.625,-0.0058,2.158486917721498,0.016534143598695806,0.004743129040813168,-1.4501625119714263,0.004554936957611582,-0.11631390695581123
-2.1271200258680896,-121.87500000000003,-0.0058,2.1676686835558923,0.016560107969102192,0.004789647075489802,-1.456936492916135,0.00453103851383467,-0.12375986349022883
-2.061670178918302,-118.125,-0.0058,2.02080025817737,0.015403281259680015,0.004482695438668517,-1.460279202865138,0.0041974159188564375,-0.11736253698972154
-1.9962203319685143,-114.375,-0.0058,1.9056907813122175,0.014460827997683638,0.004264363409863826,-1.4679301950358874,0.003905223343772911,-0.10981589599774066
-1.930770485018727,-110.625,-0.0058,1.7151550459615652,0.012953642365074835,0.003868253606901321,-1.4720910672504617,0.0034772739658647835,-0.09159175131156116
-1.8653206380689398,-106.875,-0.0058,1.6612598008521362,0.012554685300937462,0.0037811146279050404,-1.487749770071703,0.0033333090734411546,-0.07902992293638555
-1.7998707911191523,-103.125,-0.0058,1.4333949172536717,0.010693212440255843,0.0033128459895321286,-1.4890402264804752,0.002797015761420499,-0.06842827206438873
-1.734420944169365,-99.375,-0.0058,1.3511141344669009,0.009914027808675731,0.0032084383549931044,-1.502041252144082,0.002493710823704655,-0.05931290551311896
-1.6689710972195777,-95.625,-0.0058,1.1662168763876481,0.008478722352703064,0.0028843805236291728,-1.5343087682577223,0.0019549308476666974,-0.037215589070757726
-1.6035212502697904,-91.87500000000001,-0.0058,1.093452636606464,0.008165180854553889,0.00281951873507395,-1.5847627816098229,0.0016515831609054564,0.004924547485465336
-1.538071403320003,-88.125,-0.0058,1.0308979298785081,0.008076125930765697,0.002779584520296564,-1.6294874299841837,0.0014055221720408733,0.022696228347966363
-1.4726215563702156,-84.375,-0.0058,0.9497181842661938,0.008660174634136078,0.002768027374058162,-1.7147189891184598,0.0012546823913144648,0.013999312900189631
-1.4071717094204284,-80.62500000000001,-0.0058,0.82829970501667,0.008829607405208162,0.0026113254238757998,-1.777641259251997,0.0011999911471444096,0.019818070933395382
-1.3417218624706408,-76.875,-0.0058,0.6391413459627798,0.008091576857883096,0.002209372285264385,-1.8314637375257563,0.0011145434878489372,0.018949147512235198
-1.2762720155208536,-73.125,-0.0058,0.59152840731926,0.008771051564704284,0.0022160475457751287,-1.881795682581614,0.0013037579718633819,0.022858339562684016
-1.2108221685710663,-69.37500000000001,-0.0058,0.49169258999147547,0.009121391621342644,0.002082526723577892,-1.9499784874652444,0.001506073429004194,0.0268506627020344
-1.145372321621279,-65.62500000000001,-0.0058,0.4437925117942884,0.009102448922789021,0.002005603347620923,-1.9746083624457724,0.0015532667798426692,0.026919197929921646
-1.0799224746714915,-61.87500000000001,-0.0058,0.33768388454744297,0.007612151789082651,0.0016405054882544662,-1.9843900416068503,0.0013091484384144308,0.022185495582379977
-1.0144726277217042,-58.12500000000001,-0.0058,0.31252554611622213,0.007244337149969936,0.0015509906902120452,-1.9811614277491452,0.001231065504474674,0.02162256343100244
-0.9490227807719169,-54.375000000000014,-0.0058,0.2533914080786082,0.005904733239447054,0.0012482486230349767,-1.9530838034111149,0.0009372288494601402,0.019230078917797738
-0.8835729338221296,-50.62500000000002,-0.0058,0.1988924705686441,0.0048329954241684665,0.0008399502837079584,-1.8287579474455251,0.000596975501642462,0.018561493918835353
-0.8181230868723421,-46.87500000000001,-0.0058,0.17875040839708878,0.0053090992960577125,0.0005287887601201609,-1.594515623560066,0.000643046395715591,0.020194738037771692
-0.7526732399225546,-43.125,-0.0058,0.1562123684499934,0.0063217070897292164,0.00022223084534002128,-0.6634366940866662,0.000904305066929822,0.02166041621032111
-0.6872233929727674,-39.37500000000001,-0.0058,0.143098085867007,0.008666319409623927,0.0006359190131890007,0.9051209211651856,0.0014039495197468823,0.02578739050529999
-0.6217735460229801,-35.62500000000001,-0.0058,0.13890369935613586,0.01121385512871004,0.0013720198826433858,1.1577058173234658,0.0019149803883182143,0.030217461386989372
-0.5563236990731928,-31.875000000000014,-0.0058,0.1485404683013919,0.013958268452975854,0.0021709020924580652,1.2410338288291884,0.0024289883651653775,0.0353932971497431
-0.4908738521234055,-28.125000000000018,-0.0058,0.1516058301040275,0.015608056204723017,0.0030126515357711443,1.2968199572371442,0.0027178091267883926,0.037048206123571056
-0.425424005173618,-24.37500000000001,-0.0058,0.1567401282203686,0.0169046149645764,0.003818658410234003,1.324500881018323,0.002888102938593366,0.037272964666454966
-0.3599741582238305,-20.625000000000004,-0.0058,0.17307533205576617,0.018342855025089158,0.004792152605499591,1.3236788167106535,0.0030082811557749375,0.037154863014414036
-0.2945243112740432,-16.875000000000007,-0.0058,0.16763161366867993,0.016816019949093406,0.004788595770536492,1.3035047139841076,0.002677582659441164,0.03243728756331388
-0.22907446432425593,-13.12500000000001,-0.0058,0.1816825776567461,0.01613009349161681,0.005103806804667185,1.264350525693402,0.002318278902366951,0.027730046030807726
-0.16362461737446865,-9.375000000000014,-0.0058,0.18078593491319878,0.01430847135983809,0.004841309267337859,1.2209722671637189,0.0017557096177990077,0.02078209894394245
-0.09817477042468137,-5.625000000000019,-0.0058,0.17839831362232086,0.012282959109693866,0.004385624048457277,1.1536888813569257,0.0011632249714869035,0.01328450226828859
-0.03272492347489386,-1.8750000000000107,-0.0058,0.1749622558061449,0.009971451276598098,0.003720448816970329,1.0214061973100494,0.00043346172014359716,0.004247728006420787
0.03272492347489364,1.8749999999999978,-0.0058,0.17071452779972413,0.008646129731242836,0.003253127565812507,0.8835944575506627,0.00023673616939587667,-0.004247728006420787
0.09817477042468092,5.624999999999994,-0.0058,0.16511381135403227,0.007764291233426799,0.0028732251590519405,0.7178900301525895,0.0006124785005597164,-0.01328450226828859
0.1636246173744682,9.37499999999999,-0.0058,0.16000383596925633,0.007492417180673593,0.002623101687143395,0.5471112400574495,0.0010063978779138141,-0.02078209894394245
0.2290744643242555,13.124999999999986,-0.0058,0.1539525316259384,0.00741717152449026,0.0024358183000916314,0.40689971943962594,0.0012988382574667713,-0.027730046030807726
0.29452431127404277,16.874999999999982,-0.0058,0.13519432610536605,0.006842687610396203,0.002070476289512654,0.23970384190542837,0.0014601307403142379,-0.03243728756331388
0.35997415822383005,20.624999999999975,-0.0058,0.13592046904135213,0.007054635792363712,0.002025313632133934,0.14767144933990928,0.001647352085007476,-0.037154863014414036
0.42542400517361756,24.374999999999986,-0.0058,0.11946716355391362,0.006139345415743675,0.0016424052387269158,0.08674304230400177,0.0015906233442476933,-0.037272964666454966
0.49087385212340506,28.124999999999993,-0.0058,0.11455762398045645,0.0056393174903383095,0.0013839074070391701,0.07438196708485818,0.0015710316610672548,-0.037048206123571056
0.5563236990731923,31.87499999999999,-0.0058,0.1131471711516488,0.005213806173703313,0.0011289829719989685,0.07299135810939633,0.0015329177197995981,-0.0353932971497431
0.6217735460229796,35.624999999999986,-0.0058,0.10868623796914649,0.0044757282850880886,0.0008591940017778882,0.07673502277240173,0.0013522534226904973,-0.030217461386989372
0.6872233929727669,39.37499999999998,-0.0058,0.11731069536170702,0.003934665848114855,0.0006424286702833703,0.057923538383313974,0.0012090558025585844,-0.02578739050529999
0.7526732399225542,43.12499999999998,-0.0058,0.13455195223967228,0.0036291291886151942,0.0005146613045533078,-0.05601770110062105,0.001109488228025405,-0.02166041621032111
0.8181230868723417,46.874999999999986,-0.0058,0.15855567035931709,0.003947315825830722,0.0005186486755252344,-0.20788918352534652,0.00118162895502113,-0.020194738037771692
0.8835729338221292,50.62499999999999,-0.0058,0.18033097664980874,0.004632248293600996,0.0005732882036263103,-0.3648875470499065,0.0013426210192660716,-0.018561493918835353
0.9490227807719163,54.37499999999998,-0.0058,0.23416132916081048,0.0065215185907567886,0.0007718033036141009,-0.49239085269367017,0.001835150214749765,-0.019230078917797738
1.0144726277217035,58.12499999999997,-0.0058,0.2909029826852197,0.008260790676228336,0.000974796802162674,-0.5399153398891772,0.0023064730845825014,-0.02162256343100244
1.0799224746714913,61.87499999999999,-0.0058,0.315498388965063,0.008915485968462639,0.0010578143458640622,-0.5634443672641936,0.00248614096922866,-0.022185495582379977
1.1453723216212786,65.62499999999999,-0.0058,0.41687331386436677,0.01127708595934024,0.0013822579961523533,-0.6175449277933308,0.003151355605994504,-0.026919197929921646
1.2108221685710658,69.37499999999999,-0.0058,0.46484192728944107,0.01164340342719096,0.0015112572607799432,-0.6806011359270034,0.0032669887678573287,-0.0268506627020344
1.2762720155208531,73.12499999999999,-0.0058,0.568670067756576,0.011871765486012913,0.0017735795481425207,-0.8056081803950357,0.003359986627034162,-0.022858339562684016
1.3417218624706404,76.87499999999997,-0.0058,0.6201921984505446,0.011421454085375636,0.001901270616013395,-0.8849357720223033,0.0032420242714298318,-0.018949147512235198
1.4071717094204277,80.62499999999997,-0.0058,0.8084816340832747,0.013097587077369945,0.0024759106389654166,-0.967733789176345,0.0036998376556889446,-0.019818070933395382
1.472621556370215,84.37499999999997,-0.0058,0.9357188713660042,0.013415081938415119,0.0028565489446479957,-1.0365944860368865,0.0037498606980514177,-0.013999312900189631
1.5380714033200027,88.12499999999999,-0.0058,1.0082017015305418,0.012806516319938973,0.0030552069629090693,-1.0973488910670386,0.003517211522544207,-0.022696228347966363
1.60352125026979,91.87499999999999,-0.0058,1.0885280891209987,0.012799089652337616,0.0033022667465789587,-1.136133626011345,0.00343748472929168,-0.004924547485465336
1.6689710972195773,95.62499999999999,-0.0058,1.2034324654584059,0.013285129904023299,0.003657597083001363,-1.1677517031160163,0.003474797267771728,0.037215589070757726
1.7344209441693645,99.37499999999997,-0.0058,1.4104270399800198,0.015442868002894742,0.004329283940682694,-1.176286476871267,0.00397980197859041,0.05931290551311896
1.7998707911191518,103.12499999999997,-0.0058,1.5018231893180605,0.016405517660814887,0.004653974632062463,-1.1828475498509556,0.004173737635839251,0.06842827206438873
1.8653206380689396,106.875,-0.0058,1.7402897237885218,0.019106570882531006,0.0054340396803845125,-1.1848492946739309,0.004829413662539693,0.07902992293638555
1.9307704850187268,110.62499999999999,-0.0058,1.8067467972731264,0.0194799371054784,0.005643196913559866,-1.1945325197335452,0.004864628245613972,0.09159175131156116
1.9962203319685141,114.37499999999999,-0.0058,2.015506677309958,0.021638694516814376,0.006309379912126235,-1.1982602208088509,0.005369813189067286,0.10981589599774066
2.0616701789183014,118.12499999999999,-0.0058,2.1381627951670916,0.022646327291687526,0.006691544438554984,-1.2056988848046282,0.005564032869963132,0.11736253698972154
2.1271200258680887,121.87499999999997,-0.0058,2.291428547046121,0.024144366986105174,0.007172249593538244,-1.2086927082272436,0.005906481816931074,0.12375986349022883
2.192569872817876,125.62499999999997,-0.0058,2.274800824677309,0.023780919082572006,0.007124462068499996,-1.2138220118457097,0.005772888946249169,0.11631390695581123
2.2580197197676632,129.37499999999997,-0.0058,2.4065794041151025,0.024716886088699944,0.00749218717834834,-1.218312949335072,0.005980174552621244,0.12629365167795337
2.323469566717451,133.125,-0.0058,2.6281596627032267,0.02644087471197561,0.008106584717854023,-1.2219531671233335,0.006397766661347516,0.1427183663296514
2.3889194136672383,136.87499999999997,-0.0058,2.485555994537483,0.02384420567704419,0.007511599961679681,-1.2330585775698328,0.005746030979864508,0.13278047667980752
2.4543692606170255,140.62499999999997,-0.0058,2.4706294278363132,0.023236219050563972,0.007414425587388029,-1.2390648326581268,0.005569996272714906,0.12016091805482176
2.519819107566813,144.37499999999997,-0.0058,2.4419547872388145,0.022434203863957246,0.007253253501540322,-1.244499092554968,0.005370203344245066,0.11091056787458164
2.5852689545166,148.12499999999997,-0.0058,2.5377376537591623,0.022591487774515546,0.007428223941849296,-1.252098531409595,0.005401297389982701,0.10594334345262357
2.6507188014663874,151.87499999999997,-0.0058,2.45822456986791,0.02150569514822395,0.007142494818228753,-1.2571605286088983,0.005125324456684175,0.08720218821510439
2.7161686484161747,155.62499999999997,-0.0058,2.4385635221248507,0.021080657339531992,0.007043467086591428,-1.2598566189852851,0.00502541402903935,0.07398392215231597
2.7816184953659624,159.37499999999997,-0.0058,2.435986159829167,0.02018912793775305,0.0068760148199149855,-1.2702414979956216,0.004830755875735241,0.058354165865001306
2.8470683423157497,163.12499999999997,-0.0058,2.2690665651403985,0.018849455510750977,0.006410689401703367,-1.2691624338539882,0.004511723737758053,0.04720809008049276
2.912518189265537,166.87499999999997,-0.0058,2.4213853714123177,0.0194757247481504,0.0067158573175620795,-1.2784848107653513,0.0046738140083164865,0.04224598544709357
2.9779680362153242,170.62499999999997,-0.0058,2.358065510993012,0.01818721581091892,0.006371626842991672,-1.2930920338820338,0.004388818556553415,0.033689071518930636
3.0434178831651115,174.37499999999997,-0.0058,2.369068117517265,0.018168585883510578,0.006408502222313106,-1.2974154419236064,0.004343561638682283,0.02330000869429938
3.1088677301148993,178.125,-0.0058,2.3719972320281566,0.018005813677536214,0.006384497702764966,-1.3019635015690447,0.004301810694855204,0.009281186771934458
-3.1088677301148993,-178.125,-0.0054,6.4512465916768775,0.047054301373233534,0.016690981332136003,-1.319708191688764,0.011560621116267735,-0.010222281112918452
-3.0434178831651124,-174.37500000000003,-0.0054,6.374175469061046,0.04558809086184164,0.015980839709688253,-1.3354292711275069,0.011460561881000631,-0.048037860225832674
-2.9779680362153247,-170.625,-0.0054,6.229261192095497,0.04523746481368332,0.01617090105971901,-1.3231219439575381,0.010954632605197837,-0.06923681801485149
-2.912518189265537,-166.87499999999997,-0.0054,6.351929549516944,0.04522030751481012,0.016118132660249175,-1.338831980451349,0.01105555454305791,-0.09177734791169989
-2.84706834231575,-163.125,-0.0054,6.4201907724592395,0.045326279072286,0.016065893617733116,-1.348988991388517,0.011161267372318345,-0.1144694830327957
-2.7816184953659624,-159.37499999999997,-0.0054,6.536370011575034,0.046086111514170885,0.016327388340238225,-1.3509601374045344,0.01135559565120251,-0.13770444536046167
-2.7161686484161756,-155.625,-0.0054,6.633405191305663,0.04662611937363111,0.016280095306618815,-1.3615016965047604,0.011667327990896417,-0.1718273764905467
-2.650718801466388,-151.875,-0.0054,6.5644468296119705,0.04613875524634011,0.015988159400850594,-1.3666653546346597,0.011627247163944717,-0.20143904654145395
-2.585268954516601,-148.12500000000003,-0.0054,6.573962528323416,0.0462137563744327,0.015889382763521368,-1.3731464573984498,0.01170993700941065,-0.2378298990407952
-2.5198191075668133,-144.375,-0.0054,6.538394027547713,0.04609133435680895,0.015619580607393407,-1.3822480542024342,0.01178824267717063,-0.264153183014356
-2.4543692606170255,-140.62499999999997,-0.0054,6.520155278110032,0.046017670727659526,0.015545881443952017,-1.3843128307858863,0.011810807574408073,-0.3007196461890187
-2.3889194136672387,-136.875,-0.0054,6.485741242005123,0.04604259007279281,0.015291772917352899,-1.3933587136953913,0.011941045281461053,-0.33687564217150534
-2.323469566717451,-133.125,-0.0054,6.553380922445122,0.047023941528461274,0.0152225782619971,-1.4048713828801265,0.012363666611156262,-0.35215852208555454
-2.258019719767664,-129.37500000000003,-0.0054,6.260573469048402,0.04529970643007603,0.014421539165546695,-1.4122608644437975,0.012022630113080118,-0.3414581612996619
-2.1925698728178764,-125.625,-0.0054,5.767141932361227,0.041819636278397514,0.013288760911438303,-1.4159334449660164,0.011133021572016401,-0.3207561294904844
-2.1271200258680896,-121.87500000000003,-0.0054,5.565391220342022,0.04033764001951092,0.012849213701600236,-1.4215462914050547,0.01070006128625836,-0.3214464580214189
-2.061670178918302,-118.125,-0.0054,5.359296591918945,0.03881519140136882,0.012395278055870942,-1.4258090964985726,0.010257841394552448,-0.3211424503998064
-1.9962203319685143,-114.375,-0.0054,4.860645139663828,0.035067081267737485,0.011314202800985568,-1.431499962720977,0.00918388474190503,-0.3122126928465052
-1.930770485018727,-110.625,-0.0054,4.5702947012619815,0.032896384012827025,0.010692368251815607,-1.4375542110689135,0.00855360641485434,-0.28885576785452294
-1.8653206380689398,-106.875,-0.0054,4.318522500582925,0.031051514505146857,0.010174705327320805,-1.4512007813697982,0.007977016215221398,-0.2507668483028249
-1.7998707911191523,-103.125,-0.0054,3.965205970294036,0.028419230692925658,0.009423935413346178,-1.461314161712405,0.007183603610404278,-0.23170341553620633
-1.734420944169365,-99.375,-0.0054,3.557972448890349,0.025490748762298013,0.008593309994164133,-1.4880742455798306,0.006193232449833386,-0.19769367158423057
-1.6689710972195777,-95.625,-0.0054,3.0759749646819583,0.021880920171319273,0.007620908058639925,-1.5056169675838518,0.005029696696024907,-0.16566933335787626
-1.6035212502697904,-91.87500000000001,-0.0054,2.8321783696926244,0.020322438419554358,0.007242867606672141,-1.5398826868063096,0.0042155957148429304,-0.02857004802900054
-1.538071403320003,-88.125,-0.0054,2.5941290512221546,0.019030829339719387,0.006933689014067705,-1.57360525482307,0.0033232496597276964,-0.01479938398540126
-1.4726215563702156,-84.375,-0.0054,2.4173743146644884,0.02037845784048501,0.006980291154501744,-1.663528004441923,0.0026588887341026583,-0.027900324086723494
-1.4071717094204284,-80.62500000000001,-0.0054,2.0442663581555007,0.019203407080193642,0.006230841197718483,-1.71089665723111,0.0022681501101965216,-0.009069486828476858
-1.3417218624706408,-76.875,-0.0054,1.729439383552889,0.019639986346107488,0.005768927130510634,-1.779120723465275,0.0023710952510263778,0.009199358962623583
-1.2762720155208536,-73.125,-0.0054,1.5478019872309263,0.020448425583744538,0.005551208402332135,-1.8295529531375871,0.00271457610369937,0.02278922347699064
-1.2108221685710663,-69.37500000000001,-0.0054,1.332991799272209,0.02249459918004497,0.005414463768629872,-1.908467058798224,0.003483675042194194,0.04366957365030366
-1.145372321621279,-65.62500000000001,-0.0054,1.160533368220107,0.022150687883371482,0.005072528850100584,-1.9427563420474492,0.003624670598397366,0.048177547070027193
-1.0799224746714915,-61.87500000000001,-0.0054,0.9352424089027329,0.02014183769638091,0.004453151943883468,-1.9616194970266743,0.0033787102867715107,0.04778627727745843
-1.0144726277217042,-58.12500000000001,-0.0054,0.8419107705880982,0.018655204595534727,0.004096889440234169,-1.9574430686233115,0.003088223154718793,0.046522234909274096
-0.9490227807719169,-54.375000000000014,-0.0054,0.7066701364507788,0.015789246854181437,0.0034230557124342816,-1.9261763020560265,0.0024230618008427313,0.04489292863412109
-0.8835729338221296,-50.62500000000002,-0.0054,0.5676371010347089,0.01327635819400395,0.002334009603980782,-1.7894650560926475,0.001548272746811178,0.04770637033872993
-0.8181230868723421,-46.87500000000001,-0.0054,0.4921480457797006,0.014377919485454808,0.0013931341851700486,-1.5129390733797208,0.001721099751958765,0.052388017371798434
-0.7526732399225546,-43.125,-0.0054,0.4406334742181263,0.017919834148681656,0.0006754040505401083,-0.4454329598822361,0.0025874927009642734,0.05924153106806135
-0.6872233929727674,-39.37500000000001,-0.0054,0.41248224400779343,0.02517057980699241,0.0019674957867824995,0.8889750418421614,0.004120921433246626,0.07382197307616634
-0.6217735460229801,-35.62500000000001,-0.0054,0.4015198551422588,0.03253487075512989,0.004082793311618306,1.1474469663622548,0.005604611914787376,0.08763766395088618
-0.5563236990731928,-31.875000000000014,-0.0054,0.41226823733620166,0.038877291657436905,0.00616855502842577,1.2378719793719744,0.006818985491480235,0.09891275673139344
-0.4908738521234055,-28.125000000000018,-0.0054,0.42491378617792375,0.04384972585605934,0.008531932172731441,1.2958425408842305,0.007690604828471582,0.10474587340245972
-0.425424005173618,-24.37500000000001,-0.0054,0.4410653029345219,0.04766456947004169,0.010824337639187723,1.3255681842970681,0.00820849428508301,0.10588972102927302
-0.3599741582238305,-20.625000000000004,-0.0054,0.46237668187044895,0.04908316101601857,0.012824003052242823,1.3263776303023183,0.0081559050958287,0.10051282232354697
-0.2945243112740432,-16.875000000000007,-0.0054,0.47648594093187746,0.047925063955992,0.013604694345839193,1.308640892864182,0.007755500609361286,0.09340951500370709
-0.22907446432425593,-13.12500000000001,-0.0054,0.4927881959017605,0.04389628804548657,0.013785605307278315,1.2724367624637551,0.006406780323779111,0.07594417059133418
-0.16362461737446865,-9.375000000000014,-0.0054,0.4974673708693582,0.039589555060814074,0.013258335495040793,1.2301092956997548,0.0049169233519633995,0.05771937723959564
-0.09817477042468137,-5.625000000000019,-0.0054,0.49785892275796406,0.03441292792603837,0.012150717727333251,1.161571334695559,0.0033074887246117694,0.03730810716452143
-0.03272492347489386,-1.8750000000000107,-0.0054,0.4913497600304598,0.028078657119065632,0.010345033948803263,1.0276117821101944,0.0012792319072000978,0.012642962574948402
0.03272492347489364,1.8749999999999978,-0.0054,0.4787067974555114,0.024369465118844708,0.009027702061352012,0.8899555127605295,0.0007613975332345893,-0.012642962574948402
0.09817477042468092,5.624999999999994,-0.0054,0.46055081559344263,0.021756804629672954,0.007923827498409343,0.7252474686768555,0.0017130542116528514,-0.03730810716452143
0.1636246173744682,9.37499999999999,-0.0054,0.4397479936297626,0.02061604405224016,0.007121578091170053,0.556870492283863,0.002739424374221267,-0.05771937723959564
0.2290744643242555,13.124999999999986,-0.0054,0.4168440253104263,0.020014710454342843,0.006520689541593765,0.4200882753985541,0.0034841703957055074,-0.07594417059133418
0.29452431127404277,16.874999999999982,-0.0054,0.38307642592817037,0.019258711402080835,0.005808721790530772,0.2488874621900604,0.004105099675356782,-0.09340951500370709
0.35997415822383005,20.624999999999975,-0.0054,0.361863859546902,0.018649960989700374,0.005342251156961974,0.1540511139714942,0.0043550278298073244,-0.10051282232354697
0.42542400517361756,24.374999999999986,-0.0054,0.3351755819052489,0.01718012901888296,0.0045820724080111,0.08992679763204064,0.004456642058526244,-0.10588972102927302
0.49087385212340506,28.124999999999993,-0.0054,0.320167912775464,0.01572588099002085,0.00384643700318316,0.07953392970683817,0.004395915060864391,-0.10474587340245972
0.5563236990731923,31.87499999999999,-0.0054,0.3133554806048082,0.014401404563848556,0.0031164928699833855,0.08323061858169938,0.004249430289003978,-0.09891275673139344
0.6217735460229796,35.624999999999986,-0.0054,0.3138821911913726,0.0129089378567903,0.0024599135193532134,0.09207160787542246,0.003918684787407535,-0.08763766395088618
0.6872233929727669,39.37499999999998,-0.0054,0.3386602709316271,0.011360064745586356,0.001829126215382614,0.07791466679602777,0.003506740120907362,-0.07382197307616634
0.7526732399225542,43.12499999999998,-0.0054,0.38139194315006497,0.010162023414906822,0.001426327272383802,-0.040562509552248716,0.003126183562267257,-0.05924153106806135
0.8181230868723417,46.874999999999986,-0.0054,0.4397600284079022,0.01057463038387481,0.001385724959795541,-0.20409001112521016,0.003190311296838363,-0.052388017371798434
0.8835729338221292,50.62499999999999,-0.0054,0.519930730695979,0.012773610726114258,0.001596233372979812,-0.3757918512018177,0.003724544698477351,-0.04770637033872993
0.9490227807719163,54.37499999999998,-0.0054,0.6617772078166577,0.017664656997907036,0.002121676209478134,-0.5084043499740636,0.004989532240877189,-0.04489292863412109
1.0144726277217035,58.12499999999997,-0.0054,0.7953885356788241,0.021791608638646636,0.0025996841009063867,-0.5509508712673182,0.00610495494089009,-0.046522234909274096
1.0799224746714913,61.87499999999999,-0.0054,0.8874561316252745,0.02425101914477886,0.0029049248754890234,-0.5723585001227464,0.006785652324709475,-0.04778627727745843
1.1453723216212786,65.62499999999999,-0.0054,1.11235582115008,0.02842393574495206,0.0035795763104327183,-0.6442809195065102,0.007980951814063268,-0.048177547070027193
1.2108221685710658,69.37499999999999,-0.0054,1.2893222256219052,0.02983342057925082,0.004047042125756406,-0.7208845422264643,0.008423678456748162,-0.04366957365030366
1.2762720155208531,73.12499999999999,-0.0054,1.5250127637539357,0.02876569282866819,0.0046030747255439,-0.8560260633116233,0.008195099517346273,-0.02278922347699064
1.3417218624706404,76.87499999999997,-0.0054,1.7202400245902654,0.028676897040863302,0.00513235952703372,-0.9313606550552413,0.008177168569441562,-0.009199358962623583
1.4071717094204277,80.62499999999997,-0.0054,2.0533358449839776,0.029552912165426284,0.006109982244700218,-1.0180278101917968,0.008359446733944509,0.009069486828476858
1.472621556370215,84.37499999999997,-0.0054,2.445274638751212,0.03238989796636764,0.0072782884366129905,-1.0626030481956452,0.009073322050622517,0.027900324086723494
1.5380714033200027,88.12499999999999,-0.0054,2.608928435207556,0.03058729453174706,0.007715599526631103,-1.122062202082442,0.00838887582299704,0.01479938398540126
1.60352125026979,91.87499999999999,-0.0054,2.860748417721625,0.03185248496148436,0.008522331642820931,-1.1501359306769203,0.008543116355852406,0.02857004802900054
1.6689710972195773,95.62499999999999,-0.0054,3.2416442980398346,0.03480853564755664,0.009710705821745885,-1.1703920006367223,0.009149966929261132,0.16566933335787626
1.7344209441693645,99.37499999999997,-0.0054,3.7556661204745794,0.040093070378509,0.01133521025221274,-1.1770161070095335,0.01042569123502209,0.19769367158423057
1.7998707911191518,103.12499999999997,-0.0054,4.196909385830242,0.04324407027347582,0.012650748310838518,-1.1941877924512392,0.011043809248121867,0.23170341553620633
1.8653206380689396,106.875,-0.0054,4.56928934888575,0.046442436180990525,0.013786575547081079,-1.201910914119229,0.011742165124567218,0.2507668483028249
1.9307704850187268,110.62499999999999,-0.0054,4.859150469116504,0.04843064159419408,0.014650692264792946,-1.2115947171142452,0.01209035649826991,0.28885576785452294
1.9962203319685141,114.37499999999999,-0.0054,5.172857832510333,0.05107380395949313,0.01560419141409728,-1.2169504444829975,0.012646880775274968,0.3122126928465052
2.0616701789183014,118.12499999999999,-0.0054,5.680439042318751,0.05548004452517025,0.017143581268018748,-1.223355794001055,0.013600605521786048,0.3211424503998064
2.1271200258680887,121.87499999999997,-0.0054,5.886837678363441,0.05707645882218253,0.017754005546793752,-1.2269782746266649,0.01391995904321169,0.3214464580214189
2.192569872817876,125.62499999999997,-0.0054,6.087898061851711,0.05851634578646463,0.018350188769235748,-1.2313917190401555,0.014175258360005088,0.3207561294904844
2.2580197197676632,129.37499999999997,-0.0054,6.602031630348064,0.06290125291724238,0.019873621095957594,-1.2349631838466781,0.015160031167625826,0.3414581612996619
2.323469566717451,133.125,-0.0054,6.905539444530676,0.06452721526298091,0.020633034289953965,-1.2401692404310982,0.015500016860603635,0.35215852208555454
2.3889194136672383,136.87499999999997,-0.0054,6.822616884176628,0.0619829924621937,0.020145075171312643,-1.2475698876070218,0.01483603184132718,0.33687564217150534
2.4543692606170255,140.62499999999997,-0.0054,6.8208749242990505,0.060613975389047135,0.01995724184550686,-1.2537543264520723,0.014456438324646728,0.3007196461890187
2.519819107566813,144.37499999999997,-0.0054,6.802547210562069,0.060194701133221284,0.01988720591352134,-1.2553975168355576,0.014318524119014978,0.264153183014356
2.5852689545166,148.12499999999997,-0.0054,6.811792427364211,0.05890161985205274,0.01970124861809842,-1.2613641697143534,0.013991344372515582,0.2378298990407952
2.6507188014663874,151.87499999999997,-0.0054,6.765885876153424,0.05755042387146925,0.019416990785491365,-1.2656911109599247,0.013656658205014232,0.20143904654145395
2.7161686484161747,155.62499999999997,-0.0054,6.805232567796209,0.05704719481624523,0.01937978839659664,-1.2691809148693423,0.013550247698761807,0.1718273764905467
2.7816184953659624,159.37499999999997,-0.0054,6.674074456935496,0.05428117464748955,0.01867262740690417,-1.2768089330076704,0.012953879695562038,0.13770444536046167
2.8470683423157497,163.12499999999997,-0.0054,6.534660255492035,0.0528061867368235,0.018211099936443688,-1.278452605604079,0.012612936561445376,0.1144694830327957
2.912518189265537,166.87499999999997,-0.0054,6.443706897428644,0.050668316678863956,0.01766260378086046,-1.2869792548742327,0.012143067540167684,0.09177734791169989
2.9779680362153242,170.62499999999997,-0.0054,6.2984980101103485,0.04784056365228704,0.01687855633412183,-1.3002111871307862,0.01151930998110048,0.06923681801485149
3.0434178831651115,174.37499999999997,-0.0054,6.422213329286879,0.05066348673217773,0.017765977291307168,-1.2896906490235984,0.0119264586083047,0.048037860225832674
3.1088677301148993,178.125,-0.0054,6.461468872789796,0.04996553124512139,0.017659291398564942,-1.2961454733763809,0.01181407039701575,0.010222281112918452
-3.1088677301148993,-178.125,-0.005,10.380339309150045,0.07588993879673765,0.026898795660604963,-1.317801702094372,0.01865382150107552,-0.030085204965105916
-3.0434178831651124,-174.37500000000003,-0.005,10.443540187062316,0.07471727800484426,0.025754907226473504,-1.3387862743868253,0.019199393219935214,-0.03557323309478555
-2.9779680362153247,-170.625,-0.005,10.139283389506431,0.07385868535543394,0.026278200061953572,-1.3199787181856186,0.018037449737153936,-0.07835263941724335
-2.912518189265537,-166.87499999999997,-0.005,10.411176681063766,0.07457530286709933,0.02652424034566404,-1.3328347457378968,0.018302047194174397,-0.1102825824894964
-2.84706834231575,-163.125,-0.005,10.589269899694193,0.0752537752220061,0.026646806563380313,-1.3410230264868028,0.0186080997136659,-0.13915593815323923
-2.7816184953659624,-159.37499999999997,-0.005,10.786566086615846,0.07646891172875336,0.026967611831644533,-1.3446752130150943,0.019021008778738392,-0.16287554789596292
-2.7161686484161756,-155.625,-0.005,10.884109162503885,0.07686231578952601,0.026773664485547143,-1.3543375933688182,0.019374701724352923,-0.20575576321614264
-2.650718801466388,-151.875,-0.005,10.857384213170041,0.07658954324333471,0.026502674024646886,-1.3600479416827695,0.019418310795750137,-0.24716830800950085
-2.585268954516601,-148.12500000000003,-0.005,10.830706959993417,0.07639163857991808,0.026240968435238474,-1.3658571752050508,0.01948122401328141,-0.29090667951199123
-2.5198191075668133,-144.375,-0.005,10.698985729461093,0.07548253750927952,0.025769774226551908,-1.371220682648174,0.01932610790329957,-0.32809181276794597
-2.4543692606170255,-140.62499999999997,-0.005,10.718653959250592,0.07561497982599469,0.02578347789250124,-1.373829043454168,0.019378964668427104,-0.3821141017144605
-2.3889194136672387,-136.875,-0.005,10.7316165181226,0.07589039703811346,0.025550932049335742,-1.3838843944897146,0.01957912411428444,-0.4387230047838422
-2.323469566717451,-133.125,-0.005,10.706426869707606,0.07583123184515042,0.025352941445156624,-1.3917431987271964,0.019593193172010852,-0.4810489907116722
-2.258019719767664,-129.37500000000003,-0.005,10.22305563838381,0.07255689712811007,0.024099187520156738,-1.3995959490220724,0.01877068097228661,-0.5070740425573845
-2.1925698728178764,-125.625,-0.005,9.484867612001507,0.06735372366969755,0.02234967442219921,-1.4065397969644764,0.017395783638093715,-0.5195987856932174
-2.1271200258680896,-121.87500000000003,-0.005,9.149669673387688,0.06494311454031976,0.021586258780992743,-1.4112069210052967,0.0167228708476541,-0.5280391482071654
-2.061670178918302,-118.125,-0.005,8.835143922008143,0.06270518936884026,0.020855053890302892,-1.4153086121584986,0.016105212117458623,-0.5275399397954583
-1.9962203319685143,-114.375,-0.005,8.145147082589883,0.05784697329854673,0.01923814637015554,-1.426914582938909,0.014750048714514177,-0.5273266769679008
-1.930770485018727,-110.625,-0.005,7.594999504507242,0.05383348939829194,0.018018805872974258,-1.434838905633654,0.013581169381172556,-0.5160558769059493
-1.8653206380689398,-106.875,-0.005,7.04288513178155,0.04958921419608422,0.016911055558770354,-1.441025018657503,0.01226639049303357,-0.4829986045868413
-1.7998707911191523,-103.125,-0.005,6.574305906285978,0.04625765861637614,0.01588391362790588,-1.4542734008761506,0.011232378744247675,-0.45322841869743336
-1.734420944169365,-99.375,-0.005,5.957916170389573,0.04213260245558255,0.014566565280067393,-1.4852152135328658,0.00979551755081152,-0.41845264591678166
-1.6689710972195777,-95.625,-0.005,5.086938151071993,0.035773589912962235,0.012658833918566328,-1.4924708685283512,0.008032188247004676,-0.3822848437451798
-1.6035212502697904,-91.87500000000001,-0.005,4.624910838460664,0.03254281947934284,0.01176896296681144,-1.5101650999139242,0.006839437321774785,-0.16215424579376325
-1.538071403320003,-88.125,-0.005,4.1743591758226986,0.029534136365307904,0.011025193450818838,-1.530974461029053,0.0054068817232661845,-0.1450705887041437
-1.4726215563702156,-84.375,-0.005,3.8251712082925224,0.030158305725488034,0.010907944821231952,-1.6149631173983767,0.003725884791865438,-0.19160442168782987
-1.4071717094204284,-80.62500000000001,-0.005,3.2067802876825207,0.027486013914406422,0.009570495561651054,-1.6548695727610525,0.0028542067567301575,-0.13862685558446808
-1.3417218624706408,-76.875,-0.005,2.714957760427413,0.027732330508436286,0.00878402129351784,-1.7235477971909565,0.0027782482446665254,-0.08888198944048975
-1.2762720155208536,-73.125,-0.005,2.407043318706049,0.027846714953426884,0.008260767108755313,-1.7656384090655448,0.0030581720121849753,-0.05833274142236844
-1.2108221685710663,-69.37500000000001,-0.005,2.0632243616557506,0.03020788542349747,0.007925955455369662,-1.8436807051549775,0.004105890991137411,-0.013947574080097613
-1.145372321621279,-65.62500000000001,-0.005,1.8197762896382454,0.030886713600960933,0.007575846442273973,-1.8886437374054683,0.004632591941815071,0.008752347716878273
-1.0799224746714915,-61.87500000000001,-0.005,1.4926034392008878,0.02964459868202328,0.00688187700249717,-1.9212952406734256,0.004714104847735911,0.03055587123004977
-1.0144726277217042,-58.12500000000001,-0.005,1.346571389296671,0.027747650019018542,0.006382551644587647,-1.917353304950395,0.0043598640587759535,0.03567847755754339
-0.9490227807719169,-54.375000000000014,-0.005,1.1354293138286247,0.023622695248220006,0.0053576926359899585,-1.881088273581468,0.0033808641204864393,0.042341298042585684
-0.8835729338221296,-50.62500000000002,-0.005,0.9204759605389808,0.020214029482965766,0.0035904263960218684,-1.7200395374669986,0.002095737366122603,0.05840564922622715
-0.8181230868723421,-46.87500000000001,-0.005,0.8052960993143837,0.023028707776766466,0.0020985757633920398,-1.363413140102818,0.0027261892682650586,0.07325104053921994
-0.7526732399225546,-43.125,-0.005,0.7290428696036513,0.029817456593763666,0.0013139816520443264,-0.15730967212063157,0.0043437710127490325,0.0905698062561775
-0.6872233929727674,-39.37500000000001,-0.005,0.6921348662282198,0.04276485772060992,0.003733543214581889,0.8889674383485613,0.007045285402079646,0.1216574627338558
-0.6217735460229801,-35.62500000000001,-0.005,0.6807310750331781,0.05550341016627472,0.007353449218296304,1.1405171630699302,0.009602334047579873,0.14941762329156683
-0.5563236990731928,-31.875000000000014,-0.005,0.7004985052741804,0.06624547392935053,0.010946694591816587,1.2392126922210043,0.011623228903870207,0.16983763933613838
-0.4908738521234055,-28.125000000000018,-0.005,0.7291656658289976,0.07538483743112795,0.015101320184528647,1.2997219164291076,0.013201211024295641,0.18195357898449394
-0.425424005173618,-24.37500000000001,-0.005,0.7608302613956693,0.08227010599942096,0.01904830986763334,1.3299221720123127,0.014152756446693409,0.18516333164509535
-0.3599741582238305,-20.625000000000004,-0.005,0.7978229240959435,0.08461861200445452,0.02234381223423586,1.3323096586062406,0.014036084425744241,0.17608992880743357
-0.2945243112740432,-16.875000000000007,-0.005,0.8223313999375435,0.08266257070956823,0.023567219162701117,1.3169019322229183,0.013338875321816818,0.16382898981998095
-0.22907446432425593,-13.12500000000001,-0.005,0.8476477741142769,0.07554928467984921,0.02362282799658036,1.2831734408681217,0.01097327705770741,0.13285326110589246
-0.16362461737446865,-9.375000000000014,-0.005,0.8549908712080457,0.06822772227297422,0.022571619937164573,1.2417420329865454,0.008433016723583474,0.1008864490403486
-0.09817477042468137,-5.625000000000019,-0.005,0.8558915683410971,0.05948428323449415,0.020582136130184284,1.1729979928288563,0.005714630170231438,0.0651087974181187
-0.03272492347489386,-1.8750000000000107,-0.005,0.8422680558753605,0.04857307561393683,0.017379353565018737,1.0367413334588622,0.002434484251870505,0.021280135681927992
0.03272492347489364,1.8749999999999978,-0.005,0.8209879201934325,0.04232756539168813,0.015141801246280867,0.8966382081513886,0.001804275288024689,-0.021280135681927992
0.09817477042468092,5.624999999999994,-0.005,0.7907827709229784,0.037810401908901455,0.013289710618872021,0.7292830164538038,0.003137542177994371,-0.0651087974181187
0.1636246173744682,9.37499999999999,-0.005,0.7541044221676971,0.035611686427228555,0.01192848434932118,0.5575116461180866,0.004758442283450027,-0.1008864490403486
0.2290744643242555,13.124999999999986,-0.005,0.7147945130083845,0.03448349705959521,0.01095612130846685,0.4175129266511114,0.006012712239447631,-0.13285326110589246
0.29452431127404277,16.874999999999982,-0.005,0.6585024101175625,0.0331231991193264,0.009824566478017379,0.24569818304077554,0.007043823647169247,-0.16382898981998095
0.35997415822383005,20.624999999999975,-0.005,0.6217329952885099,0.03206063741273319,0.009065330754232777,0.15192252629484693,0.007467293075475339,-0.17608992880743357
0.42542400517361756,24.374999999999986,-0.005,0.575666929750574,0.029661231636311264,0.007829052958739594,0.08894888602980754,0.007689287689707352,-0.18516333164509535
0.49087385212340506,28.124999999999993,-0.005,0.5472120868445036,0.027011160122499288,0.006565689551860705,0.08178069014536096,0.007561379335867689,-0.18195357898449394
0.5563236990731923,31.87499999999999,-0.005,0.5306608659380421,0.024480235587135885,0.0052690549090562595,0.09224482138155,0.007252699947751916,-0.16983763933613838
0.6217735460229796,35.624999999999986,-0.005,0.5313134517416113,0.021953962702698223,0.004132558412168643,0.11082924158743755,0.006702316936132019,-0.14941762329156683
0.6872233929727669,39.37499999999998,-0.005,0.570477403494364,0.019226677117960254,0.003037204120618704,0.10086085109276981,0.00596591610807966,-0.1216574627338558
0.7526732399225542,43.12499999999998,-0.005,0.6384730633474738,0.01660790847509634,0.0022964762937464924,-0.030028035937964187,0.005152409986280579,-0.0905698062561775
0.8181230868723417,46.874999999999986,-0.005,0.7320450587751638,0.01660658705879704,0.002180443143286711,-0.2139372162389438,0.0050669635767154894,-0.07325104053921994
0.8835729338221292,50.62499999999999,-0.005,0.8620703113127537,0.019582337022447455,0.002510290711130632,-0.4063221236281237,0.005762195345174137,-0.05840564922622715
0.9490227807719163,54.37499999999998,-0.005,1.093088015786039,0.02697621357638936,0.00336341239913708,-0.5485580246272022,0.007657209317961866,-0.042341298042585684
1.0144726277217035,58.12499999999997,-0.005,1.3108929117391277,0.03366831498230514,0.004126014793494416,-0.5774911916349328,0.009477038479538118,-0.03567847755754339
1.0799224746714913,61.87499999999999,-0.005,1.462047567970838,0.03756407094406145,0.004606540697482812,-0.5947466431994936,0.010567170477190678,-0.03055587123004977
1.1453723216212786,65.62499999999999,-0.005,1.8110239419213672,0.04195637447570383,0.005573211911792565,-0.6936407541166637,0.011872711374254627,-0.008752347716878273
1.2108221685710658,69.37499999999999,-0.005,2.0771719357358482,0.042541006411075374,0.006226057231487485,-0.7833988859144551,0.012124492845883628,0.013947574080097613
1.2762720155208531,73.12499999999999,-0.005,2.4653760601284174,0.04135791831648162,0.007197765990448431,-0.9110275808331474,0.011863335179135027,0.05833274142236844
1.3417218624706404,76.87499999999997,-0.005,2.803839749867903,0.042438385428560856,0.008160619274353133,-0.9724943216190431,0.012147458438988908,0.08888198944048975
1.4071717094204277,80.62499999999997,-0.005,3.3454071432669887,0.04411338040398227,0.009738094217297773,-1.0506610917106622,0.012485956117332988,0.13862685558446808
1.472621556370215,84.37499999999997,-0.005,4.016775629980352,0.05006093883425773,0.011733680970011246,-1.0812043391605617,0.014041891905026608,0.19160442168782987
1.5380714033200027,88.12499999999999,-0.005,4.319429764526842,0.04842276232102542,0.01260196386871999,-1.1341330726789023,0.013270300377760889,0.1450705887041437
1.60352125026979,91.87499999999999,-0.005,4.787065084254428,0.0519900164238896,0.014112673562095581,-1.154440420738936,0.013971504975462007,0.16215424579376325
1.6689710972195773,95.62499999999999,-0.005,5.469222994817173,0.05811042377710764,0.01624999984754098,-1.1693369305619092,0.015360209281009167,0.3822848437451798
1.7344209441693645,99.37499999999997,-0.005,6.376368816306354,0.0674208838554282,0.019070589037217596,-1.1751519895130456,0.017661418375745936,0.41845264591678166
1.7998707911191518,103.12499999999997,-0.005,7.027534324983411,0.07081337716577947,0.020915540957248985,-1.197186328859584,0.018178330112892577,0.45322841869743336
1.8653206380689396,106.875,-0.005,7.5258837363683915,0.07421987448728422,0.02236702169670051,-1.2076418317419013,0.018827024374797566,0.4829986045868413
1.9307704850187268,110.62499999999999,-0.005,8.111055381413191,0.07936502712860297,0.02421667684843054,-1.21473184821555,0.019873485210462952,0.5160558769059493
1.9962203319685141,114.37499999999999,-0.005,8.672473759557784,0.08382149434011224,0.025894787084365392,-1.2214712860236665,0.02078246003811057,0.5273266769679008
2.0616701789183014,118.12499999999999,-0.005,9.362683861803601,0.08859264173868567,0.02784590988811767,-1.2304599733648736,0.021724878682752493,0.5275399397954583
2.1271200258680887,121.87499999999997,-0.005,9.677708821594853,0.0909087162197874,0.028758235910148006,-1.2338973616805753,0.02218313390935,0.5280391482071654
2.192569872817876,125.62499999999997,-0.005,10.004466397694724,0.0932767656033667,0.02973495157921708,-1.2382187200533274,0.02258963275109133,0.5195987856932174
2.2580197197676632,129.37499999999997,-0.005,10.730129680941195,0.09885288595129905,0.03186196837359876,-1.2442456419343502,0.023696360419651456,0.5070740425573845
2.323469566717451,133.125,-0.005,11.187475860419278,0.10145076653804581,0.03306313069645557,-1.2498244562855076,0.02415831545409103,0.4810489907116722
2.3889194136672383,136.87499999999997,-0.005,11.170339522906442,0.0996537979247663,0.03281287420464048,-1.2548268972555734,0.023624299067229022,0.4387230047838422
2.4543692606170255,140.62499999999997,-0.005,11.100768060965052,0.09666704008358212,0.03226346795926157,-1.2613201287037636,0.02284759792843709,0.3821141017144605
2.519819107566813,144.37499999999997,-0.005,11.027077542229039,0.09551859628033182,0.03199808351544145,-1.2631454078980717,0.02252111768250568,0.32809181276794597
2.5852689545166,148.12499999999997,-0.005,11.121613639505409,0.0951107607345558,0.03208829792172169,-1.2666027900778465,0.022388844456047514,0.29090667951199123
2.6507188014663874,151.87499999999997,-0.005,11.104552521179542,0.09361759021882012,0.03181643297786202,-1.2702385865741859,0.022025948680606273,0.24716830800950085
2.7161686484161747,155.62499999999997,-0.005,11.089864925720027,0.09216077838662792,0.03154453179842185,-1.2739713600816005,0.02168034407425584,0.20575576321614264
2.7816184953659624,159.37499999999997,-0.005,10.949441634511809,0.08855274350668829,0.030662238376472653,-1.2809793476091134,0.02090358237185022,0.16287554789596292
2.8470683423157497,163.12499999999997,-0.005,10.728425837847432,0.08574272396339785,0.029817014113565455,-1.2839322921631202,0.020301841881211882,0.13915593815323923
2.912518189265537,166.87499999999997,-0.005,10.521459263553263,0.08219131455667063,0.028816271621731355,-1.2907691992973196,0.01954898574233996,0.1102825824894964
2.9779680362153242,170.62499999999997,-0.005,10.217636028923675,0.07756667125604243,0.027473746102323622,-1.301839318442782,0.01849650554852573,0.07835263941724335
3.0434178831651115,174.37499999999997,-0.005,10.479113420157102,0.08460976178707316,0.029532295856967233,-1.2858081139837925,0.01957627097176069,0.03557323309478555
3.1088677301148993,178.125,-0.005,10.410424514115151,0.08067222192768417,0.028576258858321664,-1.296837865116625,0.018894446907459915,0.030085204965105916
-3.1088677301148993,-178.125,-0.0046,13.795636618287963,0.10101879827445026,0.035817165138923614,-1.3164753789859638,0.024767716153456715,-0.026203272625133778
-3.0434178831651124,-174.37500000000003,-0.0046,13.911203129657888,0.09975089285907167,0.033987277119648954,-1.3397516689763502,0.025949401140963793,0.009127455621625202
-2.9779680362153247,-170.625,-0.0046,13.330509419826447,0.09703379362015509,0.034356979381617525,-1.319360501275799,0.02391716517522763,-0.06871359649448117
-2.912518189265537,-166.87499999999997,-0.0046,13.708475110020546,0.09898877112463232,0.03518652444225763,-1.3256677956958272,0.02427811736118503,-0.11482030571722923
-2.84706834231575,-163.125,-0.0046,14.149714753969532,0.10091521666302261,0.03552839246656927,-1.33737086396929,0.025187409576664314,-0.1345815409439144
-2.7816184953659624,-159.37499999999997,-0.0046,14.330427227127805,0.10194256874181094,0.035670476063424335,-1.341663877723451,0.02565718432659729,-0.14946908846151175
-2.7161686484161756,-155.625,-0.0046,14.403735785202223,0.10215501216158678,0.03542520984254485,-1.3489086988223862,0.025957156257661634,-0.19496822255357138
-2.650718801466388,-151.875,-0.0046,14.42375878173286,0.10212539793929616,0.03524276471664543,-1.3541728100566073,0.026053918063821267,-0.2443355847976374
-2.585268954516601,-148.12500000000003,-0.0046,14.338889173906008,0.10142248650150276,0.03485912119271439,-1.3587744296696664,0.025951615194705395,-0.2945295707415436
-2.5198191075668133,-144.375,-0.0046,14.202071769946528,0.10038500802697546,0.034322595355408714,-1.3645412537826553,0.025763169201511955,-0.3445384699291125
-2.4543692606170255,-140.62499999999997,-0.0046,14.28411725728412,0.10094025517093382,0.034387332468585316,-1.3691980112690305,0.025956707156727342,-0.3949231473164492
-2.3889194136672387,-136.875,-0.0046,14.093499182427637,0.09963890485001632,0.033762495916877175,-1.3749353024563342,0.02569991846196385,-0.446931889433948
-2.323469566717451,-133.125,-0.0046,14.16209310666745,0.10020204591192973,0.033742998071345724,-1.3820114638181544,0.02589875913913497,-0.4936500594932802
-2.258019719767664,-129.37500000000003,-0.0046,13.698722117782099,0.0970707807561493,0.032435335214161094,-1.3912827823495242,0.025123080526959583,-0.5355480351419803
-2.1925698728178764,-125.625,-0.0046,12.902206313680672,0.0914404426361373,0.030467620075999263,-1.4021266436276365,0.02357094930822274,-0.5691561416336324
-2.1271200258680896,-121.87500000000003,-0.0046,12.59698094870912,0.08926431485227336,0.029729801329158916,-1.4106494588691068,0.022893681572038804,-0.5921380316308298
-2.061670178918302,-118.125,-0.0046,12.120446862582368,0.08577448834839214,0.02866049045436945,-1.413896030355746,0.02189705760576395,-0.5972625053047356
-1.9962203319685143,-114.375,-0.0046,11.255457775400053,0.07965128480788676,0.026638197454687637,-1.4261523694463965,0.020136081125431325,-0.6349750360387301
-1.930770485018727,-110.625,-0.0046,10.534506827225163,0.07451655048153995,0.02499606613732069,-1.437342976697246,0.01861334587557497,-0.6598457901421586
-1.8653206380689398,-106.875,-0.0046,9.739376946077593,0.06846780049764421,0.0233724872266358,-1.4446434816146745,0.016723010901824632,-0.6736305627918515
-1.7998707911191523,-103.125,-0.0046,9.142095579717324,0.06423288705301734,0.02208041204708221,-1.4576314300318987,0.015367986329563276,-0.6514447439654827
-1.734420944169365,-99.375,-0.0046,8.254882952678837,0.058264471998472206,0.020128551845478643,-1.4821457718399882,0.013456454333933249,-0.6251266903239987
-1.6689710972195777,-95.625,-0.0046,7.120706724089511,0.05032089928973538,0.01766517881050303,-1.5000619674744902,0.011105310517006356,-0.5935801728263526
-1.6035212502697904,-91.87500000000001,-0.0046,6.316263022507038,0.044509135846966544,0.016005786509360794,-1.5098502746895532,0.009291245189319895,-0.30500732229309513
-1.538071403320003,-88.125,-0.0046,5.6713200124845535,0.040074116300531946,0.014833491917208062,-1.5255080090160977,0.007502170530886649,-0.29385110854787566
-1.4726215563702156,-84.375,-0.0046,5.111269049156628,0.03932926195287727,0.014388915318103863,-1.5964027333159534,0.0050296784613455174,-0.40281057056508107
-1.4071717094204284,-80.62500000000001,-0.0046,4.243252641090164,0.034608025613526855,0.012446425551363764,-1.6240862871832884,0.0036001203178648087,-0.32115226591087076
-1.3417218624706408,-76.875,-0.0046,3.6061546467605297,0.03397730317055166,0.011346895181417236,-1.6841738584717172,0.003051735069850558,-0.24941914079140526
-1.2762720155208536,-73.125,-0.0046,3.172370159475736,0.03320805619365518,0.010520303875620036,-1.7200518234874158,0.0031057633172705116,-0.19902471526344545
-1.2108221685710663,-69.37500000000001,-0.0046,2.6745009790779224,0.03430605879036127,0.009795708669570071,-1.7857775887313947,0.003970929287328221,-0.13028835366423897
-1.145372321621279,-65.62500000000001,-0.0046,2.36776413322674,0.03556637933218664,0.009421703157636935,-1.8336171492653937,0.004743194246496868,-0.08681177348981572
-1.0799224746714915,-61.87500000000001,-0.0046,1.9652481686990235,0.03496998769086898,0.008679859689107658,-1.872584710021504,0.00510686843083362,-0.03569370618780754
-1.0144726277217042,-58.12500000000001,-0.0046,1.7775305723521624,0.03299501999585448,0.008112798826310852,-1.8683886182287677,0.004757460357498076,-0.017184190656407194
-0.9490227807719169,-54.375000000000014,-0.0046,1.4992259251081828,0.028300725249983377,0.0068376693230103505,-1.8262945916468403,0.003605282222828442,0.007869383069960989
-0.8835729338221296,-50.62500000000002,-0.0046,1.2237785754455928,0.024969922080144088,0.004437557632322705,-1.6301444235383085,0.00221748967628167,0.0457920329403112
-0.8181230868723421,-46.87500000000001,-0.0046,1.0785177205043206,0.030448398751246955,0.002564583117817638,-1.155385340813888,0.003662381392770706,0.077791384838934
-0.7526732399225546,-43.125,-0.0046,0.9857570893879617,0.04081879540232379,0.002214672489662081,0.08645288698290064,0.0060026717350995275,0.11220685176501988
-0.6872233929727674,-39.37500000000001,-0.0046,0.9497863700866334,0.05929116406354103,0.005838990028366767,0.8978135711313103,0.009721632686673327,0.16419197075300496
-0.6217735460229801,-35.62500000000001,-0.0046,0.9449738768349575,0.07724118496382293,0.010969845623409032,1.1378835698786471,0.013252830365070925,0.20925511047497813
-0.5563236990731928,-31.875000000000014,-0.0046,0.9794059202786423,0.09242250473058587,0.016096691190028996,1.2380669482020816,0.016068868242896564,0.24186646522781607
-0.4908738521234055,-28.125000000000018,-0.0046,1.0277338273530745,0.1057084576484077,0.022016797495541265,1.3000817383473844,0.018318273420040908,0.2619314301205531
-0.425424005173618,-24.37500000000001,-0.0046,1.0777427855550195,0.11564607210846604,0.027535804048394036,1.3308793413689228,0.019683570660126694,0.2683123387295375
-0.3599741582238305,-20.625000000000004,-0.0046,1.1329754407502213,0.11900612229456327,0.03203890928295251,1.3361405971431435,0.019372157697411414,0.25491674960260313
-0.2945243112740432,-16.875000000000007,-0.0046,1.1713147664510184,0.11659172862677124,0.03370771056759378,1.3226854312627518,0.018239320548403812,0.23675885463194657
-0.22907446432425593,-13.12500000000001,-0.0046,1.2095909894937833,0.10695945939017482,0.03351538741683786,1.2900455223373457,0.014991792123771904,0.19241588875328808
-0.16362461737446865,-9.375000000000014,-0.0046,1.218704120958483,0.09683810360863285,0.031733522445190766,1.249654663891019,0.011606229155586218,0.14600275132900986
-0.09817477042468137,-5.625000000000019,-0.0046,1.2185030287891228,0.08459714871702426,0.028663664442945998,1.1800819301737229,0.00804340741695077,0.09540593891622229
-0.03272492347489386,-1.8750000000000107,-0.0046,1.1982861312241146,0.06984712168388396,0.024033762861120047,1.0424298925675193,0.00411198188527624,0.03131331179396968
0.03272492347489364,1.8749999999999978,-0.0046,1.166972819430145,0.061255139909484446,0.02086798481543547,0.900159604775531,0.0037428308236624555,-0.03131331179396968
0.09817477042468092,5.624999999999994,-0.0046,1.1230970898729005,0.05459553216896711,0.018261888990647446,0.7286358150122465,0.005061356547338442,-0.09540593891622229
0.1636246173744682,9.37499999999999,-0.0046,1.0727013696294732,0.05100994500049342,0.016391758241128998,0.547636258587539,0.006882939561887273,-0.14600275132900986
0.2290744643242555,13.124999999999986,-0.0046,1.0171751007404952,0.04910781235310289,0.015091570054137943,0.4053928435627231,0.008500138880164636,-0.19241588875328808
0.29452431127404277,16.874999999999982,-0.0046,0.9345559118190718,0.04684552790305125,0.013572457787259497,0.23395255577459503,0.009853325988867715,-0.23675885463194657
0.35997415822383005,20.624999999999975,-0.0046,0.8780586911476181,0.04502272314496734,0.012506725652849991,0.14752831270747008,0.010436502597349401,-0.25491674960260313
0.42542400517361756,24.374999999999986,-0.0046,0.8094304468254819,0.041413298426052965,0.01080255477280525,0.08990705348500598,0.010748935215853284,-0.2683123387295375
0.49087385212340506,28.124999999999993,-0.0046,0.7658023972325214,0.03752109777625715,0.009055757700267666,0.085022869651581,0.010537407904686857,-0.2619314301205531
0.5563236990731923,31.87499999999999,-0.0046,0.7375394550508262,0.033735689823642515,0.007221884136254355,0.10097247349776431,0.010049532900426913,-0.24186646522781607
0.6217735460229796,35.624999999999986,-0.0046,0.7357187663599793,0.030184461305962945,0.005627373590104245,0.12462358483744664,0.009269880129417058,-0.20925511047497813
0.6872233929727669,39.37499999999998,-0.0046,0.7855943993336284,0.026277117929972883,0.0040765117973773825,0.11855546721127143,0.008199298609038938,-0.16419197075300496
0.7526732399225542,43.12499999999998,-0.0046,0.8735502376229418,0.02205720558035388,0.0029824738497321803,-0.02057112288568268,0.006902685381041371,-0.11220685176501988
0.8181230868723417,46.874999999999986,-0.0046,1.0007263356653866,0.021403183854715332,0.002799574062844629,-0.22852356586285186,0.006606623757867546,-0.077791384838934
0.8835729338221292,50.62499999999999,-0.0046,1.1779865425052816,0.02473652134339423,0.0032436483552593875,-0.43743882928374583,0.007350177407530415,-0.0457920329403112
0.9490227807719163,54.37499999999998,-0.0046,1.4913565420382218,0.0340795943054752,0.004382151596320458,-0.579777501572653,0.009729999819423643,-0.007869383069960989
1.0144726277217035,58.12499999999997,-0.0046,1.7947147630085696,0.043063024851879905,0.005422599260072098,-0.6046832332237384,0.01219327297386048,0.017184190656407194
1.0799224746714913,61.87499999999999,-0.0046,2.000941874886831,0.04792025690152504,0.006066242042687844,-0.6267427867276137,0.013565012200750385,0.03569370618780754
1.1453723216212786,65.62499999999999,-0.0046,2.454575906716556,0.051878457901723775,0.007283424440675163,-0.7411782257060983,0.014789358491280697,0.08681177348981572
1.2108221685710658,69.37499999999999,-0.0046,2.8047893327421614,0.051968912602628196,0.008162885125488845,-0.8353988793982409,0.014911982722674142,0.13028835366423897
1.2762720155208531,73.12499999999999,-0.0046,3.3713948747391815,0.05272555577040095,0.00971435097956517,-0.944631425502498,0.015155660517978967,0.19902471526344545
1.3417218624706404,76.87499999999997,-0.0046,3.855573787551935,0.0553907192488344,0.011132114552774004,-0.9963449805501196,0.015854898421075434,0.24941914079140526
1.4071717094204277,80.62499999999997,-0.0046,4.564404907001035,0.058310382511268175,0.013202679864241965,-1.0627026833572075,0.01649570539010165,0.32115226591087076
1.472621556370215,84.37499999999997,-0.0046,5.514079619721709,0.06802555282408507,0.01607299838008633,-1.0841348696787867,0.019080073626023604,0.40281057056508107
1.5380714033200027,88.12499999999999,-0.0046,5.965171121032429,0.06713385173675979,0.017445873034321015,-1.1325882396363205,0.018390318788075243,0.29385110854787566
1.60352125026979,91.87499999999999,-0.0046,6.621270344800133,0.07240210046990952,0.019570702198147258,-1.1523188094296402,0.019465580020976207,0.30500732229309513
1.6689710972195773,95.62499999999999,-0.0046,7.714286896915864,0.08288925086854988,0.023050884407120577,-1.167147168364765,0.021890375531227222,0.5935801728263526
1.7344209441693645,99.37499999999997,-0.0046,8.880009643002836,0.09280521760208614,0.02658045385747217,-1.1823465713115662,0.024140530050620033,0.6251266903239987
1.7998707911191518,103.12499999999997,-0.0046,9.793540323682807,0.09843292840253166,0.029194436070164174,-1.2001690551892152,0.025170165556800662,0.6514447439654827
1.8653206380689396,106.875,-0.0046,10.413007508869445,0.10246305603109476,0.031000928364246946,-1.210629196942903,0.025877585837129877,0.6736305627918515
1.9307704850187268,110.62499999999999,-0.0046,11.194352617367322,0.109097771354714,0.03347614034156886,-1.2187706674933316,0.02715053564773432,0.6598457901421586
1.9962203319685141,114.37499999999999,-0.0046,11.890432811438783,0.11397948437465429,0.03550571529958831,-1.2268410656270257,0.02804718948801722,0.6349750360387301
2.0616701789183014,118.12499999999999,-0.0046,12.717709367887103,0.11950027083925444,0.03784166689787156,-1.2353794385792496,0.02907364485955848,0.5972625053047356
2.1271200258680887,121.87499999999997,-0.0046,13.18911898033995,0.12343125409840346,0.03926008129916659,-1.2379258222693805,0.029887764396533623,0.5921380316308298
2.192569872817876,125.62499999999997,-0.0046,13.471362455314305,0.12431865094698873,0.03999269736967673,-1.2438600857659985,0.029841218993564008,0.5691561416336324
2.2580197197676632,129.37499999999997,-0.0046,14.23427015292408,0.1288276996874177,0.042038714391752705,-1.2510595888310783,0.030629056854361538,0.5355480351419803
2.323469566717451,133.125,-0.0046,14.65574316616073,0.13017554069466744,0.042992312828893584,-1.2568822839801974,0.030773312360320805,0.4936500594932802
2.3889194136672383,136.87499999999997,-0.0046,14.540431071861585,0.1273285413415064,0.0424247336913925,-1.2612627769053222,0.029981431285430453,0.446931889433948
2.4543692606170255,140.62499999999997,-0.0046,14.679040404600569,0.12694669031202074,0.04261511507267285,-1.2649140460208337,0.029801184185851735,0.3949231473164492
2.519819107566813,144.37499999999997,-0.0046,14.54661023987564,0.12445166943418563,0.042041291704087144,-1.2679784245483623,0.02915195902927178,0.3445384699291125
2.5852689545166,148.12499999999997,-0.0046,14.633418744647551,0.12359128757171844,0.04204856857688753,-1.2715942886808507,0.028888647040539915,0.2945295707415436
2.6507188014663874,151.87499999999997,-0.0046,14.668094366530497,0.12264206289894448,0.04195405436171074,-1.2743601433971457,0.028628939440862037,0.2443355847976374
2.7161686484161747,155.62499999999997,-0.0046,14.598704007755794,0.12057866706045678,0.04150819159377846,-1.2776880617631592,0.028117912889829108,0.19496822255357138
2.7816184953659624,159.37499999999997,-0.0046,14.479896315589317,0.1172297079941347,0.04071193757805183,-1.2827750273391447,0.027387265186749866,0.14946908846151175
2.8470683423157497,163.12499999999997,-0.0046,14.284296294913446,0.11405423152736902,0.03981062363682787,-1.2861926073253327,0.026737627090538334,0.1345815409439144
2.912518189265537,166.87499999999997,-0.0046,13.823295415737775,0.10659257923333729,0.037615854118016136,-1.2961570561768851,0.025254538669772026,0.11482030571722923
2.9779680362153242,170.62499999999997,-0.0046,13.399223016320928,0.10205387133750667,0.036232880604035574,-1.3018215396496398,0.024086217918227154,0.06871359649448117
3.0434178831651115,174.37499999999997,-0.0046,13.902075674036263,0.11392710522804152,0.03963400324901424,-1.2841879866597532,0.026036832681427945,-0.009127455621625202
3.1088677301148993,178.125,-0.0046,13.821839890913097,0.10752446092151864,0.03811727378864386,-1.296600533514793,0.024974743309193234,0.026203272625133778
-3.1088677301148993,-178.125,-0.004200000000000001,15.911472544252984,0.11647097632095361,0.04132006332273117,-1.316472280339586,0.028500936451475504,0.00244153905017086
-3.0434178831651124,-174.37500000000003,-0.004200000000000001,15.947057736504835,0.11442690735861738,0.03892902036890948,-1.3389980278531255,0.029805136150278667,0.04808596186308378
-2.9779680362153247,-170.625,-0.004200000000000001,15.145937594717026,0.11020570226642801,0.03892636875877143,-1.319070844023444,0.02727835571203128,-0.049452744227725276
-2.912518189265537,-166.87499999999997,-0.004200000000000001,15.46480037825507,0.11267923896712262,0.04006152573922519,-1.3190373164956382,0.027526102077059137,-0.10268632941306421
-2.84706834231575,-163.125,-0.004200000000000001,16.05686505242606,0.11514157625221008,0.04055914893336119,-1.331292223751241,0.028722857493180983,-0.1086601374478704
-2.7816184953659624,-159.37499999999997,-0.004200000000000001,16.0897756890805,0.11503184298840807,0.040270342560978716,-1.3351737179300733,0.02896826137409873,-0.1085235054013971
-2.7161686484161756,-155.625,-0.004200000000000001,16.12141093555825,0.11490991913846717,0.04010688697994528,-1.339413498296232,0.029049373439857862,-0.1601390485133969
-2.650718801466388,-151.875,-0.004200000000000001,16.199306389477577,0.1151452297330086,0.03991887249530926,-1.3453893852159302,0.029324326513628228,-0.1881108615244571
-2.585268954516601,-148.12500000000003,-0.004200000000000001,15.998930186564241,0.11356469361304614,0.039219119776443455,-1.349410284585312,0.02902997664490172,-0.21430734647641358
-2.5198191075668133,-144.375,-0.004200000000000001,15.83884672520927,0.11223227863447971,0.03871673542399462,-1.3532661859140398,0.028694471151100947,-0.26929799821411216
-2.4543692606170255,-140.62499999999997,-0.004200000000000001,15.962155838308135,0.11309740687110503,0.03864446055304906,-1.3601967118537364,0.02914800138226625,-0.2784553498854656
-2.3889194136672387,-136.875,-0.004200000000000001,15.317964851393324,0.10835345115260274,0.03720960208916743,-1.3609858918134157,0.02779879029433512,-0.34454271002395664
-2.323469566717451,-133.125,-0.004200000000000001,15.607970517265183,0.11023492092004152,0.03774591886467644,-1.3673960234932492,0.028286412357033,-0.40796713078641034
-2.258019719767664,-129.37500000000003,-0.004200000000000001,15.308783624931351,0.10811961190159236,0.036718793289300444,-1.3770460964493558,0.02783119630413389,-0.45644070114805224
-2.1925698728178764,-125.625,-0.004200000000000001,14.65573020876882,0.10348299197614028,0.034929904526440785,-1.3897266550972127,0.026600611584060116,-0.5005452709474376
-2.1271200258680896,-121.87500000000003,-0.004200000000000001,14.683621660098746,0.10372238503598938,0.03483057699885775,-1.4024420852962716,0.026556621858074364,-0.5766428770792924
-2.061670178918302,-118.125,-0.004200000000000001,14.216877079700533,0.1003435131617812,0.03373499137021398,-1.406968080872832,0.025582615059187117,-0.5651868981377142
-1.9962203319685143,-114.375,-0.004200000000000001,13.380534448768294,0.09455929786026394,0.031673898746625614,-1.4224019433171982,0.02389658557497151,-0.5237868517158475
-1.930770485018727,-110.625,-0.004200000000000001,12.6232962069054,0.0893498841797328,0.029876526547320363,-1.4383768531686703,0.022293598181265088,-0.6289690080912038
-1.8653206380689398,-106.875,-0.004200000000000001,11.457483639266421,0.08045866137838328,0.027459022844632818,-1.4428777740764895,0.01961088092532254,-0.9586364723758365
-1.7998707911191523,-103.125,-0.004200000000000001,10.87153958404726,0.07626693077757388,0.026216802679080962,-1.4541524949096034,0.018236607892712118,-0.7914011403063412
-1.734420944169365,-99.375,-0.004200000000000001,10.06492008064276,0.0711676791091653,0.02442913903314552,-1.4827324679429539,0.016456742558015446,-0.7229394194264476
-1.6689710972195777,-95.625,-0.004200000000000001,8.726250289234475,0.062143764879215024,0.021539894725656556,-1.5089957655326385,0.013638340520338101,-0.7148888724747398
-1.6035212502697904,-91.87500000000001,-0.004200000000000001,7.69176036997128,0.054800669250502865,0.019408225330204053,-1.52280764862373,0.011295161309617004,-0.36589429965858766
-1.538071403320003,-88.125,-0.004200000000000001,6.8568300824817054,0.04916681565673012,0.017853062754326934,-1.5407523033543005,0.00905107826733761,-0.35567389054457266
-1.4726215563702156,-84.375,-0.004200000000000001,6.034744043009167,0.046253568627118755,0.016782558261212506,-1.5947930974398095,0.006226070131631146,-0.5469944559027544
-1.4071717094204284,-80.62500000000001,-0.004200000000000001,5.069741980860884,0.0410702013240868,0.014741424974507679,-1.6216884157664837,0.004553277263936136,-0.4798964678261095
-1.3417218624706408,-76.875,-0.004200000000000001,4.267213113064249,0.03867109967868044,0.013161712334139848,-1.6691926156477792,0.003586223410785582,-0.3923192730874474
-1.2762720155208536,-73.125,-0.004200000000000001,3.772940790161924,0.0374788540579175,0.012213173465161736,-1.7015399323875142,0.003425957308901852,-0.33143830580896827
-1.2108221685710663,-69.37500000000001,-0.004200000000000001,3.1493938589983936,0.03743431961672978,0.011206506158136302,-1.756365001480084,0.0039195634798910445,-0.24889105603345696
-1.145372321621279,-65.62500000000001,-0.004200000000000001,2.7656800761482563,0.0379799778234399,0.010653209134947739,-1.7971306393564845,0.004565140656696768,-0.19208428850966808
-1.0799224746714915,-61.87500000000001,-0.004200000000000001,2.293874932019332,0.03617475550292951,0.009664028836707384,-1.8276338440804807,0.0047368426690354085,-0.11916397367687459
-1.0144726277217042,-58.12500000000001,-0.004200000000000001,2.0817786441115427,0.03392359052353891,0.009038221284909548,-1.8202249707237221,0.004316334009380672,-0.08775189181216048
-0.9490227807719169,-54.375000000000014,-0.004200000000000001,1.758932105251724,0.029276774586885955,0.0076350022718990225,-1.7713723594064377,0.003080347176792393,-0.04166758268964199
-0.8835729338221296,-50.62500000000002,-0.004200000000000001,1.441551808973066,0.02756621281987737,0.004864434267867868,-1.5317172150504836,0.002196591998210077,0.021709342341250215
-0.8181230868723421,-46.87500000000001,-0.004200000000000001,1.279182885719381,0.03623156439042895,0.0029060112324709305,-0.9280597968153422,0.004561751996937967,0.07581041815461265
-0.7526732399225546,-43.125,-0.004200000000000001,1.1794568616956482,0.04969696489823465,0.003229075276932718,0.23075698821559068,0.007394372852388695,0.1331169880949883
-0.6872233929727674,-39.37500000000001,-0.004200000000000001,1.1520008157786241,0.07265881048772574,0.007834821856597035,0.9016179714431127,0.011852610042411414,0.2028097334042408
-0.6217735460229801,-35.62500000000001,-0.004200000000000001,1.1530638799023643,0.09437633087987267,0.014166689215732279,1.1312355686914424,0.01605429720221922,0.25929220886966176
-0.5563236990731928,-31.875000000000014,-0.004200000000000001,1.2011238208587345,0.11267083165126622,0.020474572771103525,1.2313510535943508,0.01943949716138615,0.3038076244079768
-0.4908738521234055,-28.125000000000018,-0.004200000000000001,1.2689298486691545,0.12906640560205537,0.02776457972258768,1.2951058902387047,0.022172476393717347,0.3320681202696407
-0.425424005173618,-24.37500000000001,-0.004200000000000001,1.3346862592387112,0.1410418760555662,0.0344094152583653,1.326953823948585,0.02377625795605993,0.34161807042897296
-0.3599741582238305,-20.625000000000004,-0.004200000000000001,1.4073490098030605,0.1451007065037791,0.039772438423718214,1.3348231131536021,0.023171687933848495,0.32424627299089104
-0.2945243112740432,-16.875000000000007,-0.004200000000000001,1.4589361659193958,0.142756863627729,0.04180684791093825,1.3240181918126464,0.021557574652122827,0.30008358576066807
-0.22907446432425593,-13.12500000000001,-0.004200000000000001,1.5049826004116573,0.13125350148655676,0.04121322775557651,1.2920920546775951,0.017569705927087523,0.24256290225374144
-0.16362461737446865,-9.375000000000014,-0.004200000000000001,1.5162934020854153,0.11891813783020923,0.03869061801181904,1.250298231526555,0.013820795584214278,0.1854789119882947
-0.09817477042468137,-5.625000000000019,-0.004200000000000001,1.5136394259818273,0.10416713535497359,0.03461533763508191,1.1795714648517235,0.009880199345921591,0.12318022404100626
-0.03272492347489386,-1.8750000000000107,-0.004200000000000001,1.4868914707594627,0.08733827006381069,0.02885131410865487,1.0413006279778307,0.006243475558146396,0.04045451682997525
0.03272492347489364,1.8749999999999978,-0.004200000000000001,1.4464369539294875,0.07715996381601804,0.024973359362455358,0.8976310582129814,0.006283616340167902,-0.04045451682997525
0.09817477042468092,5.624999999999994,-0.004200000000000001,1.390459201940821,0.06856822226181643,0.021788275261733926,0.7223477909957722,0.007253816499827181,-0.12318022404100626
0.1636246173744682,9.37499999999999,-0.004200000000000001,1.3308144900971206,0.06349250059986912,0.019554488077596768,0.5295130540695833,0.00869881912209742,-0.1854789119882947
0.2290744643242555,13.124999999999986,-0.004200000000000001,1.2624196981579159,0.06079430747868071,0.018041146056811553,0.38838746074706404,0.010453953553882267,-0.24256290225374144
0.29452431127404277,16.874999999999982,-0.004200000000000001,1.1588525801587277,0.05746206817249327,0.016272132389868795,0.22786881766995384,0.012014084687039234,-0.30008358576066807
0.35997415822383005,20.624999999999975,-0.004200000000000001,1.0831027368121695,0.054641105275576335,0.014935831706189118,0.1514769501498295,0.01268267483884166,-0.32424627299089104
0.42542400517361756,24.374999999999986,-0.004200000000000001,0.9930681888097382,0.049865315542202575,0.012855103457127672,0.09765991348308747,0.013026104595113374,-0.34161807042897296
0.49087385212340506,28.124999999999993,-0.004200000000000001,0.9368617283995138,0.04512318422373587,0.010777051922195689,0.09514641574946339,0.012772930556057788,-0.3320681202696407
0.5563236990731923,31.87499999999999,-0.004200000000000001,0.8973161964507577,0.04039649237076645,0.00853897511743097,0.11598636163076594,0.012134747939823953,-0.3038076244079768
0.6217735460229796,35.624999999999986,-0.004200000000000001,0.8937716710327025,0.03613738029412023,0.006619124801569365,0.14285541159101967,0.011178076896284644,-0.25929220886966176
0.6872233929727669,39.37499999999998,-0.004200000000000001,0.9491910823743833,0.03132159936932065,0.0047251414796888914,0.13927123349122306,0.009830076306492314,-0.2028097334042408
0.7526732399225542,43.12499999999998,-0.004200000000000001,1.04633987360066,0.0254893736959252,0.0033389094754944066,-0.013604078339970054,0.008039424320906272,-0.1331169880949883
0.8181230868723417,46.874999999999986,-0.004200000000000001,1.2033724675647683,0.02438374108308876,0.003153300059411358,-0.24252389801387,0.00760412303822668,-0.07581041815461265
0.8835729338221292,50.62499999999999,-0.004200000000000001,1.4198424666318157,0.028148182090879093,0.003714864871217511,-0.454762168775725,0.008439397081990724,-0.021709342341250215
0.9490227807719163,54.37499999999998,-0.004200000000000001,1.800599687941366,0.03915434898108778,0.005084060560635993,-0.5905855297313504,0.011252541231179384,0.04166758268964199
1.0144726277217035,58.12499999999997,-0.004200000000000001,2.169530535923703,0.04899565450704717,0.006350277857383593,-0.6344187094704882,0.013952768903562555,0.08775189181216048
1.0799224746714913,61.87499999999999,-0.004200000000000001,2.4130389056962067,0.054140526198610435,0.007122392195728705,-0.665151266861432,0.015408867419575681,0.11916397367687459
1.1453723216212786,65.62499999999999,-0.004200000000000001,2.9577643646579244,0.05925842042832213,0.008618506427706363,-0.7705719834259521,0.01696830864406189,0.19208428850966808
1.2108221685710658,69.37499999999999,-0.004200000000000001,3.3982849150318506,0.06036850849262281,0.009810774891178098,-0.8590045068497417,0.017359580255480872,0.24889105603345696
1.2762720155208531,73.12499999999999,-0.004200000000000001,4.104379095970892,0.06298958472711147,0.011857554716726008,-0.956890523673276,0.018078575747714112,0.33143830580896827
1.3417218624706404,76.87499999999997,-0.004200000000000001,4.659532386151697,0.06643670424364109,0.013494100041967572,-1.0024262198310816,0.018986516876774287,0.3923192730874474
1.4071717094204277,80.62499999999997,-0.004200000000000001,5.549638448686993,0.0720473471051474,0.016106450759245227,-1.0556444391333264,0.020391904753481037,0.4798964678261095
1.472621556370215,84.37499999999997,-0.004200000000000001,6.581738498911921,0.08134976556792699,0.019255763920607544,-1.0858256910090125,0.022777833370571203,0.5469944559027544
1.5380714033200027,88.12499999999999,-0.004200000000000001,7.212503973026278,0.08294546752333525,0.021250083888163594,-1.126584301263527,0.02273596988548887,0.35567389054457266
1.60352125026979,91.87499999999999,-0.004200000000000001,8.057654669629867,0.08965789913610482,0.023986349426477475,-1.1485521797177898,0.024102758666907594,0.36589429965858766
1.6689710972195773,95.62499999999999,-0.004200000000000001,9.441139161709215,0.10224472373055632,0.028381766867895283,-1.1677909153744506,0.026919041932694836,0.7148888724747398
1.7344209441693645,99.37499999999997,-0.004200000000000001,10.787859500069208,0.11198475389559638,0.03237566742219052,-1.1886842114650493,0.02891800810622506,0.7229394194264476
1.7998707911191518,103.12499999999997,-0.004200000000000001,11.662940724353602,0.11610528656796551,0.03478625399582444,-1.206804639514471,0.029469217671782663,0.7914011403063412
1.8653206380689396,106.875,-0.004200000000000001,12.416120111642257,0.12172213677941049,0.03702097464515495,-1.2147082303236933,0.03057630417320595,0.9586364723758365
1.9307704850187268,110.62499999999999,-0.004200000000000001,13.252265214996603,0.12787331330968185,0.03958489797911175,-1.2242992817277458,0.031617193745374764,0.6289690080912038
1.9962203319685141,114.37499999999999,-0.004200000000000001,13.904321300484142,0.13149943649019374,0.04138204872518998,-1.232697862894183,0.03216010716724361,0.5237868517158475
2.0616701789183014,118.12499999999999,-0.004200000000000001,14.782063977838247,0.13683800191879772,0.043819317300253735,-1.2419107387013648,0.033038238497539285,0.5651868981377142
2.1271200258680887,121.87499999999997,-0.004200000000000001,15.260264537178038,0.1403152424605128,0.045197309443337434,-1.2451214658434957,0.03370327121866843,0.5766428770792924
2.192569872817876,125.62499999999997,-0.004200000000000001,15.156275479716257,0.1359316636209187,0.044505091061451,-1.252902775782969,0.03240011927338188,0.5005452709474376
2.2580197197676632,129.37499999999997,-0.004200000000000001,15.765224326079403,0.13800877282189278,0.04591129744534163,-1.260810900609917,0.03260679244812074,0.45644070114805224
2.323469566717451,133.125,-0.004200000000000001,16.015937648051594,0.13737144427288728,0.046265943179488046,-1.2670352861100533,0.032284706527628174,0.40796713078641034
2.3889194136672383,136.87499999999997,-0.004200000000000001,15.66250756141728,0.13262538518021758,0.04501608063361745,-1.2711438560006976,0.03105149661349858,0.34454271002395664
2.4543692606170255,140.62499999999997,-0.004200000000000001,16.2406111881936,0.13772829702572986,0.0467804380810687,-1.2715073831258326,0.03212969780544032,0.2784553498854656
2.519819107566813,144.37499999999997,-0.004200000000000001,16.108144723423383,0.13412893520316785,0.045967009233989595,-1.2759626495935286,0.031291435958810204,0.26929799821411216
2.5852689545166,148.12499999999997,-0.004200000000000001,16.213237533040655,0.13401993341412213,0.046134965189229535,-1.278366179119907,0.03118798993943462,0.21430734647641358
2.6507188014663874,151.87499999999997,-0.004200000000000001,16.387417251002034,0.13419748204801468,0.046407686263730104,-1.2807582158476811,0.031221519446338244,0.1881108615244571
2.7161686484161747,155.62499999999997,-0.004200000000000001,16.281549984071646,0.13125722451292138,0.04570668056298558,-1.284863178896332,0.03057090052902139,0.1601390485133969
2.7816184953659624,159.37499999999997,-0.004200000000000001,16.198299194481898,0.1289176353376888,0.045139387690252275,-1.2883769563687522,0.030061986826217166,0.1085235054013971
2.8470683423157497,163.12499999999997,-0.004200000000000001,16.16552518987393,0.12732714620770458,0.044744429439257445,-1.290987060521948,0.029779294926851343,0.1086601374478704
2.912518189265537,166.87499999999997,-0.004200000000000001,15.567486707668134,0.11829098303586293,0.041966345007064275,-1.3018062480021673,0.028045030306673397,0.10268632941306421
2.9779680362153242,170.62499999999997,-0.004200000000000001,15.195390338944751,0.11589906447008332,0.04120192562157425,-1.3019660537056335,0.027206356909640766,0.049452744227725276
3.0434178831651115,174.37499999999997,-0.004200000000000001,15.898971774641751,0.1304490314203869,0.0454054855724972,-1.2846607051949754,0.029689673875117607,-0.04808596186308378
3.1088677301148993,178.125,-0.004200000000000001,15.909031005202813,0.12420102104544306,0.0440182741522445,-1.2959468551225872,0.02871396980020871,-0.00244153905017086
-3.1088677301148993,-178.125,-0.0038,17.238297724715974,0.12663272616603005,0.045000620606079456,-1.3143490302908338,0.03078799415790758,0.051162418400064524
-3.0434178831651124,-174.37500000000003,-0.0038,17.05763591110063,0.12331155340736065,0.043134837936909184,-1.3239118338119527,0.031054629417203508,0.03412924913880033
-2.9779680362153247,-170.625,-0.0038,16.762112209415232,0.12245704437130091,0.04332451653430266,-1.316269799081387,0.0301526636572064,-0.03895455687713323
-2.912518189265537,-166.87499999999997,-0.0038,16.80007885767715,0.12284708579349521,0.04361402580861933,-1.316209335065464,0.030032209367559768,-0.07682838526922708
-2.84706834231575,-163.125,-0.0038,16.95102483026025,0.12266366064604431,0.04338758033991836,-1.3228940060498913,0.030334895567515993,-0.08304945634267824
-2.7816184953659624,-159.37499999999997,-0.0038,17.028189637014478,0.12277241309905224,0.04333871394762512,-1.3257714344955334,0.030501080011804675,-0.09621577184401886
-2.7161686484161756,-155.625,-0.0038,17.02644624241935,0.12219562578120761,0.04300889597435419,-1.330096359237676,0.030530973736764697,-0.12327702598838286
-2.650718801466388,-151.875,-0.0038,16.9634342145442,0.12128782104603482,0.04255314576381408,-1.3343933161156512,0.03046136718452547,-0.14431431951636142
-2.585268954516601,-148.12500000000003,-0.0038,16.82094584432556,0.11994125354879187,0.04200976945997393,-1.3379965622980212,0.03019353341870738,-0.17031941880887658
-2.5198191075668133,-144.375,-0.0038,16.554101944614857,0.11773336235728259,0.041152932181822977,-1.3419837133574655,0.02970962528127747,-0.1949727036251545
-2.4543692606170255,-140.62499999999997,-0.0038,16.553650750293755,0.1174301008939999,0.04097024148478389,-1.346590576140331,0.02968526545308722,-0.22171676749300673
-2.3889194136672387,-136.875,-0.0038,16.057220621466083,0.11362052543019016,0.03969283707466624,-1.3505524102114457,0.028658442145999843,-0.2688910525995887
-2.323469566717451,-133.125,-0.0038,16.085465261628862,0.1135957874721018,0.0397039114820218,-1.354069039623897,0.028615960951017233,-0.3077301426711401
-2.258019719767664,-129.37500000000003,-0.0038,15.75019199085126,0.1109121558599369,0.03868339314349838,-1.3609341520754032,0.027950038147094784,-0.3432592139670554
-2.1925698728178764,-125.625,-0.0038,15.349937508640993,0.10777487009952973,0.03744445714849551,-1.3712399070480792,0.027167729337818688,-0.40972745751971296
-2.1271200258680896,-121.87500000000003,-0.0038,15.864092260908945,0.11131073208937546,0.038268281895460186,-1.3856086816611095,0.028141983360072755,-0.4826282672312221
-2.061670178918302,-118.125,-0.0038,15.620111604342041,0.10959535625102156,0.037524691198415214,-1.3931204097483478,0.027686168946532634,-0.41821138399631685
-1.9962203319685143,-114.375,-0.0038,14.724800171266708,0.1031375489839321,0.03530260443416408,-1.4070927738863648,0.02578660106921176,-0.22923446526349878
-1.930770485018727,-110.625,-0.0038,14.06194174466922,0.09854163283460028,0.03361737849477484,-1.425394361384004,0.02431496396771861,-0.47196703256580186
-1.8653206380689398,-106.875,-0.0038,12.704708679924927,0.08856853808915863,0.030653417580324253,-1.4315766411716084,0.02141964246180813,-1.0557114029920704
-1.7998707911191523,-103.125,-0.0038,12.324886622453473,0.08583258786252249,0.029857676557351935,-1.4416198135249727,0.02042979492179467,-0.8200812234301829
-1.734420944169365,-99.375,-0.0038,12.175805668198723,0.08606038170662504,0.02946699495151951,-1.4829166212960332,0.01979413973997691,-0.7270581883082468
-1.6689710972195777,-95.625,-0.0038,10.664877387595762,0.07648585577527893,0.026243447465270128,-1.5195057017621119,0.016486833949363084,-0.7464585101964456
-1.6035212502697904,-91.87500000000001,-0.0038,9.593392364991104,0.07037470503317371,0.024344712277408826,-1.5582719967965133,0.013456442453138923,-0.3076956711979921
-1.538071403320003,-88.125,-0.0038,8.322908057967858,0.0619387432535329,0.02178398789498101,-1.5764601146803332,0.010453380269213875,-0.20556265895076464
-1.4726215563702156,-84.375,-0.0038,7.131408727989122,0.054587758913934865,0.01945311263494443,-1.5966162541537037,0.007801319942078165,-0.633353318262758
-1.4071717094204284,-80.62500000000001,-0.0038,6.487637835779121,0.057317240388975364,0.01915476731241535,-1.670220933424568,0.0063128573891744,-0.6315519960835267
-1.3417218624706408,-76.875,-0.0038,5.0617484996733895,0.04682888150809832,0.015539195648053039,-1.6842363625417966,0.004763771439633223,-0.5225078540512182
-1.2762720155208536,-73.125,-0.0038,4.436110182765789,0.04272030363780839,0.014040880469683853,-1.6969255426353318,0.004223472158304304,-0.4596622484785611
-1.2108221685710663,-69.37500000000001,-0.0038,3.720493623226907,0.04103496701437488,0.012781002489510168,-1.7364230122048612,0.004064057665274422,-0.3769109585617896
-1.145372321621279,-65.62500000000001,-0.0038,3.225855427657248,0.03905275542613524,0.011794350465244135,-1.7601384662820094,0.004123934739940616,-0.31451352162564605
-1.0799224746714915,-61.87500000000001,-0.0038,2.6416943544880276,0.03460189889706403,0.010384480398819767,-1.7703584363450382,0.003710137544145338,-0.22284624087120042
-1.0144726277217042,-58.12500000000001,-0.0038,2.408709373047937,0.0322928809732551,0.009750224946160239,-1.7577464915016987,0.0031736693737082575,-0.17934027458146673
-0.9490227807719169,-54.375000000000014,-0.0038,2.0405152492811003,0.027698920509980178,0.008185443522164746,-1.6946376618694459,0.0016462067447780367,-0.1102049213234233
-0.8835729338221296,-50.62500000000002,-0.0038,1.6731550001376008,0.029832428706498403,0.005153936029689829,-1.3848106814933305,0.002632131086977822,-0.01033659580485824
-0.8181230868723421,-46.87500000000001,-0.0038,1.4998743886759425,0.04313677934288326,0.003431970176001147,-0.6398032458185143,0.0058716401334793465,0.0834889179591698
-0.7526732399225546,-43.125,-0.0038,1.4274083472252423,0.06153851787349027,0.004795710587910953,0.3648506440457149,0.00921487318810092,0.19327414956413214
-0.6872233929727674,-39.37500000000001,-0.0038,1.4014279003426733,0.08924953498914885,0.010604939191556681,0.9074049234555726,0.014283645309982078,0.28559951679794193
-0.6217735460229801,-35.62500000000001,-0.0038,1.3731988542246156,0.1125453415027671,0.017979985025820943,1.1271663809401988,0.01882777169982381,0.3255218895140044
-0.5563236990731928,-31.875000000000014,-0.0038,1.4436166731830666,0.1342331664710855,0.025523684877673,1.2239187899197161,0.022867600992271194,0.3823362103343777
-0.4908738521234055,-28.125000000000018,-0.0038,1.5242191822517634,0.1523299919755856,0.03384927208943008,1.2881581084944107,0.025864607973532062,0.41787135669601727
-0.425424005173618,-24.37500000000001,-0.0038,1.6099596239772522,0.16625222604242917,0.04150862992241657,1.3229920258358758,0.027633408255895938,0.43158197040249635
-0.3599741582238305,-20.625000000000004,-0.0038,1.7024484253136043,0.17079009797551734,0.04739839468383099,1.3327985767315023,0.026694019353385508,0.41107341434843025
-0.2945243112740432,-16.875000000000007,-0.0038,1.7638580628077878,0.16829704851664817,0.0495342642640519,1.3260658595483332,0.02434585357695069,0.37639795202014437
-0.22907446432425593,-13.12500000000001,-0.0038,1.8863653810745042,0.1608885486512889,0.050077613876925504,1.2926296396761903,0.020498208634591984,0.3130661976588516
-0.16362461737446865,-9.375000000000014,-0.0038,1.8971771063017147,0.14394988682429738,0.046170315555126705,1.2409505653998458,0.01658952731579898,0.25034452025971743
-0.09817477042468137,-5.625000000000019,-0.0038,1.8720678569276419,0.12654803419551738,0.04065385594221724,1.1711177203050147,0.012333531207809724,0.16160629590373565
-0.03272492347489386,-1.8750000000000107,-0.0038,1.8361580380117524,0.10791578995420673,0.03371458502822743,1.0299677346750382,0.009801506602934155,0.052585635757361304
0.03272492347489364,1.8749999999999978,-0.0038,1.783572402254391,0.09626794885218869,0.02910092765805302,0.8846689570941351,0.010402456472761565,-0.052585635757361304
0.09817477042468092,5.624999999999994,-0.0038,1.7104615610239062,0.08587909384283976,0.025366837522629658,0.7121859835166907,0.011145996582544214,-0.16160629590373565
0.1636246173744682,9.37499999999999,-0.0038,1.6468325860419972,0.0791713829199155,0.022845148969461535,0.5202243501181905,0.011983936890230126,-0.25034452025971743
0.2290744643242555,13.124999999999986,-0.0038,1.5732991834156527,0.0753826797769619,0.021178305209080574,0.354010952299853,0.01294559675341763,-0.3130661976588516
0.29452431127404277,16.874999999999982,-0.0038,1.3874601107876434,0.06769110069875489,0.018400230581652143,0.21736976467419464,0.014303603970005201,-0.37639795202014437
0.35997415822383005,20.624999999999975,-0.0038,1.291375010965174,0.06335623085868468,0.01679843333319559,0.15579213997369243,0.01494268343890225,-0.41107341434843025
0.42542400517361756,24.374999999999986,-0.0038,1.1783776535747559,0.057311274885879296,0.014405197438691666,0.10639656996362631,0.015202842669653134,-0.43158197040249635
0.49087385212340506,28.124999999999993,-0.0038,1.1063478255557462,0.051474377675184875,0.011990749058633005,0.1094892847950905,0.01480265484326794,-0.41787135669601727
0.5563236990731923,31.87499999999999,-0.0038,1.061280462848689,0.04613695734204886,0.009488252364865567,0.13452823308648967,0.014048284548832925,-0.3823362103343777
0.6217735460229796,35.624999999999986,-0.0038,1.0476769647106112,0.04090848459114414,0.007250520885817471,0.16264484809293825,0.012794166781764836,-0.3255218895140044
0.6872233929727669,39.37499999999998,-0.0038,1.1158283835447314,0.034999360932435546,0.005063173195354894,0.1521300761738117,0.011088348476846215,-0.28559951679794193
0.7526732399225542,43.12499999999998,-0.0038,1.2341341976611102,0.02777830622629912,0.0035305670073317954,-0.04318315554946535,0.008859103006683352,-0.19327414956413214
0.8181230868723417,46.874999999999986,-0.0038,1.4163854707167727,0.02587228887574497,0.0033982749830612207,-0.3079084863455725,0.008179241103182985,-0.0834889179591698
0.8835729338221292,50.62499999999999,-0.0038,1.683491595942459,0.030690866955144103,0.0041643516313910976,-0.5032480205837209,0.009298016472304703,0.01033659580485824
0.9490227807719163,54.37499999999998,-0.0038,2.1507201706045236,0.04428254592300879,0.005837267903256937,-0.6112798214146749,0.012840301874488048,0.1102049213234233
1.0144726277217035,58.12499999999997,-0.0038,2.5880496476294037,0.05436456385888763,0.007344322255963729,-0.6759611344543383,0.01559765879892046,0.17934027458146673
1.0799224746714913,61.87499999999999,-0.0038,2.864540595359228,0.05885412265452533,0.008256932628997467,-0.7240576037488932,0.016851518946322152,0.22284624087120042
1.1453723216212786,65.62499999999999,-0.0038,3.540368949282894,0.06635813296580388,0.010237156422481242,-0.817387889848555,0.019050804203631335,0.31451352162564605
1.2108221685710658,69.37499999999999,-0.0038,4.097404581788696,0.07027084436498758,0.01185542302460602,-0.8861585078895758,0.02019883613650203,0.3769109585617896
1.2762720155208531,73.12499999999999,-0.0038,4.8957724312443505,0.07508504889132378,0.014262388497257318,-0.963869100418471,0.021489791500898053,0.4596622484785611
1.3417218624706404,76.87499999999997,-0.0038,5.584256353724608,0.08263133283412727,0.016322640580367205,-0.9883083950658941,0.023600762368859458,0.5225078540512182
1.4071717094204277,80.62499999999997,-0.0038,7.119189831862648,0.10104848059683508,0.020952782317530963,-1.0164874721048824,0.028736751880606322,0.6315519960835267
1.472621556370215,84.37499999999997,-0.0038,7.76476204625188,0.09529123910234318,0.022823579482284934,-1.0950957142777482,0.026587625467716248,0.633353318262758
1.5380714033200027,88.12499999999999,-0.0038,8.528470716918623,0.10111496273082751,0.025256873402504553,-1.1167672826413526,0.027868695692179413,0.20556265895076464
1.60352125026979,91.87499999999999,-0.0038,9.901088036189096,0.11557448391322146,0.02969239346975282,-1.1307041476314272,0.03141838169269539,0.3076956711979921
1.6689710972195773,95.62499999999999,-0.0038,11.411335897792208,0.12414940413474679,0.03439724898346821,-1.1690266165922059,0.03267958919371555,0.7464585101964456
1.7344209441693645,99.37499999999997,-0.0038,12.90286385650697,0.13258194994271894,0.03870073820281869,-1.195314370052671,0.03406924302826499,0.7270581883082468
1.7998707911191518,103.12499999999997,-0.0038,13.144967845883656,0.1266076199133933,0.03883442832604679,-1.2197570482275057,0.031863227645750496,0.8200812234301829
1.8653206380689396,106.875,-0.0038,13.760420082916998,0.13051415632719354,0.04058957205719665,-1.2268106917476462,0.03253996218481667,1.0557114029920704
1.9307704850187268,110.62499999999999,-0.0038,14.533908777235022,0.1347627769888476,0.04274440557481863,-1.236697530786565,0.03312378287671514,0.47196703256580186
1.9962203319685141,114.37499999999999,-0.0038,14.954034636530206,0.13558728625353822,0.04373923523639286,-1.245136589356395,0.032979260136567774,0.22923446526349878
2.0616701789183014,118.12499999999999,-0.0038,16.038322988338358,0.1438976171381652,0.04691129453117103,-1.2509466330705419,0.03461565332152183,0.41821138399631685
2.1271200258680887,121.87499999999997,-0.0038,16.346720528140168,0.14458552899987706,0.04757955094594291,-1.255536990494591,0.03462084614750561,0.4826282672312221
2.192569872817876,125.62499999999997,-0.0038,15.759664966160706,0.1349108863468132,0.04526409851569056,-1.2651801153375872,0.03208066519816234,0.40972745751971296
2.2580197197676632,129.37499999999997,-0.0038,16.093451204818315,0.13498508549771274,0.04586302403967418,-1.2718506308923594,0.03189453091615022,0.3432592139670554
2.323469566717451,133.125,-0.0038,16.393195404300002,0.13558933543338003,0.046438327800454905,-1.2762165481626222,0.031938128163769654,0.3077301426711401
2.3889194136672383,136.87499999999997,-0.0038,16.32611167406567,0.13418697399447554,0.046140418603745244,-1.2783796767122404,0.03153219426701042,0.2688910525995887
2.4543692606170255,140.62499999999997,-0.0038,16.775367517786762,0.1369494867157705,0.04730661840071878,-1.280894517684586,0.032064159933208686,0.22171676749300673
2.519819107566813,144.37499999999997,-0.0038,16.74907464824001,0.13536741788362908,0.047004125733001424,-1.283845823671788,0.03165319013257879,0.1949727036251545
2.5852689545166,148.12499999999997,-0.0038,16.991265263134437,0.13609475221551598,0.04746239459748546,-1.2864359491053114,0.03180675842274259,0.17031941880887658
2.6507188014663874,151.87499999999997,-0.0038,17.107748534060562,0.13592560917393337,0.04758277356606605,-1.2888025737489144,0.031758147688746206,0.14431431951636142
2.7161686484161747,155.62499999999997,-0.0038,17.149723268407733,0.13478450562742744,0.04738965045803551,-1.2918680098507775,0.03153259494486715,0.12327702598838286
2.7816184953659624,159.37499999999997,-0.0038,17.124405408858497,0.13300321540620805,0.04696557340225286,-1.2953990972251637,0.031181310454778798,0.09621577184401886
2.8470683423157497,163.12499999999997,-0.0038,17.034074286602927,0.1313097143991002,0.046490775682705564,-1.2977840622527366,0.030824515087759144,0.08304945634267824
2.912518189265537,166.87499999999997,-0.0038,16.876907242946377,0.12765098817950826,0.04540001860581581,-1.3039765759973918,0.030189530394951546,0.07682838526922708
2.9779680362153242,170.62499999999997,-0.0038,16.801066766292365,0.1273425062337949,0.04536413192351183,-1.3041170082862015,0.029912782038701975,0.03895455687713323
3.0434178831651115,174.37499999999997,-0.0038,17.02350666196183,0.13278963657412035,0.04708595099670737,-1.29673704850018,0.0305950725691355,-0.03412924913880033
3.1088677301148993,178.125,-0.0038,17.18713530631591,0.13212371816397905,0.047020997102473046,-1.3000308594037266,0.030710866718625367,-0.051162418400064524
-3.1088677301148993,-178.125,-0.0034000000000000002,17.838392450283557,0.1318973258315274,0.04694276051586503,-1.3111417746998828,0.03180193437969068,0.007566141984909791
-3.0434178831651124,-174.37500000000003,-0.0034000000000000002,17.861479857132654,0.13081712983771035,0.046293251460995895,-1.3145572365923566,0.032128547188719644,0.0011368683195946971
-2.9779680362153247,-170.625,-0.0034000000000000002,17.880099216379822,0.13100037977397086,0.046416443210605035,-1.3143989024787783,0.0320915494344312,-0.039971175412322424
-2.912518189265537,-166.87499999999997,-0.0034000000000000002,17.96681585742105,0.1311773110584041,0.04649984814584959,-1.3165764803123838,0.03216173806614283,-0.06657922603135091
-2.84706834231575,-163.125,-0.0034000000000000002,17.99734346182434,0.13042533684293442,0.04612399723376565,-1.321323178049281,0.032224361807761684,-0.0844885414958334
-2.7816184953659624,-159.37499999999997,-0.0034000000000000002,18.064250379791417,0.1305098372623189,0.046137486540007294,-1.3236445239989947,0.032295087014493545,-0.10894789621223211
-2.7161686484161756,-155.625,-0.0034000000000000002,18.045411342074225,0.1297362838558515,0.04577011527008364,-1.3278096173854652,0.032254681610312856,-0.13468403312004895
-2.650718801466388,-151.875,-0.0034000000000000002,17.9218438476782,0.12836901396789252,0.04521369840258093,-1.3315388836788038,0.03201395252269924,-0.15946060842964016
-2.585268954516601,-148.12500000000003,-0.0034000000000000002,17.78156525325888,0.1269676905982153,0.04468064640563504,-1.3349874096943732,0.031712564663717295,-0.18778832957870506
-2.5198191075668133,-144.375,-0.0034000000000000002,17.460888435293967,0.12431144793233882,0.04369162398056681,-1.3387654492506131,0.031101372601169373,-0.21022223673057283
-2.4543692606170255,-140.62499999999997,-0.0034000000000000002,17.421223607590992,0.12366684817677662,0.04347941141432672,-1.3427443369201226,0.03091347215477568,-0.2445009170814565
-2.3889194136672387,-136.875,-0.0034000000000000002,16.97918854273125,0.12010034405092208,0.04226918361023683,-1.347871085125476,0.029954749176325325,-0.27789103065683207
-2.323469566717451,-133.125,-0.0034000000000000002,16.962716998853,0.1197175295150394,0.04218806486699894,-1.3512605126615502,0.029785935742988493,-0.3046276883316992
-2.258019719767664,-129.37500000000003,-0.0034000000000000002,16.563359875483997,0.11650665226849329,0.04105410631689211,-1.3573298738737278,0.02894465025819781,-0.3277945885306792
-2.1925698728178764,-125.625,-0.0034000000000000002,15.942212592728959,0.11172082044022183,0.039304216587560836,-1.3660026293791092,0.027731942554383715,-0.35602023317709275
-2.1271200258680896,-121.87500000000003,-0.0034000000000000002,15.785043467118204,0.11035473405065829,0.03881442740001983,-1.372237161786152,0.027327657916211164,-0.3830258898741903
-2.061670178918302,-118.125,-0.0034000000000000002,15.509978704360089,0.10822507098104707,0.03806524579550798,-1.3776518593396052,0.026723369671475813,-0.38501655450618166
-1.9962203319685143,-114.375,-0.0034000000000000002,14.846919128414838,0.10320118318865569,0.03631244686091391,-1.3910338929798691,0.02525602233121255,-0.38313396849444814
-1.930770485018727,-110.625,-0.0034000000000000002,14.228142786949238,0.09863398347846353,0.03473770797334063,-1.4037675626443913,0.02386997697105154,-0.45915107318848847
-1.8653206380689398,-106.875,-0.0034000000000000002,13.430820410591519,0.09285912768818774,0.032838017692501435,-1.4173685948496644,0.022088246215985655,-0.6143004124823843
-1.7998707911191523,-103.125,-0.0034000000000000002,13.192536676243733,0.0911629731601061,0.032264874407365654,-1.4291201214313436,0.021391380593093784,-0.6254191785434848
-1.734420944169365,-99.375,-0.0034000000000000002,13.704329253032597,0.09601305762836086,0.03329805803015803,-1.4764521923552367,0.02162685283607943,-0.6385975295975275
-1.6689710972195777,-95.625,-0.0034000000000000002,12.392910766154264,0.08903052015207197,0.030623358684092584,-1.5290977688208234,0.018242652728744885,-0.6677832737532441
-1.6035212502697904,-91.87500000000001,-0.0034000000000000002,10.556063399500008,0.07957624679397954,0.027207754972006858,-1.5865111845969613,0.013667755914589089,-0.6903459396530867
-1.538071403320003,-88.125,-0.0034000000000000002,8.73886332099908,0.06562675820675846,0.023003917171003137,-1.5844288367145962,0.010539368775064804,-0.6501329667879006
-1.4726215563702156,-84.375,-0.0034000000000000002,7.884336907939561,0.06018949866432601,0.021242327757407163,-1.5961720519580427,0.008902104091443631,-0.6448065197816177
-1.4071717094204284,-80.62500000000001,-0.0034000000000000002,7.046361429334269,0.05996226457235299,0.020256563203106724,-1.6556569410708495,0.006940391457993552,-0.6416296540948654
-1.3417218624706408,-76.875,-0.0034000000000000002,5.720603995787335,0.05245996123028577,0.017307200344100167,-1.6856854913388584,0.005624031869179926,-0.5783788625496609
-1.2762720155208536,-73.125,-0.0034000000000000002,4.951587253375543,0.04649470938217211,0.015376087856186242,-1.6934744646317308,0.004977979282077928,-0.5229166267231333
-1.2108221685710663,-69.37500000000001,-0.0034000000000000002,4.069205681478485,0.04015430578584644,0.013299175037796443,-1.7083193476646963,0.004239502310995332,-0.4451815670714252
-1.145372321621279,-65.62500000000001,-0.0034000000000000002,3.548479020638737,0.03639713147025624,0.012126517848067519,-1.71788639751243,0.0037992771558292113,-0.3876529554519723
-1.0799224746714915,-61.87500000000001,-0.0034000000000000002,2.9076978389495305,0.03101404463937762,0.01064388185202662,-1.7141493641952106,0.0028797566199692992,-0.2947462710393589
-1.0144726277217042,-58.12500000000001,-0.0034000000000000002,2.6453387782997964,0.028335164977869223,0.009924570309520696,-1.6946408824183892,0.0021318913447293873,-0.24686981319127943
-0.9490227807719169,-54.375000000000014,-0.0034000000000000002,2.2533610042905274,0.02453523267916386,0.008299526980316815,-1.6146046140270713,0.0006890982287184929,-0.16485903930027446
-0.8835729338221296,-50.62500000000002,-0.0034000000000000002,1.8735817250098783,0.0327070332365554,0.005327646669899826,-1.2386699449956156,0.003892046350395991,-0.03836516182255734
-0.8181230868723421,-46.87500000000001,-0.0034000000000000002,1.691449291803169,0.05008814611896679,0.004064522077185539,-0.4412308634235669,0.007340911145021841,0.06731949850279229
-0.7526732399225546,-43.125,-0.0034000000000000002,1.585015704138693,0.07005152560056106,0.006017312928610425,0.4283401722957812,0.010681094838301416,0.16940902918783785
-0.6872233929727674,-39.37500000000001,-0.0034000000000000002,1.5759293017341398,0.10165249508704267,0.012901485419619245,0.9221094784722409,0.01605810474014182,0.2977248510061483
-0.6217735460229801,-35.62500000000001,-0.0034000000000000002,1.5942237981952678,0.13053106121223798,0.021783925375589607,1.1286258251568158,0.021281656865994765,0.39590180212406834
-0.5563236990731928,-31.875000000000014,-0.0034000000000000002,1.6870941469636458,0.15556133314968087,0.030519803652346397,1.2220937293232559,0.025764023767429436,0.47037782670565687
-0.4908738521234055,-28.125000000000018,-0.0034000000000000002,1.7863686842022706,0.17590168854327787,0.03987908988899,1.2850289371054224,0.028983745896418018,0.5160084778445171
-0.425424005173618,-24.37500000000001,-0.0034000000000000002,1.8918497921940665,0.19162195952298858,0.04834899921662251,1.3206101832075643,0.030856411011815826,0.5346842968564269
-0.3599741582238305,-20.625000000000004,-0.0034000000000000002,2.0038807642718175,0.19650146240424804,0.054461247354602074,1.3308464014060506,0.029678227599006724,0.5105889546166011
-0.2945243112740432,-16.875000000000007,-0.0034000000000000002,2.0737133696072823,0.19308843929144037,0.056252242111126616,1.3238199413512997,0.02698360389860612,0.467283452447091
-0.22907446432425593,-13.12500000000001,-0.0034000000000000002,2.1913223915548308,0.1818110605328426,0.05530862412747753,1.287204054874595,0.022721892943364155,0.38684540134431433
-0.16362461737446865,-9.375000000000014,-0.0034000000000000002,2.2068526357383735,0.16330019015857755,0.05046178286620319,1.2332303596428267,0.01881463973438446,0.31093671571401127
-0.09817477042468137,-5.625000000000019,-0.0034000000000000002,2.1731262451276527,0.1444282346597966,0.04392957806561452,1.1588619837250302,0.015357844429434376,0.20081556927180366
-0.03272492347489386,-1.8750000000000107,-0.0034000000000000002,2.1232208338311445,0.12443524096850607,0.03604251543062327,1.0105154428186498,0.014484446327818706,0.06460879655827201
0.03272492347489364,1.8749999999999978,-0.0034000000000000002,2.0586120372728725,0.11205016896120708,0.031024973245070732,0.8614716650216332,0.01560738078849915,-0.06460879655827201
0.09817477042468092,5.624999999999994,-0.0034000000000000002,1.972310675855849,0.10092050520577373,0.027172531537930873,0.6921940934900611,0.016273401787683644,-0.20081556927180366
0.1636246173744682,9.37499999999999,-0.0034000000000000002,1.8959159200243623,0.09247563115221498,0.02457970979958723,0.5056168855187252,0.016334725746892584,-0.31093671571401127
0.2290744643242555,13.124999999999986,-0.0034000000000000002,1.8044769902105164,0.08640614274141685,0.022743670380669493,0.3367597955315317,0.016099827626377433,-0.38684540134431433
0.29452431127404277,16.874999999999982,-0.0034000000000000002,1.6064299171601912,0.07732239346454081,0.019949902053362868,0.19729248146052816,0.016843142639712406,-0.467283452447091
0.35997415822383005,20.624999999999975,-0.0034000000000000002,1.4932918096552164,0.07173321898173511,0.018188675891839277,0.14255436699158408,0.017277026006474187,-0.5105889546166011
0.42542400517361756,24.374999999999986,-0.0034000000000000002,1.3571654953376395,0.06409657077079613,0.015513133434885695,0.10349316572364183,0.01729697743884834,-0.5346842968564269
0.49087385212340506,28.124999999999993,-0.0034000000000000002,1.2703602063577535,0.05716432628511556,0.012834660711961526,0.11457280197641401,0.016700012746841818,-0.5160084778445171
0.5563236990731923,31.87499999999999,-0.0034000000000000002,1.216716320257989,0.05103415006716946,0.010099791876845204,0.14604373081275782,0.015736274378948548,-0.47037782670565687
0.6217735460229796,35.624999999999986,-0.0034000000000000002,1.1983219960711995,0.044995015820807505,0.00764879096344481,0.1764902971049456,0.014205309602485004,-0.39590180212406834
0.6872233929727669,39.37499999999998,-0.0034000000000000002,1.2782044507279915,0.03822579521977513,0.00527363550506141,0.15768208734377676,0.012187969329481822,-0.2977248510061483
0.7526732399225542,43.12499999999998,-0.0034000000000000002,1.4156066749508551,0.030051914881378646,0.003690219573302454,-0.07472864194933336,0.009648172624282117,-0.16940902918783785
0.8181230868723417,46.874999999999986,-0.0034000000000000002,1.6241297933003767,0.027744980694551842,0.003666534241019714,-0.36657830360547705,0.00884164497004192,-0.06731949850279229
0.8835729338221292,50.62499999999999,-0.0034000000000000002,1.9119468868324356,0.03242697219366333,0.0045829120198351316,-0.5636674343835826,0.009891643651647606,0.03836516182255734
0.9490227807719163,54.37499999999998,-0.0034000000000000002,2.418220043590802,0.046127345489750844,0.006446486709132037,-0.6679848985697815,0.013438673470009774,0.16485903930027446
1.0144726277217035,58.12499999999997,-0.0034000000000000002,2.892208591491076,0.05568097862189325,0.008091086532236804,-0.7375434897861521,0.016038618738591134,0.24686981319127943
1.0799224746714913,61.87499999999999,-0.0034000000000000002,3.2024441099888894,0.059891602819808425,0.009137072976161335,-0.7897876853879133,0.017191696110802866,0.2947462710393589
1.1453723216212786,65.62499999999999,-0.0034000000000000002,3.936131976090709,0.06738224536004778,0.011433255050015549,-0.8828147285702292,0.01928888280068499,0.3876529554519723
1.2108221685710658,69.37499999999999,-0.0034000000000000002,4.514387248549911,0.07282999647177536,0.01316462591856236,-0.9304021894880593,0.02083068153208979,0.4451815670714252
1.2762720155208531,73.12499999999999,-0.0034000000000000002,5.474503880098676,0.0832694407140869,0.01600439423878927,-0.9730129280826461,0.02379429643751326,0.5229166267231333
1.3417218624706404,76.87499999999997,-0.0034000000000000002,6.298982858336996,0.09295733340478625,0.01843181601054676,-0.9935916486686601,0.026555292596739784,0.5783788625496609
1.4071717094204277,80.62499999999997,-0.0034000000000000002,7.687991083429134,0.10512346215101823,0.02254688207397742,-1.0391783583361534,0.029866293858433975,0.6416296540948654
1.472621556370215,84.37499999999997,-0.0034000000000000002,8.529143427721179,0.10390497086247276,0.025063599543533904,-1.1012319603448486,0.028979417954275326,0.6448065197816177
1.5380714033200027,88.12499999999999,-0.0034000000000000002,9.38899628778698,0.11175750117990824,0.027764881943425204,-1.1162592019058226,0.030896307940232133,0.6501329667879006
1.60352125026979,91.87499999999999,-0.0034000000000000002,11.246409339153095,0.13411213868514746,0.03370792073941307,-1.1218968112298693,0.03675937782489191,0.6903459396530867
1.6689710972195773,95.62499999999999,-0.0034000000000000002,13.060694039907508,0.14234479010555004,0.03918579298847086,-1.1674688822764119,0.03775981753686353,0.6677832737532441
1.7344209441693645,99.37499999999997,-0.0034000000000000002,14.342926782630125,0.14432038272577197,0.04264091090665851,-1.202144760233433,0.037107891352905764,0.6385975295975275
1.7998707911191518,103.12499999999997,-0.0034000000000000002,13.817955854787218,0.12837960395848103,0.040204767641807575,-1.230388738813147,0.03225494058472523,0.6254191785434848
1.8653206380689396,106.875,-0.0034000000000000002,14.045120823073903,0.1279311637871698,0.04069897497334255,-1.2381186654762402,0.0318454064637394,0.6143004124823843
1.9307704850187268,110.62499999999999,-0.0034000000000000002,14.687293860137727,0.13105890959716485,0.042429814712914085,-1.2469471722655705,0.032203538736704895,0.45915107318848847
1.9962203319685141,114.37499999999999,-0.0034000000000000002,15.230053096909286,0.13353567607450437,0.04382663653071356,-1.2539520561786048,0.03249585885541515,0.38313396849444814
2.0616701789183014,118.12499999999999,-0.0034000000000000002,15.89499525886627,0.13672608951546042,0.04547449440005759,-1.2607451974992319,0.03301390084457262,0.38501655450618166
2.1271200258680887,121.87499999999997,-0.0034000000000000002,16.168069356992394,0.13779592159931886,0.046112659881546156,-1.2638669091205637,0.03315525850288636,0.3830258898741903
2.192569872817876,125.62499999999997,-0.0034000000000000002,16.29823282590605,0.13731200248032416,0.04632134469260496,-1.2680711635540713,0.03286029903173585,0.35602023317709275
2.2580197197676632,129.37499999999997,-0.0034000000000000002,16.891154464014676,0.13995090541314154,0.047712001676916756,-1.273735984677381,0.03329549294900609,0.3277945885306792
2.323469566717451,133.125,-0.0034000000000000002,17.2673446871847,0.14142799499626546,0.04855958070415839,-1.2776775201686639,0.03351064294853867,0.3046276883316992
2.3889194136672383,136.87499999999997,-0.0034000000000000002,17.257079573388083,0.14055469946197313,0.04844372180094897,-1.2797783989555498,0.033199606472753364,0.27789103065683207
2.4543692606170255,140.62499999999997,-0.0034000000000000002,17.66572452467245,0.14253956058704803,0.04941687736502914,-1.2830958484121289,0.03354009532270219,0.2445009170814565
2.519819107566813,144.37499999999997,-0.0034000000000000002,17.67111067202454,0.14150338645178923,0.049270317449077346,-1.2856247928499673,0.033219726499598444,0.21022223673057283
2.5852689545166,148.12499999999997,-0.0034000000000000002,17.969353582837584,0.1426725909037591,0.04987621865338436,-1.2881740238215027,0.0334817420158653,0.18778832957870506
2.6507188014663874,151.87499999999997,-0.0034000000000000002,18.08130445610784,0.1424684560592815,0.04998409135445771,-1.2905563686518808,0.033416782416827294,0.15946060842964016
2.7161686484161747,155.62499999999997,-0.0034000000000000002,18.180095375194274,0.14198563809205622,0.0499957375993513,-1.293261743432521,0.033320136857624395,0.13468403312004895
2.7816184953659624,159.37499999999997,-0.0034000000000000002,18.17319827600365,0.1403970923265251,0.04963505307711124,-1.2966378807578427,0.03299532083155911,0.10894789621223211
2.8470683423157497,163.12499999999997,-0.0034000000000000002,18.081832003320173,0.13894715009649222,0.04924322677371556,-1.298698673743309,0.03263205134804106,0.0844885414958334
2.912518189265537,166.87499999999997,-0.0034000000000000002,18.0333950834524,0.13681657552384743,0.048664727453855236,-1.3029960101840026,0.032241760840294974,0.06657922603135091
2.9779680362153242,170.62499999999997,-0.0034000000000000002,17.920070391792144,0.13531634320056543,0.04823544479733049,-1.3050527409182555,0.03184482743198032,0.039971175412322424
3.0434178831651115,174.37499999999997,-0.0034000000000000002,17.86034298881306,0.13525821582927564,0.04827027902145646,-1.304629933984478,0.031649047475690306,-0.0011368683195946971
3.1088677301148993,178.125,-0.0034000000000000002,17.830826308298647,0.13435333334657754,0.04796385933831183,-1.3057318943761103,0.031602597542661315,-0.007566141984909791
-3.1088677301148993,-178.125,-0.003,18.332783203815897,0.1355807108759828,0.04821653405619911,-1.3105356929253975,0.03272500892068148,-0.055907967559644334
-3.0434178831651124,-174.37500000000003,-0.003,18.356836765845223,0.13488377085298098,0.04781209967169387,-1.312742860138344,0.0329332084946987,-0.006002753797972105
-2.9779680362153247,-170.625,-0.003,18.389766612202536,0.13481959125768456,0.04778512203494932,-1.3138558263909654,0.032967601285584264,-0.034806669505783816
-2.912518189265537,-166.87499999999997,-0.003,18.49165236908247,0.13495516042904113,0.04781036078642046,-1.3164308228383668,0.03310915600990849,-0.05357798367141342
-2.84706834231575,-163.125,-0.003,18.521431190061293,0.13420403000743591,0.047411408669109006,-1.3210214709274168,0.033192626463633364,-0.06769074357098859
-2.7816184953659624,-159.37499999999997,-0.003,18.591388932884843,0.13433945371146033,0.04745367480012728,-1.323151657759171,0.033259562367290434,-0.0926635858603575
-2.7161686484161756,-155.625,-0.003,18.5821374631452,0.13365392998617912,0.04712537394211145,-1.3270101656093756,0.03322503495933423,-0.11639043910638946
-2.650718801466388,-151.875,-0.003,18.463793833836178,0.1323322050627281,0.04659651192331868,-1.3304958360840635,0.03298423963045662,-0.139458964273377
-2.585268954516601,-148.12500000000003,-0.003,18.33988822994863,0.13104987697723555,0.04611153982712232,-1.3337756401037058,0.032704451919934624,-0.16559532952560474
-2.5198191075668133,-144.375,-0.003,18.027348797949223,0.1284457459296788,0.04515096275161177,-1.3373138332069703,0.03209780106800988,-0.18582402571263756
-2.4543692606170255,-140.62499999999997,-0.003,18.015183765999872,0.12798937817002448,0.04501635486165714,-1.3410710949299935,0.03194332249345564,-0.21809859157248113
-2.3889194136672387,-136.875,-0.003,17.60740072279571,0.12463639160189569,0.04388717625812392,-1.3461079074241855,0.031028354701494235,-0.2487345085460113
-2.323469566717451,-133.125,-0.003,17.61905335759231,0.12442972353366068,0.04387662653111443,-1.349465142666818,0.030891922345612492,-0.27369096544954274
-2.258019719767664,-129.37500000000003,-0.003,17.243098442086122,0.12129681512526093,0.04281293795920941,-1.3559145717520409,0.030013529586376486,-0.29684934496655657
-2.1925698728178764,-125.625,-0.003,16.59523865380281,0.11619112699214268,0.041030876073129226,-1.3650635713978736,0.028625551939751397,-0.3278080158233081
-2.1271200258680896,-121.87500000000003,-0.003,16.356281303073125,0.11426367283208293,0.04035746628211414,-1.3702712437965843,0.028083081136647463,-0.3466635002350742
-2.061670178918302,-118.125,-0.003,16.0555446575919,0.11196162079471306,0.03955742941272715,-1.3747347295469188,0.02744212073286781,-0.350869057026987
-1.9962203319685143,-114.375,-0.003,15.389849509385709,0.10691211935869309,0.03781454143694578,-1.3856157363092863,0.025995898201395265,-0.36383471329897965
-1.930770485018727,-110.625,-0.003,14.793019235267852,0.10242678469679903,0.03630500145988499,-1.396541304408703,0.024628537292267636,-0.395650391614792
-1.8653206380689398,-106.875,-0.003,14.057593986114398,0.09694202713356316,0.034559902969759665,-1.4109632042633196,0.022822842925792088,-0.45537545476174124
-1.7998707911191523,-103.125,-0.003,13.601389538655388,0.09357893808519545,0.033514825924407535,-1.4226940131795212,0.021601760923145984,-0.488890975386191
-1.734420944169365,-99.375,-0.003,13.364918320316765,0.09209473785762527,0.03294960363539937,-1.4527161388281786,0.020372486884297283,-0.5283530513459738
-1.6689710972195777,-95.625,-0.003,12.360942897618314,0.08641117085949038,0.030798725976407464,-1.4990640892216864,0.017478704802747876,-0.5644489330156031
-1.6035212502697904,-91.87500000000001,-0.003,11.22257160416848,0.08053902939808531,0.0285169968837144,-1.5403393769568363,0.014628292735272764,-0.09801011426278805
-1.538071403320003,-88.125,-0.003,9.791271653240626,0.07146785138284499,0.025368134975184517,-1.5598157746164916,0.012040520349454215,-0.1741625049124984
-1.4726215563702156,-84.375,-0.003,8.377394170716729,0.0629170545167631,0.022350197564207048,-1.5843943066326052,0.009513993118174685,-0.6034358293834714
-1.4071717094204284,-80.62500000000001,-0.003,7.2980420675685265,0.05821850947543625,0.020343566623995137,-1.6223919852608684,0.007402116613104321,-0.5983892681052216
-1.3417218624706408,-76.875,-0.003,6.206053246030111,0.05413809070494006,0.0182886029053084,-1.665324763948294,0.0059079581326548095,-0.5722042656255901
-1.2762720155208536,-73.125,-0.003,5.452490612684231,0.04952866881728652,0.016603048375811676,-1.6816992361207876,0.0052800208530565775,-0.5334677363454983
-1.2108221685710663,-69.37500000000001,-0.003,4.495004581658377,0.0424207922274497,0.014355656143321576,-1.694831866346589,0.004518614153001509,-0.46652999898004754
-1.145372321621279,-65.62500000000001,-0.003,3.925711302300782,0.03771656099988976,0.01304206338079598,-1.6988816774622373,0.003987741374577906,-0.4151910411693911
-1.0799224746714915,-61.87500000000001,-0.003,3.22049151328726,0.03143216689808084,0.011445336676929882,-1.6879068755660882,0.0028299411750619483,-0.3341524977336703
-1.0144726277217042,-58.12500000000001,-0.003,2.9300884096643225,0.02854487329539209,0.010660184727132519,-1.6648876081028248,0.0020394112807706304,-0.2896610736164966
-0.9490227807719169,-54.375000000000014,-0.003,2.4972667648140185,0.02514561169011903,0.008860879325557134,-1.5762907996314373,0.0015437861007202703,-0.20411257245836412
-0.8835729338221296,-50.62500000000002,-0.003,2.08321313775702,0.03685036887914455,0.005666230465984631,-1.1610491970221566,0.005074752385042475,-0.0573424511617171
-0.8181230868723421,-46.87500000000001,-0.003,1.884111961017645,0.05705529620970109,0.004622216010808117,-0.3269149163133137,0.008648648874819222,0.06492662778200753
-0.7526732399225546,-43.125,-0.003,1.7655359475227572,0.07941943348498577,0.007180154775304895,0.4813901319622426,0.012125250393742033,0.1820916647368156
-0.6872233929727674,-39.37500000000001,-0.003,1.7683621703108545,0.11490736338388954,0.015118969071987372,0.9354523449307491,0.01775654176298331,0.3423204341463224
-0.6217735460229801,-35.62500000000001,-0.003,1.8067877795103588,0.14738750907788764,0.025087145504403406,1.1322142487555213,0.023164463060382234,0.4732719674600725
-0.5563236990731928,-31.875000000000014,-0.003,1.919044548026541,0.17515284468974254,0.03471650495542397,1.222760219721362,0.027757701875749784,0.5656472432188964
-0.4908738521234055,-28.125000000000018,-0.003,2.037240919148912,0.19753786621184444,0.044801813563681986,1.2836377774361847,0.03095559368753586,0.6230387208454671
-0.425424005173618,-24.37500000000001,-0.003,2.1614549155770955,0.2148101726488843,0.0537174012899389,1.3181572874465988,0.032828470568487055,0.6480270134050556
-0.3599741582238305,-20.625000000000004,-0.003,2.2910697911559432,0.2199253328670457,0.0596445120115691,1.3268522308441777,0.03161859783197178,0.6209843487795101
-0.2945243112740432,-16.875000000000007,-0.003,2.36622571428105,0.21530663394732835,0.06073880451653676,1.3170898535442364,0.029043485713875328,0.5706606332374067
-0.22907446432425593,-13.12500000000001,-0.003,2.452691971400958,0.19938916182857178,0.0576146590293004,1.2769345759664084,0.025011506359127154,0.46927216971046204
-0.16362461737446865,-9.375000000000014,-0.003,2.47860915285298,0.1820287913372416,0.05239504152741181,1.2223748898353222,0.02206093433800701,0.3714186107331936
-0.09817477042468137,-5.625000000000019,-0.003,2.4674728571909745,0.16316017998982033,0.04571830784104249,1.1391175634439674,0.020031883114315082,0.24371500927410494
-0.03272492347489386,-1.8750000000000107,-0.003,2.392399225350531,0.14230007040623768,0.03810170756021335,1.0055328239653518,0.019656728884913686,0.0182418877596473
0.03272492347489364,1.8749999999999978,-0.003,2.3741573375908835,0.13209735628068203,0.033158898098699104,0.8628296505470237,0.021713246502221124,-0.0182418877596473
0.09817477042468092,5.624999999999994,-0.003,2.2237578479168696,0.11476326531807941,0.02784789812419697,0.6469238978921398,0.02182515932864787,-0.24371500927410494
0.1636246173744682,9.37499999999999,-0.003,2.1071905421197865,0.10393206426995649,0.02504347230129652,0.4663427605241671,0.021228088139146895,-0.3714186107331936
0.2290744643242555,13.124999999999986,-0.003,1.983419801690496,0.09504867280179864,0.02306781711738692,0.31311646789890474,0.02015935855399407,-0.46927216971046204
0.29452431127404277,16.874999999999982,-0.003,1.7955650810436432,0.0850594002118604,0.020654760926698594,0.16711954835043222,0.019501375467146972,-0.5706606332374067
0.35997415822383005,20.624999999999975,-0.003,1.670085442376433,0.07854583331056347,0.018842749411422607,0.11702757881575143,0.01949304804851987,-0.6209843487795101
0.42542400517361756,24.374999999999986,-0.003,1.5134279021720398,0.069501403186661,0.0159658203612547,0.09270094818551286,0.01916667237312493,-0.6480270134050556
0.49087385212340506,28.124999999999993,-0.003,1.4142021983034447,0.06171677530743045,0.01312968155262112,0.11572070296359342,0.018350534448350275,-0.6230387208454671
0.5563236990731923,31.87499999999999,-0.003,1.3533973048076446,0.054977309029586766,0.010270595636740366,0.15811510123050723,0.017160155253319757,-0.5656472432188964
0.6217735460229796,35.624999999999986,-0.003,1.3335158120502864,0.048398106344931115,0.007739720404738291,0.1934027379830139,0.015395281470281522,-0.4732719674600725
0.6872233929727669,39.37499999999998,-0.003,1.4260417361645321,0.04110967804443204,0.0053298857821379815,0.1663003307144516,0.013158594236777562,-0.3423204341463224
0.7526732399225542,43.12499999999998,-0.003,1.5834442827859416,0.03269000803733223,0.003837451618376383,-0.09548766217630418,0.0105213698313083,-0.1820916647368156
0.8181230868723417,46.874999999999986,-0.003,1.8191853332356376,0.030959990155975867,0.0039766967429554455,-0.38992395922243156,0.009865938194627694,-0.06492662778200753
0.8835729338221292,50.62499999999999,-0.003,2.1405555889187373,0.03657350396117061,0.0050601472271735535,-0.5762186736820148,0.011164312895884689,0.0573424511617171
0.9490227807719163,54.37499999999998,-0.003,2.7013793372723827,0.050965141975731515,0.007114722980100822,-0.6816103906640646,0.014903875282652097,0.20411257245836412
1.0144726277217035,58.12499999999997,-0.003,3.219749483280819,0.06000816311007438,0.008893081844253869,-0.7619472234895097,0.01736218500155047,0.2896610736164966
1.0799224746714913,61.87499999999999,-0.003,3.55464401102093,0.06369216484901197,0.010025739624340306,-0.8195202235138985,0.01835839902790948,0.3341524977336703
1.1453723216212786,65.62499999999999,-0.003,4.340902343470173,0.07109726119004377,0.012532481951042233,-0.9124671080175297,0.020391169879512016,0.4151910411693911
1.2108221685710658,69.37499999999999,-0.003,4.961534580638425,0.07752694653428781,0.01438768372156699,-0.9511850010412082,0.022214065169496408,0.46652999898004754
1.2762720155208531,73.12499999999999,-0.003,5.98595834902973,0.0887850479260048,0.017369406190700758,-0.9876323266840973,0.025438464631032377,0.5334677363454983
1.3417218624706404,76.87499999999997,-0.003,6.778257511655701,0.09597385467225361,0.019674457463180067,-1.0161622711829317,0.027453570372964923,0.5722042656255901
1.4071717094204277,80.62499999999997,-0.003,7.896431335673748,0.10127875828952111,0.02298177636913912,-1.0717269678898125,0.028661691917123335,0.5983892681052216
1.472621556370215,84.37499999999997,-0.003,8.9808300001002,0.1067134365021659,0.026248206920939095,-1.1129678024250618,0.029736320825017752,0.6034358293834714
1.5380714033200027,88.12499999999999,-0.003,9.965434158153124,0.11423530989586585,0.02922771440245374,-1.1325742130304972,0.031494417902526696,0.1741625049124984
1.60352125026979,91.87499999999999,-0.003,11.320581718431269,0.12573455755652183,0.03331498928230487,-1.1496162430627375,0.03426676791625516,0.09801011426278805
1.6689710972195773,95.62499999999999,-0.003,12.925391830633917,0.13300814243573317,0.03793658288882674,-1.1853554357685443,0.03525122239599644,0.5644489330156031
1.7344209441693645,99.37499999999997,-0.003,13.893271371662738,0.1331977631544534,0.04041737270799464,-1.2152157481041685,0.03429076780380401,0.5283530513459738
1.7998707911191518,103.12499999999997,-0.003,14.090280514041579,0.1289141474024001,0.04061897541569202,-1.233648815765081,0.032536423255970455,0.488890975386191
1.8653206380689396,106.875,-0.003,14.51296944087614,0.1305753864144637,0.04177230038641406,-1.241184797757119,0.032582317885417475,0.45537545476174124
1.9307704850187268,110.62499999999999,-0.003,15.188669626882644,0.1339903473144399,0.043621636484098905,-1.2499598246439223,0.03296383515614186,0.395650391614792
1.9962203319685141,114.37499999999999,-0.003,15.753684222684688,0.13676397842027618,0.045082660362750486,-1.2562584585684506,0.0333465130317906,0.36383471329897965
2.0616701789183014,118.12499999999999,-0.003,16.406413714618886,0.14007758967263612,0.04669197160022845,-1.261846886741157,0.03395688064955128,0.350869057026987
2.1271200258680887,121.87499999999997,-0.003,16.7029448033082,0.14158351288274718,0.047412383445220925,-1.2642077979280093,0.03424630690359455,0.3466635002350742
2.192569872817876,125.62499999999997,-0.003,16.923046669626117,0.14209845707099886,0.04792325532881298,-1.2678655297460024,0.03418022938142825,0.3278080158233081
2.2580197197676632,129.37499999999997,-0.003,17.53994778705268,0.14483093453096477,0.04942374330661584,-1.2742619841393141,0.03452157618822465,0.29684934496655657
2.323469566717451,133.125,-0.003,17.892744323041853,0.14604218903317728,0.050211413241053965,-1.2784565550979405,0.03463006346068901,0.27369096544954274
2.3889194136672383,136.87499999999997,-0.003,17.85613523134172,0.1449455850162503,0.050025772691899416,-1.2805304446423142,0.0342579499028283,0.2487345085460113
2.4543692606170255,140.62499999999997,-0.003,18.233282357572353,0.14665135715377564,0.050905368035718025,-1.2838199382954838,0.03452779370103684,0.21809859157248113
2.519819107566813,144.37499999999997,-0.003,18.21317282366186,0.1454706651984389,0.0507018473643547,-1.286199077649059,0.03416569862140192,0.18582402571263756
2.5852689545166,148.12499999999997,-0.003,18.505483559474236,0.14662962246505973,0.0512984232895962,-1.2885849956629383,0.03442204457233209,0.16559532952560474
2.6507188014663874,151.87499999999997,-0.003,18.603252798109555,0.14635631088202156,0.05137381094052855,-1.2908074705186066,0.0343379692798779,0.139458964273377
2.7161686484161747,155.62499999999997,-0.003,18.69852790225159,0.14590876789115084,0.05139112792286393,-1.293300868904121,0.03424567443674973,0.11639043910638946
2.7816184953659624,159.37499999999997,-0.003,18.6840525187452,0.14433206729154044,0.05102590458956335,-1.29648476635005,0.03391917282411618,0.0926635858603575
2.8470683423157497,163.12499999999997,-0.003,18.58912193363228,0.14294705901923865,0.05064741814219291,-1.298226710354106,0.03355832972568353,0.06769074357098859
2.912518189265537,166.87499999999997,-0.003,18.545230352753883,0.1408513140971735,0.050071851602912616,-1.3022660713692675,0.033198412777773516,0.05357798367141342
2.9779680362153242,170.62499999999997,-0.003,18.42457328170832,0.13902430490142256,0.04951875158335816,-1.3046614745005929,0.03280340663880695,0.034806669505783816
3.0434178831651115,174.37499999999997,-0.003,18.362839519643195,0.13830977861916055,0.04933073502806592,-1.305546987947846,0.03258419696687116,0.006002753797972105
3.1088677301148993,178.125,-0.003,18.38869117137554,0.137322310581326,0.04896068797448279,-1.307700111590529,0.032665785445979256,0.055907967559644334
-3.1088677301148993,-178.125,-0.0026,18.50608092089951,0.13674330780494715,0.048565458657951116,-1.3103659185512997,0.03310239797638315,0.00043853701160045944
-3.0434178831651124,-174.37500000000003,-0.0026,18.49711475421756,0.1360502983864281,0.04825399414195673,-1.312177254063879,0.033133822387008426,-0.009246079285830433
-2.9779680362153247,-170.625,-0.0026,18.539932593274017,0.13600790951051756,0.048245838988984484,-1.3134958871605613,0.03316523958927109,-0.0330337703472523
-2.912518189265537,-166.87499999999997,-0.0026,18.65777515355738,0.13620546525928687,0.04828164960191977,-1.3161745967309255,0.03334648088404029,-0.044396387852774666
-2.84706834231575,-163.125,-0.0026,18.70671525617062,0.1355475745901078,0.047893525704068546,-1.3208172214329275,0.033490789918694176,-0.049170468921794
-2.7816184953659624,-159.37499999999997,-0.0026,18.78603653618628,0.1357510567137612,0.04794900997459936,-1.3228912017818677,0.033588061320429984,-0.07020481790957689
-2.7161686484161756,-155.625,-0.0026,18.79665835724221,0.1352227400933692,0.047665406927289045,-1.326634436561995,0.03360420104360237,-0.08854836594417037
-2.650718801466388,-151.875,-0.0026,18.697860664038192,0.13405398116001363,0.047182592847936786,-1.329942137008012,0.0334086499110263,-0.10761340834831401
-2.585268954516601,-148.12500000000003,-0.0026,18.59490666507277,0.13293489134708555,0.04675146146883238,-1.333057440450435,0.033173501769850636,-0.13010068842576317
-2.5198191075668133,-144.375,-0.0026,18.301005415548165,0.13047415728524178,0.04583714242435375,-1.3363885588928237,0.03260272300240863,-0.14734266700369858
-2.4543692606170255,-140.62499999999997,-0.0026,18.317663378806476,0.13023215552412198,0.045780222837496304,-1.3399042541863904,0.032498253199254035,-0.1762964661583588
-2.3889194136672387,-136.875,-0.0026,17.941822815627464,0.12710526624765808,0.044737022541152326,-1.3447191961254064,0.031630955061374,-0.20428988075946108
-2.323469566717451,-133.125,-0.0026,17.981140254555783,0.12709530075897693,0.04480228565200411,-1.3479040234213682,0.0315376494237467,-0.22708407040516576
-2.258019719767664,-129.37500000000003,-0.0026,17.635625699020114,0.12415018242672471,0.04381382133153724,-1.354256108206685,0.030690293350695546,-0.24842220323389697
-2.1925698728178764,-125.625,-0.0026,17.016031653613016,0.119186501059081,0.04210428290257297,-1.363439601501138,0.029307732929094495,-0.2784901993904114
-2.1271200258680896,-121.87500000000003,-0.0026,16.78546245612333,0.11729408158358177,0.04145501002284308,-1.3684470100122679,0.02875695542082497,-0.2965701534620955
-2.061670178918302,-118.125,-0.0026,16.489014052584015,0.11501238878897373,0.04066789211848854,-1.3726550709635013,0.02811542111749276,-0.3004410146920833
-1.9962203319685143,-114.375,-0.0026,15.837422099534189,0.11004373776837396,0.03896088453334759,-1.3826646519024657,0.026685526165028627,-0.31020368378634267
-1.930770485018727,-110.625,-0.0026,15.259675014610153,0.10564848553375726,0.03750060864412318,-1.3929896314603214,0.025328422907139804,-0.3309651600094945
-1.8653206380689398,-106.875,-0.0026,14.524380395969471,0.10007354855621389,0.035770647837980306,-1.407610306531166,0.02342096187881663,-0.3721040833183853
-1.7998707911191523,-103.125,-0.0026,13.935528826116236,0.09570023221728352,0.03444607346583497,-1.4200997044129742,0.02183791402912589,-0.40621767200321557
-1.734420944169365,-99.375,-0.0026,13.190245341887074,0.09040137370376794,0.03277943934984049,-1.4414727662477533,0.019757388414347942,-0.4518597270580056
-1.6689710972195777,-95.625,-0.0026,12.199715773456843,0.08407579446234699,0.030543651788259178,-1.4747556141717377,0.0171682105257545,-0.49128273954208623
-1.6035212502697904,-91.87500000000001,-0.0026,11.24394028668634,0.07856991345136438,0.028469696846312086,-1.506741856769055,0.014821332566838595,-0.17494343597641837
-1.538071403320003,-88.125,-0.0026,10.203324707031069,0.07283877177734756,0.02627657872176893,-1.5373075450506966,0.012491102416053078,-0.19271581678024852
-1.4726215563702156,-84.375,-0.0026,8.888423992326233,0.06589598159009022,0.023571073384116507,-1.5736684994280228,0.009796124137381708,-0.5466523694609524
-1.4071717094204284,-80.62500000000001,-0.0026,7.7363644736160975,0.06049973486682207,0.021314963482314833,-1.6097499041460033,0.007602108588637462,-0.5496587666195492
-1.3417218624706408,-76.875,-0.0026,6.630171681959979,0.05622085913206587,0.019227030821334794,-1.6510854532983807,0.005927415002072481,-0.5398235329651584
-1.2762720155208536,-73.125,-0.0026,5.868190091188911,0.052032032214262176,0.017609450628025238,-1.6701224767367189,0.005214395877409258,-0.5128460927123948
-1.2108221685710663,-69.37500000000001,-0.0026,4.8733600032941595,0.04517684086408138,0.01537635044569677,-1.6865311336833075,0.00443740007604593,-0.45874476837751565
-1.145372321621279,-65.62500000000001,-0.0026,4.270314232919443,0.04032669065219294,0.014033887742769773,-1.691250265384592,0.003890703709832461,-0.4162527275998835
-1.0799224746714915,-61.87500000000001,-0.0026,3.515619279084843,0.03395257520259844,0.012421651875475854,-1.6815984672510467,0.002615365043150596,-0.350363980733329
-1.0144726277217042,-58.12500000000001,-0.0026,3.2018239213617847,0.03103317685761731,0.011600106779392425,-1.6595071774661323,0.0017557450509251822,-0.311718933681449
-0.9490227807719169,-54.375000000000014,-0.0026,2.7321322582188188,0.027495120557223023,0.009591756521934672,-1.5706421243359419,0.0017068082808144257,-0.2276778152471728
-0.8835729338221296,-50.62500000000002,-0.0026,2.283337591468195,0.04083584268225664,0.005993893846186678,-1.1359808903797404,0.005841657457951312,-0.06681036405137153
-0.8181230868723421,-46.87500000000001,-0.0026,2.0684953332456493,0.06331707368601022,0.0050035370182473435,-0.2581522598702538,0.009662659713821322,0.07172300833410561
-0.7526732399225546,-43.125,-0.0026,1.9424584876933368,0.08808796501736144,0.008091404957150045,0.5222408971205084,0.013314273859697523,0.20730014323629886
-0.6872233929727674,-39.37500000000001,-0.0026,1.9543181575051851,0.12716700188161745,0.01685711896369938,0.9464840819304898,0.019079879735868246,0.39682588062853674
-0.6217735460229801,-35.62500000000001,-0.0026,2.0049821386386064,0.16250977052316945,0.027540484199261424,1.1350495507382306,0.024402666710234,0.55375423705735
-0.5563236990731928,-31.875000000000014,-0.0026,2.1347899089663405,0.19257367797390165,0.03770747172369873,1.2230499336826346,0.02888901954810999,0.6644941349693505
-0.4908738521234055,-28.125000000000018,-0.0026,2.270621807973406,0.21675281254594259,0.04813007263799109,1.282010241812242,0.03192585317461782,0.7349156946924065
-0.425424005173618,-24.37500000000001,-0.0026,2.4117585768577814,0.23546244697952334,0.057117455976684696,1.3148982846394328,0.033831695144464394,0.7674036066951715
-0.3599741582238305,-20.625000000000004,-0.0026,2.556094099086018,0.24097718757672779,0.06255203652672105,1.3206281430835995,0.032925662040656736,0.7382633707904704
-0.2945243112740432,-16.875000000000007,-0.0026,2.6370289842799046,0.23591357993909792,0.06298901855823714,1.3077063336802177,0.030878447728104837,0.68027618537095
-0.22907446432425593,-13.12500000000001,-0.0026,2.7243249609993403,0.21897952582802876,0.05878013846054123,1.261746001831969,0.028120662202651893,0.5596807944467761
-0.16362461737446865,-9.375000000000014,-0.0026,2.748717039472978,0.20109745231980547,0.052922425786940994,1.2015944848736455,0.026506386840580716,0.44086682815042
-0.09817477042468137,-5.625000000000019,-0.0026,2.733800637951313,0.18096928801842072,0.04575053210991988,1.1090106630059182,0.02570354291212614,0.2890742789088985
-0.03272492347489386,-1.8750000000000107,-0.0026,2.6874171988779505,0.16276250181366017,0.03885723628063826,0.9817298517510789,0.02644291908851715,0.08577996260662646
0.03272492347489364,1.8749999999999978,-0.0026,2.601637236271324,0.14609124702369103,0.033116577184057125,0.8238498084980959,0.02727300560368101,-0.08577996260662646
0.09817477042468092,5.624999999999994,-0.0026,2.4447263590424146,0.12659021134046328,0.027661559416011738,0.5832926057054943,0.027151941731522473,-0.2890742789088985
0.1636246173744682,9.37499999999999,-0.0026,2.307850211322558,0.11391317344074445,0.02501254055510397,0.4049439115066252,0.025790514939652866,-0.44086682815042
0.2290744643242555,13.124999999999986,-0.0026,2.164644166552564,0.10319224815500656,0.023128841085855254,0.26081266407572756,0.023876730426414243,-0.5596807944467761
0.29452431127404277,16.874999999999982,-0.0026,1.9567527989089546,0.09121863726392633,0.020737564080527918,0.12532602275913535,0.022055837668097857,-0.68027618537095
0.35997415822383005,20.624999999999975,-0.0026,1.8178307282955475,0.08373439750092014,0.018852030489886516,0.08536333025899324,0.021553369207728816,-0.7382633707904704
0.42542400517361756,24.374999999999986,-0.0026,1.64435497016261,0.07363383220397042,0.015847338450939153,0.07827097190512149,0.02080689411351445,-0.7674036066951715
0.49087385212340506,28.124999999999993,-0.0026,1.5357061132809997,0.06532560675007074,0.012949320596736983,0.1166582717034911,0.019768582930826034,-0.7349156946924065
0.5563236990731923,31.87499999999999,-0.0026,1.47029577399699,0.058263912385131206,0.01007845778989938,0.17437718060665108,0.018372691025686252,-0.6644941349693505
0.6217735460229796,35.624999999999986,-0.0026,1.4512279015812564,0.05136797808351335,0.007584885770164103,0.2169675776579473,0.016417103535169855,-0.55375423705735
0.6872233929727669,39.37499999999998,-0.0026,1.5574922768766484,0.0437984037575422,0.005268352369477065,0.1813008672077469,0.014036145614237761,-0.39682588062853674
0.7526732399225542,43.12499999999998,-0.0026,1.735158344457038,0.03569072000053529,0.003971931632303331,-0.10489269069770571,0.011473835252334879,-0.20730014323629886
0.8181230868723417,46.874999999999986,-0.0026,1.9967723249115437,0.03521224019802353,0.004299770484943721,-0.3883568827938934,0.01115891256805592,-0.07172300833410561
0.8835729338221292,50.62499999999999,-0.0026,2.3501479555195663,0.042200511099180577,0.005528663499712917,-0.5608010210626381,0.012838464089769592,0.06681036405137153
0.9490227807719163,54.37499999999998,-0.0026,2.9598100734659916,0.057325897525830664,0.007725251392441329,-0.6711010293016432,0.016800324776897746,0.2276778152471728
1.0144726277217035,58.12499999999997,-0.0026,3.5135428550432337,0.06570330518681093,0.00958085125246796,-0.763273077945678,0.019095185892476062,0.311718933681449
1.0799224746714913,61.87499999999999,-0.0026,3.865983259818172,0.0686899393091342,0.010752997097893133,-0.8265009085981342,0.019907964794845245,0.350363980733329
1.1453723216212786,65.62499999999999,-0.0026,4.686566960519326,0.07521577474123539,0.01336291899194057,-0.924859723755742,0.021693355057819937,0.4162527275998835
1.2108221685710658,69.37499999999999,-0.0026,5.332104771671675,0.08163965584448804,0.015284681101880079,-0.9628108508601723,0.02351533596145751,0.45874476837751565
1.2762720155208531,73.12499999999999,-0.0026,6.381036183901306,0.09252097188445041,0.01832018160813806,-0.9996269898187311,0.02662836076397009,0.5128460927123948
1.3417218624706404,76.87499999999997,-0.0026,7.169995214925137,0.09881081261704622,0.02061939547692818,-1.030112159079251,0.028360104270695918,0.5398235329651584
1.4071717094204277,80.62499999999997,-0.0026,8.286023240235647,0.1035447381438336,0.023946928825734688,-1.0845245223442832,0.029349246989230346,0.5496587666195492
1.472621556370215,84.37499999999997,-0.0026,9.435076361787186,0.10958597672102416,0.027389970032395378,-1.1231320606399349,0.03056968113863413,0.5466523694609524
1.5380714033200027,88.12499999999999,-0.0026,10.396040523811317,0.115254720588635,0.030236730905561025,-1.1464791551933855,0.03172346976405632,0.19271581678024852
1.60352125026979,91.87499999999999,-0.0026,11.418883722662759,0.12047472450665062,0.03318970268805945,-1.1697275478083786,0.03263035509017227,0.17494343597641837
1.6689710972195773,95.62499999999999,-0.0026,12.69099851299893,0.12535647293440666,0.036719346793033125,-1.198792298408245,0.033123541800278274,0.49128273954208623
1.7344209441693645,99.37499999999997,-0.0026,13.64210506894508,0.12806419634676788,0.03924553124409157,-1.220438326137117,0.033084500655082255,0.4518597270580056
1.7998707911191518,103.12499999999997,-0.0026,14.341746498119452,0.1305374243821002,0.04116556594243125,-1.2343700791938992,0.03308477468070051,0.40621767200321557
1.8653206380689396,106.875,-0.0026,14.896484479287857,0.13331121968988088,0.04273638491347249,-1.242509006393182,0.03333316614938276,0.3721040833183853
1.9307704850187268,110.62499999999999,-0.0026,15.590640174619647,0.13677313254942083,0.04464838982735326,-1.2515286316532765,0.03367654922052256,0.3309651600094945
1.9962203319685141,114.37499999999999,-0.0026,16.14762578332053,0.1394886915734008,0.04609001813344358,-1.2576108748403474,0.03403750622098635,0.31020368378634267
2.0616701789183014,118.12499999999999,-0.0026,16.789455067276098,0.14281591831703289,0.047673135874095225,-1.262668757091825,0.03466664681674294,0.3004410146920833
2.1271200258680887,121.87499999999997,-0.0026,17.082032609585426,0.14432524338584315,0.0483871469710411,-1.2648826763256458,0.03495579881882275,0.2965701534620955
2.192569872817876,125.62499999999997,-0.0026,17.294521853003427,0.14478880901238136,0.04889292924944634,-1.2686204943271118,0.03484869087571854,0.2784901993904114
2.2580197197676632,129.37499999999997,-0.0026,17.88404790225401,0.1472726917603659,0.050320995300095026,-1.2749912439490756,0.03511029556147222,0.24842220323389697
2.323469566717451,133.125,-0.0026,18.20822432496095,0.14825755045616665,0.05103248729086378,-1.2791326452092326,0.03515878220884595,0.22708407040516576
2.3889194136672383,136.87499999999997,-0.0026,18.146112696386925,0.1469994379923385,0.05078448908008207,-1.2811087172950817,0.03474261231632116,0.20428988075946108
2.4543692606170255,140.62499999999997,-0.0026,18.493959844964834,0.14853333962227058,0.05159564846553596,-1.2842014577024652,0.03496422669309415,0.1762964661583588
2.519819107566813,144.37499999999997,-0.0026,18.448348082551863,0.14721103497470192,0.0513352590573296,-1.2864247781129519,0.03456603399171076,0.14734266700369858
2.5852689545166,148.12499999999997,-0.0026,18.725007353498533,0.14828385398476954,0.05189449719501319,-1.2887197335604996,0.034800163029640556,0.13010068842576317
2.6507188014663874,151.87499999999997,-0.0026,18.805474072386506,0.14791568997224525,0.05193017049413526,-1.2908106852545027,0.0346955295854557,0.10761340834831401
2.7161686484161747,155.62499999999997,-0.0026,18.885206723186382,0.1473794625941466,0.05190772000541714,-1.293139652682392,0.034587499485857896,0.08854836594417037
2.7816184953659624,159.37499999999997,-0.0026,18.856241354095857,0.14572178381721743,0.051500715043805614,-1.2960982189436627,0.0342588455736563,0.07020481790957689
2.8470683423157497,163.12499999999997,-0.0026,18.755885725092416,0.14429299166378928,0.051098000808721525,-1.2976966841797275,0.03390894000925385,0.049170468921794
2.912518189265537,166.87499999999997,-0.0026,18.702171541410156,0.14200665308038107,0.05043062157393763,-1.301631806880279,0.03357551801262094,0.044396387852774666
2.9779680362153242,170.62499999999997,-0.0026,18.57296636362127,0.1399901675430552,0.049785128957367294,-1.3040701345672372,0.03320528751068104,0.0330337703472523
3.0434178831651115,174.37499999999997,-0.0026,18.50636083350339,0.13909993248788935,0.04952304851388046,-1.3051646425927135,0.03299138260407922,0.009246079285830433
3.1088677301148993,178.125,-0.0026,18.50564238388791,0.13795028939761605,0.04910319645068399,-1.3075525914361112,0.03299277006194133,-0.00043853701160045944
-3.1088677301148993,-178.125,-0.0021999999999999997,18.45971430011788,0.13645043459025558,0.048443397105802,-1.310008350124741,0.03304015474893006,-0.0008488412410798674
-3.0434178831651124,-174.37500000000003,-0.0021999999999999997,18.459449825505136,0.13587398500055786,0.048217663261726974,-1.3118534644251458,0.033022599873768634,-0.013202595801459438
-2.9779680362153247,-170.625,-0.0021999999999999997,18.516337292241897,0.1359361994821652,0.048268167339822025,-1.313258044161047,0.03304637809264475,-0.03410645564391501
-2.912518189265537,-166.87499999999997,-0.0021999999999999997,18.65020923388628,0.13621254087404022,0.04833168250205062,-1.316012556352652,0.03325854829760217,-0.03915035598289052
-2.84706834231575,-163.125,-0.0021999999999999997,18.7172071277813,0.13562907193564547,0.04795388869882999,-1.3207748379489292,0.03345446131777774,-0.03535267179075774
-2.7816184953659624,-159.37499999999997,-0.0021999999999999997,18.804612222067558,0.13588271292997847,0.04801277193000112,-1.3228308040971164,0.03358253550153291,-0.052147590357840556
-2.7161686484161756,-155.625,-0.0021999999999999997,18.83261020041731,0.13548630002313003,0.04776097284046682,-1.3264637366811982,0.03365093787774058,-0.06548281925733335
-2.650718801466388,-151.875,-0.0021999999999999997,18.750328455266605,0.13444675267760475,0.047313868981125384,-1.3297019088008384,0.033497217040078756,-0.08103227267271151
-2.585268954516601,-148.12500000000003,-0.0021999999999999997,18.66286794502543,0.1334502747451378,0.04691612198527815,-1.3327409537370873,0.033300476458695306,-0.10047586791408492
-2.5198191075668133,-144.375,-0.0021999999999999997,18.382559159498218,0.13109192043061513,0.046034190627645966,-1.3359789281834997,0.03276025253925758,-0.11549021205277654
-2.4543692606170255,-140.62499999999997,-0.0021999999999999997,18.414725327957626,0.13097067727999326,0.04601829880033523,-1.339355907523311,0.03268658208030301,-0.1420172554654613
-2.3889194136672387,-136.875,-0.0021999999999999997,18.057131101330487,0.1279803177084713,0.04502862999723545,-1.3439910559961525,0.031845536646699084,-0.16850952312388756
-2.323469566717451,-133.125,-0.0021999999999999997,18.112600547609727,0.12808965323894766,0.04513918999104961,-1.3470181553981289,0.031772767820461977,-0.18993183157973093
-2.258019719767664,-129.37500000000003,-0.0021999999999999997,17.78698568601692,0.1252806831084121,0.04420108063342715,-1.3531908510972166,0.030957821071607643,-0.20991838695379528
-2.1925698728178764,-125.625,-0.0021999999999999997,17.190581161385367,0.120467179545526,0.04254264824878565,-1.3621404521883789,0.029607997946216366,-0.23826429526445736
-2.1271200258680896,-121.87500000000003,-0.0021999999999999997,16.97363984521983,0.11866172217016685,0.04192789173849868,-1.3670368477960362,0.029071847558827676,-0.25561378180823624
-2.061670178918302,-118.125,-0.0021999999999999997,16.68564987899407,0.1164284770700809,0.04116474396861977,-1.3711406953065315,0.02843434112433038,-0.2594936719718923
-1.9962203319685143,-114.375,-0.0021999999999999997,16.052065738266606,0.11156295090053521,0.039504915333011106,-1.3808548473853486,0.027016823706727026,-0.26762345536722876
-1.930770485018727,-110.625,-0.0021999999999999997,15.489809006320462,0.10725158315199072,0.03808416617168562,-1.3909440597909954,0.025664540189075397,-0.285832600956363
-1.8653206380689398,-106.875,-0.0021999999999999997,14.77047854064665,0.10174352414025875,0.0363918067562514,-1.405435104770556,0.02374262401272829,-0.32257433678192804
-1.7998707911191523,-103.125,-0.0021999999999999997,14.175243582599187,0.0972876531415377,0.035052773986827025,-1.4181629844817065,0.022089120024188478,-0.3532679512302419
-1.734420944169365,-99.375,-0.0021999999999999997,13.381443589197229,0.09159668253571217,0.033284131052030166,-1.4388076038034097,0.019851249407433106,-0.39396108851373945
-1.6689710972195777,-95.625,-0.0021999999999999997,12.388993391852125,0.0851339121642765,0.031042859933327,-1.4694868285261975,0.017221851330608128,-0.4319055839523891
-1.6035212502697904,-91.87500000000001,-0.0021999999999999997,11.464498016768768,0.07970443783477073,0.02901390035108292,-1.499369197783792,0.014910428316706253,-0.137187848425798
-1.538071403320003,-88.125,-0.0021999999999999997,10.470897770433286,0.07425862215156646,0.026918296901672346,-1.5297362004443225,0.012582018958647702,-0.15576081624805482
-1.4726215563702156,-84.375,-0.0021999999999999997,9.180126705196008,0.06762948194915792,0.024270766209931804,-1.5675595768799746,0.009791821845390429,-0.5008339342187966
-1.4071717094204284,-80.62500000000001,-0.0021999999999999997,8.01776544190218,0.06232763341104743,0.02199097439271692,-1.6044628296553884,0.007495293524603508,-0.5099426424715556
-1.3417218624706408,-76.875,-0.0021999999999999997,6.89491812476097,0.05808550261969128,0.019874298964410772,-1.6457302192009262,0.005709537477097787,-0.5089964392653892
-1.2762720155208536,-73.125,-0.0021999999999999997,6.121839964071475,0.053974962811549,0.018251129618371845,-1.6649789980041438,0.004948926331613802,-0.4879512677226634
-1.2108221685710663,-69.37500000000001,-0.0021999999999999997,5.109843831119258,0.047248739687692096,0.016014317829114465,-1.6823909631894214,0.004163886461575706,-0.4411623014763748
-1.145372321621279,-65.62500000000001,-0.0021999999999999997,4.492538482644648,0.04253673109318426,0.014681986691789597,-1.6887722924242785,0.0036155182312148557,-0.40495865124417474
-1.0799224746714915,-61.87500000000001,-0.0021999999999999997,3.715052116561717,0.0365711661077888,0.01311097799315332,-1.6834579413241308,0.002308461052505693,-0.350310852605896
-1.0144726277217042,-58.12500000000001,-0.0021999999999999997,3.388978128561238,0.03373893791770889,0.012275414924571296,-1.6639466931187181,0.0013639824350644447,-0.31653679406800084
-0.9490227807719169,-54.375000000000014,-0.0021999999999999997,2.8978042949465506,0.029821744289591737,0.010107056608043603,-1.578642666870009,0.0014882497711873163,-0.23573839330386281
-0.8835729338221296,-50.62500000000002,-0.0021999999999999997,2.427173306800802,0.04355039390991106,0.006160213852081742,-1.1375399316455148,0.006183903238866962,-0.06810062953373652
-0.8181230868723421,-46.87500000000001,-0.0021999999999999997,2.202149733849634,0.06754270169108287,0.005157833051527761,-0.221811694705064,0.010244104324870473,0.0808870748838948
-0.7526732399225546,-43.125,-0.0021999999999999997,2.071395600937299,0.09406419829698898,0.008568799237718121,0.545536559841454,0.014024358981280217,0.22987316468427732
-0.6872233929727674,-39.37500000000001,-0.0021999999999999997,2.089667670698557,0.1356525600896459,0.017719005625500425,0.9515687975033835,0.019763217173215115,0.4412348531319499
-0.6217735460229801,-35.62500000000001,-0.0021999999999999997,2.1489725207855264,0.17290212631048268,0.02863258687015349,1.13527735066111,0.024824786580515706,0.6182472968914372
-0.5563236990731928,-31.875000000000014,-0.0021999999999999997,2.291564801334364,0.2045030553298993,0.03890277677098544,1.2218559060957042,0.029085320391874593,0.7440787663488251
-0.4908738521234055,-28.125000000000018,-0.0021999999999999997,2.4399146212585237,0.22997372062856294,0.04926092627481488,1.2795456400420082,0.03196220125522173,0.8255945135088218
-0.425424005173618,-24.37500000000001,-0.0021999999999999997,2.5926391045005595,0.24983977110626784,0.05801729640332772,1.310918181391371,0.03402050126892272,0.8647122925508992
-0.3599741582238305,-20.625000000000004,-0.0021999999999999997,2.7459515110698787,0.2559644504404295,0.06289189503747324,1.3132737172280082,0.033714163909554895,0.8341969673610028
-0.2945243112740432,-16.875000000000007,-0.0021999999999999997,2.8297727968721347,0.25095763649169817,0.06283000960527302,1.2969381694487012,0.032459974741197085,0.7696554385686984
-0.22907446432425593,-13.12500000000001,-0.0021999999999999997,2.917297853614138,0.23380174715003918,0.057970275720314164,1.2439056355243565,0.031180169095395945,0.6333671297787502
-0.16362461737446865,-9.375000000000014,-0.0021999999999999997,2.938175711952848,0.21539398244412053,0.05175610237217983,1.1761705431999643,0.03064444773425737,0.4983689758009131
-0.09817477042468137,-5.625000000000019,-0.0021999999999999997,2.91652024532492,0.19431504968755633,0.04442885515164285,1.0736830589611015,0.030600802141214214,0.326498500476593
-0.03272492347489386,-1.8750000000000107,-0.0021999999999999997,2.861100038231164,0.17475279795040496,0.03759287542825161,0.9345571054124013,0.031521897890453135,0.09716276994504547
0.03272492347489364,1.8749999999999978,-0.0021999999999999997,2.7639372682861185,0.15648237832245393,0.03209390136041652,0.7665471368847487,0.03203719164686195,-0.09716276994504547
0.09817477042468092,5.624999999999994,-0.0021999999999999997,2.590021744848327,0.13464422328870104,0.027019758536382017,0.5190761605716513,0.031101409274411174,-0.326498500476593
0.1636246173744682,9.37499999999999,-0.0021999999999999997,2.439806736151935,0.12030317180109097,0.024578986046007976,0.3429659213839005,0.029015916049057264,-0.4983689758009131
0.2290744643242555,13.124999999999986,-0.0021999999999999997,2.283930723835388,0.10820692382670327,0.022787413569988927,0.2059969420218236,0.026414085699706744,-0.6333671297787502
0.29452431127404277,16.874999999999982,-0.0021999999999999997,2.0601173583034362,0.09476935673759201,0.02039738041909236,0.08315132180906867,0.02380873840698537,-0.7696554385686984
0.35997415822383005,20.624999999999975,-0.0021999999999999997,1.9117545437088759,0.08662600903300813,0.01844854257861085,0.054271344653582757,0.022947571477553073,-0.8341969673610028
0.42542400517361756,24.374999999999986,-0.0021999999999999997,1.7279268119496602,0.07599052941838214,0.015381579284289145,0.06413447922599659,0.021886311626158863,-0.8647122925508992
0.49087385212340506,28.124999999999993,-0.0021999999999999997,1.6143201077497018,0.06755990563287144,0.012498640712382516,0.11810124094202816,0.02070273114024336,-0.8255945135088218
0.5563236990731923,31.87499999999999,-0.0021999999999999997,1.5474860349855388,0.060497190932776675,0.009700831863359126,0.19172211487338947,0.01918511585178263,-0.7440787663488251
0.6217735460229796,35.624999999999986,-0.0021999999999999997,1.5307252238940892,0.05353240950051857,0.007321750653799616,0.24219781860464765,0.0171249204800739,-0.6182472968914372
0.6872233929727669,39.37499999999998,-0.0021999999999999997,1.6484328175666072,0.04594968245727413,0.005165271572695961,0.1998071275442452,0.014700085223970908,-0.4412348531319499
0.7526732399225542,43.12499999999998,-0.0021999999999999997,1.8415224362530216,0.03844324414936965,0.0040752367739415,-0.10279949588297378,0.012304970733714043,-0.22987316468427732
0.8181230868723417,46.874999999999986,-0.0021999999999999997,2.121262658965739,0.03921593506584878,0.004552806704257116,-0.3752040723401509,0.012334287602703862,-0.0808870748838948
0.8835729338221292,50.62499999999999,-0.0021999999999999997,2.4952739363345384,0.0472248146763722,0.0058721337302420715,-0.5399467230148808,0.014304463813538058,0.06810062953373652
0.9490227807719163,54.37499999999998,-0.0021999999999999997,3.1335426882504134,0.06259498166420041,0.008128010870262693,-0.6565695117682998,0.01836375336653365,0.23573839330386281
1.0144726277217035,58.12499999999997,-0.0021999999999999997,3.7055149226292388,0.07029517586464851,0.009996844290379026,-0.757132309923106,0.020500130789652373,0.31653679406800084
1.0799224746714913,61.87499999999999,-0.0021999999999999997,4.065362969167613,0.0726517989599534,0.011171044852409382,-0.8244815855793598,0.021153779307149033,0.350310852605896
1.1453723216212786,65.62499999999999,-0.0021999999999999997,4.897497133888823,0.07817456919954735,0.013804366533315926,-0.9281772292551379,0.022668093292038585,0.40495865124417474
1.2108221685710658,69.37499999999999,-0.0021999999999999997,5.551006132595633,0.08436853330088626,0.015750647751672207,-0.9669185922869704,0.024422404044483776,0.4411623014763748
1.2762720155208531,73.12499999999999,-0.0021999999999999997,6.609791231794138,0.09512395486367002,0.018821717958382077,-1.0036692666372096,0.027493938837035936,0.4879512677226634
1.3417218624706404,76.87499999999997,-0.0021999999999999997,7.403914564026359,0.10115128938213143,0.021150385445924763,-1.0347465905846367,0.029135985761440525,0.5089964392653892
1.4071717094204277,80.62499999999997,-0.0021999999999999997,8.527708084373735,0.1054796283474673,0.02452042267679496,-1.0895980582923595,0.029977494878274866,0.5099426424715556
1.472621556370215,84.37499999999997,-0.0021999999999999997,9.680960639414804,0.1111729524553073,0.027975859977539357,-1.1282094483573848,0.03106875519596486,0.5008339342187966
1.5380714033200027,88.12499999999999,-0.0021999999999999997,10.62665858668134,0.11633799778851574,0.03076749625030818,-1.1517073273166614,0.032055971996471984,0.15576081624805482
1.60352125026979,91.87499999999999,-0.0021999999999999997,11.601685865194566,0.12092120318837882,0.03356833396934403,-1.1744184272160545,0.03277623167431285,0.137187848425798
1.6689710972195773,95.62499999999999,-0.0021999999999999997,12.820898975804514,0.1255714294112149,0.03694459167172674,-1.201636728261664,0.03322803199512131,0.4319055839523891
1.7344209441693645,99.37499999999997,-0.0021999999999999997,13.775404677710968,0.1287559056994401,0.03951897830450965,-1.2216801327834352,0.033328884902319396,0.39396108851373945
1.7998707911191518,103.12499999999997,-0.0021999999999999997,14.528511533829429,0.13185135997679823,0.04162477022947243,-1.2352490048519054,0.03346551744782946,0.3532679512302419
1.8653206380689396,106.875,-0.0021999999999999997,15.093052877428578,0.13463917600754427,0.04322732572003523,-1.243476907350546,0.033691619254116456,0.32257433678192804
1.9307704850187268,110.62499999999999,-0.0021999999999999997,15.775641607276825,0.13796414303524313,0.04510665917546792,-1.2524423708403312,0.03398671559672911,0.285832600956363
1.9962203319685141,114.37499999999999,-0.0021999999999999997,16.319689193633835,0.14058586500095166,0.04651501847574075,-1.258398940150029,0.03431974734306693,0.26762345536722876
2.0616701789183014,118.12499999999999,-0.0021999999999999997,16.945143550965962,0.14382577885211528,0.04805578706433951,-1.2632617861328825,0.03493116235468889,0.2594936719718923
2.1271200258680887,121.87499999999997,-0.0021999999999999997,17.229253627028065,0.1452827692104224,0.04875028449248774,-1.265398661557147,0.035206523582485806,0.25561378180823624
2.192569872817876,125.62499999999997,-0.0021999999999999997,17.428845456649825,0.1456576767633164,0.049226598163721776,-1.2691410470417617,0.03506934028814301,0.23826429526445736
2.2580197197676632,129.37499999999997,-0.0021999999999999997,17.996904072970715,0.14798785998720956,0.0505986544058078,-1.275387550817229,0.035288021937829296,0.20991838695379528
2.323469566717451,133.125,-0.0021999999999999997,18.302532379189458,0.14885344177135026,0.05126528091567401,-1.2794442635481886,0.03530306158280181,0.18993183157973093
2.3889194136672383,136.87499999999997,-0.0021999999999999997,18.225640624454375,0.1475205097360118,0.05098626740044641,-1.2813329405414728,0.034865911408932235,0.16850952312388756
2.4543692606170255,140.62499999999997,-0.0021999999999999997,18.556742583423087,0.1489859879850768,0.05176458272714896,-1.2843276391071317,0.03506292177282994,0.1420172554654613
2.519819107566813,144.37499999999997,-0.0021999999999999997,18.498049371550994,0.1475988804195613,0.05147844453189413,-1.2865143081305477,0.034645407234497716,0.11549021205277654
2.5852689545166,148.12499999999997,-0.0021999999999999997,18.763343812939514,0.1486077273395338,0.05201022298187171,-1.2886901343419062,0.03486427159162589,0.10047586791408492
2.6507188014663874,151.87499999999997,-0.0021999999999999997,18.831360727939316,0.14816558467952165,0.052015340499995406,-1.2907181284002653,0.034746299487197346,0.08103227267271151
2.7161686484161747,155.62499999999997,-0.0021999999999999997,18.898093019674644,0.1475431815081776,0.051958043130964617,-1.2929867220688458,0.03462356016204824,0.06548281925733335
2.7816184953659624,159.37499999999997,-0.0021999999999999997,18.8567598124254,0.14579629691063198,0.05150922448249285,-1.2957801994069218,0.034292817304597364,0.052147590357840556
2.8470683423157497,163.12499999999997,-0.0021999999999999997,18.752559799572058,0.144311552175802,0.05107612152490758,-1.2972912572426814,0.033954042279662214,0.03535267179075774
2.912518189265537,166.87499999999997,-0.0021999999999999997,18.68935958986917,0.14183676180283752,0.05032186581562529,-1.3012062469501156,0.03364272880835298,0.03915035598289052
2.9779680362153242,170.62499999999997,-0.0021999999999999997,18.55044374788581,0.1396576338873333,0.04959482024759196,-1.3037000182395124,0.03329213598349232,0.03410645564391501
3.0434178831651115,174.37499999999997,-0.0021999999999999997,18.472652421306595,0.13863916193483028,0.049275336372680924,-1.304841814217693,0.033069869817964816,0.013202595801459438
3.1088677301148993,178.125,-0.0021999999999999997,18.46056314135896,0.1375294445926175,0.048886280954904056,-1.307206098905866,0.03300932485537965,0.0008488412410798674
-3.1088677301148993,-178.125,-0.0018,18.33507152514699,0.13581887078425617,0.04820919503249946,-1.3090007099441525,0.03284295095397462,-0.023548107085439085
-3.0434178831651124,-174.37500000000003,-0.0018,18.354990647818155,0.13522250169046135,0.04801788643715986,-1.3115409149149542,0.032786214149767706,-0.01648123894277731
-2.9779680362153247,-170.625,-0.0018,18.428570672119584,0.1354222609122581,0.048136772824266205,-1.3129872298478165,0.032810559114955395,-0.033995415883044444
-2.912518189265537,-166.87499999999997,-0.0018,18.580764266621433,0.13578427766710155,0.048230673161718716,-1.3158469296007027,0.03305553978085334,-0.03185559467775079
-2.84706834231575,-163.125,-0.0018,18.667894878432943,0.1352814049397325,0.04786412405366307,-1.3207281928539178,0.03331078679969993,-0.018420590567298945
-2.7816184953659624,-159.37499999999997,-0.0018,18.763354087195857,0.13558348517635485,0.047923057583538264,-1.3228206984104238,0.033472678866072705,-0.030383761888394645
-2.7161686484161756,-155.625,-0.0018,18.809992787953693,0.13533069927597327,0.04770540407197401,-1.326365894931278,0.03359819363189442,-0.0381087244790308
-2.650718801466388,-151.875,-0.0018,18.7446354832967,0.1344209175160598,0.04729051934890241,-1.3295355439603709,0.033489263803486165,-0.04967743778677303
-2.585268954516601,-148.12500000000003,-0.0018,18.67208837592798,0.13354146428049674,0.046925715430661624,-1.3324489616304511,0.03333069181284436,-0.06569611383408969
-2.5198191075668133,-144.375,-0.0018,18.40497134358735,0.13128911114829972,0.046075287911288516,-1.3356306472841903,0.032818751190925755,-0.07840157748665177
-2.4543692606170255,-140.62499999999997,-0.0018,18.450148648178896,0.1312669548836112,0.04609339337969989,-1.3389003694999237,0.03277033084374472,-0.10245455137057746
-2.3889194136672387,-136.875,-0.0018,18.108382337802475,0.12839738597954017,0.045150935465533795,-1.343343582113437,0.03195028936128156,-0.1276529487536422
-2.323469566717451,-133.125,-0.0018,18.177504583260838,0.1286095131187243,0.045302038257584124,-1.3462820795996913,0.031897002919776554,-0.1477764754392119
-2.258019719767664,-129.37500000000003,-0.0018,17.870345699881057,0.12592969049277036,0.04441232646720513,-1.3522528517874592,0.03110717553880771,-0.16658396299511224
-2.1925698728178764,-125.625,-0.0018,17.296516762748766,0.12127925383009724,0.04280220849469501,-1.3608109750478656,0.02980568646169039,-0.1932844547488557
-2.1271200258680896,-121.87500000000003,-0.0018,17.093064217527246,0.11956511507953105,0.04221784590547061,-1.365521337865261,0.029286349685146016,-0.20979809838354413
-2.061670178918302,-118.125,-0.0018,16.813819232255224,0.11737505148461184,0.04148272624142174,-1.3696022095166507,0.02864680508129213,-0.2140851499930605
-1.9962203319685143,-114.375,-0.0018,16.1984959477288,0.11260867392707756,0.03987484461305622,-1.3791780225569188,0.027231199963371172,-0.22198088695438045
-1.930770485018727,-110.625,-0.0018,15.651716606526984,0.10838139138210606,0.03848902271706901,-1.3890592481457091,0.025885106176352212,-0.23904821697931844
-1.8653206380689398,-106.875,-0.0018,14.9517154060743,0.10297741562301983,0.03684170713582082,-1.4032830687804698,0.023962751788211632,-0.27409830973671134
-1.7998707911191523,-103.125,-0.0018,14.365086124656866,0.09855390406554065,0.035521735246615,-1.4159281278670968,0.022287720828680507,-0.3036710522793413
-1.734420944169365,-99.375,-0.0018,13.574479853708134,0.09284215263316262,0.03376324003850082,-1.4363276409604075,0.0199912399870346,-0.3424252464969637
-1.6689710972195777,-95.625,-0.0018,12.593414769948554,0.08638936454336034,0.03154423012347467,-1.465995335801652,0.017306694588859917,-0.3791362938382541
-1.6035212502697904,-91.87500000000001,-0.0018,11.682727717269884,0.08099907229942006,0.029538590315028597,-1.4951342015314157,0.014949252043751618,-0.09077429737151377
-1.538071403320003,-88.125,-0.0018,10.702396411484395,0.0756283179383908,0.0274627305888245,-1.5251186583401544,0.01256170670747974,-0.11090556136797858
-1.4726215563702156,-84.375,-0.0018,9.420238224213229,0.06913630373457676,0.024828397527602995,-1.5630444529277827,0.00966237298417091,-0.4548661540684815
-1.4071717094204284,-80.62500000000001,-0.0018,8.256616825379714,0.06403511586365128,0.022551514457300265,-1.600706744734508,0.007221991280112184,-0.4691133945379118
-1.3417218624706408,-76.875,-0.0018,7.126059939579475,0.0601344674223618,0.020444367109639313,-1.6432664245701438,0.005297423073709036,-0.4764529960898827
-1.2762720155208536,-73.125,-0.0018,6.344459278337287,0.05614907559924871,0.018810595145011988,-1.6626083372655496,0.004509898843080694,-0.4596369494386252
-1.2108221685710663,-69.37500000000001,-0.0018,5.321614551269758,0.04948203308295037,0.01654541759981589,-1.6796862852929209,0.003736691717543382,-0.41703180057889266
-1.145372321621279,-65.62500000000001,-0.0018,4.697166386124518,0.044987905309687236,0.01521826403667714,-1.6875282290445754,0.0032061620363256697,-0.3855921719935056
-1.0799224746714915,-61.87500000000001,-0.0018,3.9071691209423323,0.039687165195215666,0.01368000959298157,-1.6875987548954343,0.0020415877340451845,-0.3412565295511838
-1.0144726277217042,-58.12500000000001,-0.0018,3.5731153462744527,0.03700432459766141,0.01281740923329527,-1.6715372272073987,0.0011462579449109892,-0.3124739096104139
-0.9490227807719169,-54.375000000000014,-0.0018,3.0660079389590487,0.03256372036214885,0.010486519287998926,-1.5916341812090213,0.0012407435422897915,-0.23617878180291418
-0.8835729338221296,-50.62500000000002,-0.0018,2.5786561428397565,0.0462749664281049,0.006204560533430947,-1.147111230640582,0.006429753866461048,-0.06426458313654937
-0.8181230868723421,-46.87500000000001,-0.0018,2.3456915972519212,0.07180876149526978,0.0051951418685975935,-0.19017832942428048,0.01074796420569256,0.0944362239925316
-0.7526732399225546,-43.125,-0.0018,2.2113743656971403,0.10019178950628853,0.008833255163152986,0.5615458605815683,0.014613860554513235,0.25785702359021556
-0.6872233929727674,-39.37500000000001,-0.0018,2.237791191818082,0.14434289743067358,0.018039412211735197,0.9509533615425998,0.02009993909888348,0.49427913723828176
-0.6217735460229801,-35.62500000000001,-0.0018,2.3072043337081922,0.1834762542143338,0.028764030673624173,1.131633679917801,0.02459825663985488,0.695376506634102
-0.5563236990731928,-31.875000000000014,-0.0018,2.4639335048107776,0.2166649187052259,0.03873888106655915,1.2175207375593966,0.028464225435225147,0.8398504910496534
-0.4908738521234055,-28.125000000000018,-0.0018,2.6254966271110862,0.24367021676443892,0.04862545612287386,1.2739355607864438,0.031241861212548887,0.9354127924482767
-0.425424005173618,-24.37500000000001,-0.0018,2.789858441624124,0.2651215317480976,0.05680405378399557,1.3030923011349862,0.03381529042724131,0.9831010214334037
-0.3599741582238305,-20.625000000000004,-0.0018,2.9507858976586014,0.2725642064523342,0.060905801493953665,1.2998409189349287,0.034825586355951205,0.9511169627551814
-0.2945243112740432,-16.875000000000007,-0.0018,3.0357174778340563,0.26814698212949123,0.060339196769298116,1.2776208741633708,0.034980296129720756,0.8785632995454686
-0.22907446432425593,-13.12500000000001,-0.0018,3.1203837187535504,0.2513328102317332,0.05499563215846544,1.2120428607355684,0.03571962057227564,0.7233466601583016
-0.16362461737446865,-9.375000000000014,-0.0018,3.134858385891214,0.2325062341192455,0.048680099950871976,1.1309990386997302,0.03626296170262653,0.5689342285724259
-0.09817477042468137,-5.625000000000019,-0.0018,3.103084082749286,0.21036078988787216,0.041574433546373475,1.012346806649785,0.036736788792837656,0.37252422351815717
-0.03272492347489386,-1.8750000000000107,-0.0018,3.035416050623084,0.18908027442843972,0.0352174003444343,0.8557795970420325,0.037548982892106536,0.111236371104797
0.03272492347489364,1.8749999999999978,-0.0018,2.924179679518287,0.1686579587124912,0.030320640201619727,0.6752464162788248,0.037486199659928006,-0.111236371104797
0.09817477042468092,5.624999999999994,-0.0018,2.730559859231129,0.1436408832724226,0.025931379790936408,0.4234152718144712,0.03543946571554052,-0.37252422351815717
0.1636246173744682,9.37499999999999,-0.0018,2.565924157318788,0.12703465719762935,0.02377988805586213,0.25336080314734344,0.032430925169403116,-0.5689342285724259
0.2290744643242555,13.124999999999986,-0.0018,2.3970370585952487,0.11312691509592555,0.022072353063727918,0.12744913470506256,0.028993088545274295,-0.7233466601583016
0.29452431127404277,16.874999999999982,-0.0018,2.1571541782885877,0.09790734585122365,0.01966606198591036,0.022234918673754316,0.025502372029159864,-0.8785632995454686
0.35997415822383005,20.624999999999975,-0.0018,1.99966893490342,0.08907094919814863,0.017624568655358407,0.009419630744905894,0.024265115378580487,-0.9511169627551814
0.42542400517361756,24.374999999999986,-0.0018,1.8067574201907204,0.07806747775397864,0.014496001159991868,0.04453779942326682,0.022902659823931366,-0.9831010214334037
0.49087385212340506,28.124999999999993,-0.0018,1.6900838346628095,0.06978494857269679,0.011689447454891038,0.12214068740397513,0.021606105500777135,-0.9354127924482767
0.5563236990731923,31.87499999999999,-0.0018,1.6240830137611242,0.06296735299330093,0.009064575244101517,0.22007556289727948,0.020005122261808672,-0.8398504910496534
0.6217735460229796,35.624999999999986,-0.0018,1.6118278270740902,0.05609319628608237,0.006905492321631751,0.2820830974647229,0.017883310833178998,-0.695376506634102
0.6872233929727669,39.37499999999998,-0.0018,1.7435120545798002,0.048743369558137524,0.005014310739730847,0.23060401575528225,0.015497666183959622,-0.49427913723828176
0.7526732399225542,43.12499999999998,-0.0018,1.9535173421069247,0.042263732429126497,0.004196869516434436,-0.09100411524860111,0.013399263606390528,-0.25785702359021556
0.8181230868723417,46.874999999999986,-0.0018,2.2512553732593896,0.0445570610144557,0.004840659607751176,-0.35282274728350843,0.013853958556312291,-0.0944362239925316
0.8835729338221292,50.62499999999999,-0.0018,2.642920725976306,0.053439840802780636,0.006233334229441201,-0.5128455168873269,0.016091556423842343,0.06426458313654937
0.9490227807719163,54.37499999999998,-0.0018,3.302186720761963,0.06857567375078383,0.008496744980254973,-0.6380822273522433,0.02013928868830393,0.23617878180291418
1.0144726277217035,58.12499999999997,-0.0018,3.8855892558848666,0.07534200193980907,0.010341277428809003,-0.7471775898950284,0.0220552597076319,0.3124739096104139
1.0799224746714913,61.87499999999999,-0.0018,4.248425650493516,0.07693450297570462,0.011501568848773472,-0.8189730076738553,0.02251450597033965,0.3412565295511838
1.1453723216212786,65.62499999999999,-0.0018,5.082758558118024,0.08130509920075495,0.014136588201909418,-0.9281275326103848,0.023718640027833852,0.3855921719935056
1.2108221685710658,69.37499999999999,-0.0018,5.738646351848651,0.08733527550968034,0.016098592448910962,-0.96699211893345,0.025424320760114878,0.41703180057889266
1.2762720155208531,73.12499999999999,-0.0018,6.804096227775912,0.09810107855617976,0.019210868707729485,-1.003556180129547,0.028491606720002394,0.4596369494386252
1.3417218624706404,76.87499999999997,-0.0018,7.602512935669358,0.10378301991497366,0.02157817870393261,-1.0361824763361676,0.030019589995395318,0.4764529960898827
1.4071717094204277,80.62499999999997,-0.0018,8.725730219917626,0.1073653905553279,0.024971426543532835,-1.0927973424266937,0.030614582112108463,0.4691133945379118
1.472621556370215,84.37499999999997,-0.0018,9.87510437828171,0.11264402285822413,0.028427010610195112,-1.1316079677213557,0.03155756521767549,0.4548661540684815
1.5380714033200027,88.12499999999999,-0.0018,10.813301972852374,0.11758588011499649,0.031197899358482193,-1.1548203464806945,0.03246431321180161,0.11090556136797858
1.60352125026979,91.87499999999999,-0.0018,11.773502014641398,0.12196277138107581,0.033960733606333705,-1.1769934462944902,0.03311577168653058,0.09077429737151377
1.6689710972195773,95.62499999999999,-0.0018,12.972551063786808,0.12644581810364147,0.03728557543246599,-1.2035104881920042,0.03351203774687019,0.3791362938382541
1.7344209441693645,99.37499999999997,-0.0018,13.916905100205097,0.12962983324068655,0.03984568389714497,-1.222948381056307,0.03360172795984948,0.3424252464969637
1.7998707911191518,103.12499999999997,-0.0018,14.668757176936207,0.1327211661897439,0.04195883483448132,-1.2363100017559234,0.03371779380422312,0.3036710522793413
1.8653206380689396,106.875,-0.0018,15.225813715811011,0.13541902787770646,0.04354136072744409,-1.2444680738117004,0.03391167565109362,0.27409830973671134
1.9307704850187268,110.62499999999999,-0.0018,15.890764823506302,0.13860194233097728,0.04537581225868203,-1.2533241090438418,0.03416171611502733,0.23904821697931844
1.9962203319685141,114.37499999999999,-0.0018,16.420476834683182,0.14113218387330864,0.04674763067646384,-1.2591058486351316,0.034470995552443234,0.22198088695438045
2.0616701789183014,118.12499999999999,-0.0018,17.027904382248284,0.14426566594962492,0.0482438690438784,-1.263851558182379,0.03505290775129943,0.2140851499930605
2.1271200258680887,121.87499999999997,-0.0018,17.30286231591079,0.14566615372601235,0.04891714333593473,-1.2659439190150963,0.03530950348189149,0.20979809838354413
2.192569872817876,125.62499999999997,-0.0018,17.48980121749762,0.14596561036424122,0.049361723589011676,-1.269538946699352,0.03515107843008281,0.1932844547488557
2.2580197197676632,129.37499999999997,-0.0018,18.03692966287617,0.1481592408527931,0.050684063446321884,-1.2757422716323572,0.035333457260780805,0.16658396299511224
2.323469566717451,133.125,-0.0018,18.32528105870005,0.14892419376194233,0.05130982049276318,-1.2796731416876739,0.035319630089576594,0.1477764754392119
2.3889194136672383,136.87499999999997,-0.0018,18.236035286556117,0.14754224397135518,0.051007755427545654,-1.2814841687232446,0.03486620757222824,0.1276529487536422
2.4543692606170255,140.62499999999997,-0.0018,18.552603199549473,0.14896208698945682,0.05176486897260536,-1.2844107581485464,0.03504455498744194,0.10245455137057746
2.519819107566813,144.37499999999997,-0.0018,18.483372921074,0.14752833639430046,0.05145595017700136,-1.28653915585843,0.03461140321193062,0.07840157748665177
2.5852689545166,148.12499999999997,-0.0018,18.73778448976207,0.14847512988687595,0.051965393998026674,-1.2886521763522891,0.03481534511549173,0.06569611383408969
2.6507188014663874,151.87499999999997,-0.0018,18.794312921083474,0.147960576767944,0.0519399222171861,-1.290594056943205,0.03468098155224893,0.04967743778677303
2.7161686484161747,155.62499999999997,-0.0018,18.848101512432724,0.147247716053155,0.05184761508348144,-1.2927710340745369,0.034543870084967954,0.0381087244790308
2.7816184953659624,159.37499999999997,-0.0018,18.793737849084252,0.1453998611894453,0.05135394523696198,-1.2954521066623876,0.03420656263577444,0.030383761888394645
2.8470683423157497,163.12499999999997,-0.0018,18.68631546900024,0.143857104418322,0.05089455118814482,-1.2969465786623215,0.03387840300187834,0.018420590567298945
2.912518189265537,166.87499999999997,-0.0018,18.612619861299184,0.14116952092795454,0.05004147459208307,-1.3008902349456402,0.03358418831438308,0.03185559467775079
2.9779680362153242,170.62499999999997,-0.0018,18.462566088002628,0.13881382586292978,0.04922727308846891,-1.3034641439573451,0.03324965699994914,0.033995415883044444
3.0434178831651115,174.37499999999997,-0.0018,18.371471886760933,0.13766291986793097,0.048847900656509444,-1.3046741976808032,0.03301589061902086,0.01648123894277731
3.1088677301148993,178.125,-0.0018,18.35861963223243,0.13684914686663657,0.04858893825996141,-1.3065978056394172,0.032917249608731027,0.023548107085439085
-3.1088677301148993,-178.125,-0.0013999999999999998,18.23016196021871,0.1351070744085683,0.04795084548167728,-1.3087315212024626,0.03266595773359793,-0.002904439342646725
-3.0434178831651124,-174.37500000000003,-0.0013999999999999998,18.24923912173539,0.1345318307864712,0.04779676421623873,-1.311352187539827,0.03255954642112623,-0.016837125745198023
-2.9779680362153247,-170.625,-0.0013999999999999998,18.335648099826706,0.1348385260142852,0.0479632785821096,-1.3127997004282237,0.03259241730951923,-0.031123739460820588
-2.912518189265537,-166.87499999999997,-0.0013999999999999998,18.502111431424936,0.13527197117490652,0.048078577236102475,-1.3156922996279685,0.032869426420676376,-0.023082979971476902
-2.84706834231575,-163.125,-0.0013999999999999998,18.605012011304478,0.13483623607310735,0.047717470823970515,-1.320669541211421,0.03317581188711379,-0.0019352213689849407
-2.7816184953659624,-159.37499999999997,-0.0013999999999999998,18.705969069478293,0.1351723159756038,0.04777637384892287,-1.3227690504145833,0.03336269343459088,-0.010114987159109745
-2.7161686484161756,-155.625,-0.0013999999999999998,18.76692464158773,0.13503057939467691,0.04758313683305063,-1.32624364886657,0.03352895066361746,-0.013431028120127309
-2.650718801466388,-151.875,-0.0013999999999999998,18.713923895842655,0.13421996910403616,0.04719461150060064,-1.32937773608733,0.03345452207046137,-0.021771925306012463
-2.585268954516601,-148.12500000000003,-0.0013999999999999998,18.65166784240801,0.13342204812437056,0.04685145419099725,-1.3322246162019178,0.03332160836417455,-0.03505855592552365
-2.5198191075668133,-144.375,-0.0013999999999999998,18.39444996284506,0.1312467717361912,0.04602943800535679,-1.335354832227003,0.0328283044036135,-0.04604378520975061
-2.4543692606170255,-140.62499999999997,-0.0013999999999999998,18.449669062535275,0.13130264322980698,0.0460734504985456,-1.3385532521201289,0.032795699347863486,-0.06811057351004379
-2.3889194136672387,-136.875,-0.0013999999999999998,18.12069733586603,0.12853039361469215,0.045170549353152,-1.3428649860697495,0.031992008043435674,-0.09220789890204983
-2.323469566717451,-133.125,-0.0013999999999999998,18.199501804300688,0.12881388163694402,0.04534960271393734,-1.3456670294912867,0.03195153175150523,-0.11119065629387848
-2.258019719767664,-129.37500000000003,-0.0013999999999999998,17.905456964979344,0.1262264829805186,0.04449295822809778,-1.351548734587768,0.03117895564969717,-0.12908616674391382
-2.1925698728178764,-125.625,-0.0013999999999999998,17.34875390400826,0.12170546154905004,0.042922459255358224,-1.3598270836983781,0.02991199592397905,-0.15454508007075773
-2.1271200258680896,-121.87500000000003,-0.0013999999999999998,17.155921396748493,0.12006487413841406,0.04236669732254492,-1.3643747440581213,0.029410617333350462,-0.17041477396801596
-2.061670178918302,-118.125,-0.0013999999999999998,16.883300434073377,0.11790475377022926,0.04164788128694219,-1.3684789579556411,0.028761926072071,-0.17529513226448756
-1.9962203319685143,-114.375,-0.0013999999999999998,16.28039142007809,0.11319816630086789,0.04007276770927531,-1.3779900086691574,0.027340789794266927,-0.1839084858119513
-1.930770485018727,-110.625,-0.0013999999999999998,15.743599373604324,0.1090229956907701,0.03871051707354589,-1.3876610870087231,0.025995551097986777,-0.2007540490871893
-1.8653206380689398,-106.875,-0.0013999999999999998,15.056715691047106,0.10369062612164233,0.03708955800087776,-1.4017304443217713,0.02407556954086839,-0.23553614053370175
-1.7998707911191523,-103.125,-0.0013999999999999998,14.47833163824787,0.09930708088360678,0.03578572947243491,-1.4142892678308405,0.0223921699834405,-0.26519273690661826
-1.734420944169365,-99.375,-0.0013999999999999998,13.697355273445798,0.09363597869590226,0.034046660414897345,-1.4342764359192324,0.02007195300978237,-0.303830279305636
-1.6689710972195777,-95.625,-0.0013999999999999998,12.729128778518898,0.08722817497520474,0.03185226768295159,-1.4634555817812362,0.017348817638078814,-0.340484358228375
-1.6035212502697904,-91.87500000000001,-0.0013999999999999998,11.827724084033592,0.08187571758812313,0.02985973118498446,-1.4923759179824752,0.014942490773189909,-0.055261987621502584
-1.538071403320003,-88.125,-0.0013999999999999998,10.852575368436343,0.07654923992884281,0.0277857051139521,-1.5222648709154991,0.012487896208721528,-0.07606796894221013
-1.4726215563702156,-84.375,-0.0013999999999999998,9.572000684106614,0.07014448654033839,0.02514457754799599,-1.5603449244132241,0.009483922582604597,-0.420744153244744
-1.4071717094204284,-80.62500000000001,-0.0013999999999999998,8.40768252180862,0.06524801597608448,0.022868159216512973,-1.5987774505710077,0.00690273226891722,-0.43894579105597487
-1.3417218624706408,-76.875,-0.0013999999999999998,7.274664597909318,0.06178694082894667,0.020779594444580357,-1.643028000418342,0.004864692072955996,-0.45258838095261034
-1.2762720155208536,-73.125,-0.0013999999999999998,6.488825032041539,0.057946783115610086,0.019133982472395596,-1.6623995118132568,0.004088195624419034,-0.43800272649155936
-1.2108221685710663,-69.37500000000001,-0.0013999999999999998,5.462033302203818,0.051282264628179815,0.016826367528766484,-1.6784102869945987,0.0033523358129346217,-0.3963491872587621
-1.145372321621279,-65.62500000000001,-0.0013999999999999998,4.836539401426772,0.04697004743433891,0.015483365376470146,-1.6868783325976757,0.0028706628941657423,-0.36694650844999277
-1.0799224746714915,-61.87500000000001,-0.0013999999999999998,4.043863603318175,0.04224538622262431,0.013924734030013448,-1.6910498939915375,0.002072752553978135,-0.32893446238990887
-1.0144726277217042,-58.12500000000001,-0.0013999999999999998,3.707041093857297,0.03968183930674832,0.013016493075663764,-1.677800432404428,0.0014899170816525184,-0.30356378128180195
-0.9490227807719169,-54.375000000000014,-0.0013999999999999998,3.192948511033879,0.034813152066724064,0.01056336808867596,-1.6025367414720606,0.001374540258255663,-0.23096018757484504
-0.8835729338221296,-50.62500000000002,-0.0013999999999999998,2.698642594668647,0.04837471222198146,0.006100215175342515,-1.155785723775731,0.006604682970000284,-0.057337785304909517
-0.8181230868723421,-46.87500000000001,-0.0013999999999999998,2.462469874640569,0.0750970620099742,0.00511683781086656,-0.17249973978674094,0.011086814835622615,0.10822420024291102
-0.7526732399225546,-43.125,-0.0013999999999999998,2.3271052547666136,0.10492811149712856,0.008763523425497965,0.5616320312617381,0.01492678575342654,0.2836202164619701
-0.6872233929727674,-39.37500000000001,-0.0013999999999999998,2.361966348959926,0.15098818490332452,0.01757738381087656,0.9414123886170062,0.01992537824160467,0.5422792902019535
-0.6217735460229801,-35.62500000000001,-0.0013999999999999998,2.4407319775701866,0.19150705391851994,0.02764711525220113,1.1229090150919434,0.02364977361631959,0.7655741182413436
-0.5563236990731928,-31.875000000000014,-0.0013999999999999998,2.609502868327293,0.22600145992013254,0.03694519664069297,1.2095546444002747,0.027086395523740658,0.9275925206997051
-0.4908738521234055,-28.125000000000018,-0.0013999999999999998,2.7816561587685777,0.2545523667435988,0.04604710885829545,1.2649782009610029,0.030019347729480894,1.0366480647980887
-0.425424005173618,-24.37500000000001,-0.0013999999999999998,2.9547169388490397,0.2778081805486031,0.05344872605522869,1.291362140930848,0.03357591542882888,1.0927101764576723
-0.3599741582238305,-20.625000000000004,-0.0013999999999999998,3.11986167610434,0.28715722072072614,0.056817825668563096,1.280614067057834,0.0364537870145424,1.059544407962334
-0.2945243112740432,-16.875000000000007,-0.0013999999999999998,3.2037435519099033,0.2838367949246801,0.05593863616115991,1.250500758933792,0.03820940708474599,0.9795757544628056
-0.22907446432425593,-13.12500000000001,-0.0013999999999999998,3.2829369834279363,0.2679916189018578,0.05053692905186752,1.1680655158040305,0.04072230843569742,0.8069388655885668
-0.16362461737446865,-9.375000000000014,-0.0013999999999999998,3.2896443112456604,0.24907121958389417,0.04451774304889995,1.069413080841249,0.041931549230913946,0.6346412599461
-0.09817477042468137,-5.625000000000019,-0.0013999999999999998,3.246986786933655,0.22607907945031572,0.038055702183334164,0.93066129198653,0.04251493595853935,0.41541711738308784
-0.03272492347489386,-1.8750000000000107,-0.0013999999999999998,3.1669796301958284,0.2032002905021311,0.032550112083345906,0.7550566154130222,0.042950697764896524,0.12441866636702503
0.03272492347489364,1.8749999999999978,-0.0013999999999999998,3.0425609638288034,0.18065381930601315,0.02848424995777745,0.5645106018275869,0.0421829822680319,-0.12441866636702503
0.09817477042468092,5.624999999999994,-0.0013999999999999998,2.831569669550567,0.1524375828379422,0.024871840759474136,0.3157626881229754,0.03900073280070636,-0.41541711738308784
0.1636246173744682,9.37499999999999,-0.0013999999999999998,2.6550030512995604,0.13350315276752076,0.022973042110357375,0.15621020654282655,0.035114334947931515,-0.6346412599461
0.2290744643242555,13.124999999999986,-0.0013999999999999998,2.4759981178393695,0.11770033282044894,0.021301290909131576,0.042776799159620044,0.030911802057860135,-0.8069388655885668
0.29452431127404277,16.874999999999982,-0.0013999999999999998,2.2241677974470977,0.10059782570154018,0.01879780238176739,-0.042946837839035086,0.02665876817620741,-0.9795757544628056
0.35997415822383005,20.624999999999975,-0.0013999999999999998,2.060317268142006,0.09106619596331969,0.016635801239974622,-0.038507677886318835,0.025132241422931627,-1.059544407962334
0.42542400517361756,24.374999999999986,-0.0013999999999999998,1.8620067623913674,0.07978895627866234,0.013446768961449397,0.02519240367267319,0.023574681339211034,-1.0927101764576723
0.49087385212340506,28.124999999999993,-0.0013999999999999998,1.745008093970489,0.0717605934938723,0.010753814113343895,0.13052620246255953,0.02223943470815671,-1.0366480647980887
0.5563236990731923,31.87499999999999,-0.0013999999999999998,1.681910347627588,0.06526251104440638,0.008357531108822695,0.25698143898293135,0.020625783856369272,-0.9275925206997051
0.6217735460229796,35.624999999999986,-0.0013999999999999998,1.675157859328843,0.058551953154931155,0.0064628026410832795,0.331469228222368,0.018507881996260953,-0.7655741182413436
0.6872233929727669,39.37499999999998,-0.0013999999999999998,1.8196870587579725,0.05160667462600737,0.004857542140248713,0.2691766740250864,0.01624468281875828,-0.5422792902019535
0.7526732399225542,43.12499999999998,-0.0013999999999999998,2.0434850383046435,0.04625188088784724,0.004293105686541578,-0.07299014013982043,0.01448603300878482,-0.2836202164619701
0.8181230868723417,46.874999999999986,-0.0013999999999999998,2.354245674397658,0.04981129208695438,0.00507503001364828,-0.33023180785726214,0.015309102879883418,-0.10822420024291102
0.8835729338221292,50.62499999999999,-0.0013999999999999998,2.7559803799735567,0.059132757830367914,0.006508963839930007,-0.48925268197201005,0.017708002174808706,0.057337785304909517
0.9490227807719163,54.37499999999998,-0.0013999999999999998,3.423908698608724,0.07364467924810765,0.008737540359935994,-0.6222193438310855,0.021643976169908024,0.23096018757484504
1.0144726277217035,58.12499999999997,-0.0013999999999999998,4.010604875139099,0.07951627645346634,0.010538164127254175,-0.7376111040883644,0.023346740128924483,0.30356378128180195
1.0799224746714913,61.87499999999999,-0.0013999999999999998,4.372798065708084,0.08045140841117122,0.011680050828822675,-0.8128617897984469,0.023636053007677564,0.32893446238990887
1.1453723216212786,65.62499999999999,-0.0013999999999999998,5.203485909876765,0.08389840338667623,0.014312734116393232,-0.9258779837831799,0.02458986320480924,0.36694650844999277
1.2108221685710658,69.37499999999999,-0.0013999999999999998,5.8583824894625804,0.08990080389158803,0.016285249751383027,-0.9641001329866432,0.02628910720058789,0.3963491872587621
1.2762720155208531,73.12499999999999,-0.0013999999999999998,6.926827758533098,0.10070007502166649,0.019430800656088317,-1.0007224796209635,0.029363265086711193,0.43800272649155936
1.3417218624706404,76.87499999999997,-0.0013999999999999998,7.727252978861928,0.10595948261465006,0.02183055628138587,-1.0355893445387785,0.030756585437676762,0.45258838095261034
1.4071717094204277,80.62499999999997,-0.0013999999999999998,8.846628312864596,0.10875360611750007,0.025235979803679653,-1.0944486264384963,0.031098915376507195,0.43894579105597487
1.472621556370215,84.37499999999997,-0.0013999999999999998,9.992744837351358,0.11366755210814608,0.028695078473965224,-1.1336481607001863,0.03191352236234919,0.420744153244744
1.5380714033200027,88.12499999999999,-0.0013999999999999998,10.928643337378553,0.11846456391575794,0.03146555638589121,-1.1567007007260888,0.03276622525839986,0.07606796894221013
1.60352125026979,91.87499999999999,-0.0013999999999999998,11.882986071655095,0.12268724327256073,0.034209655106578356,-1.1787132530476605,0.03336209771795301,0.055261987621502584
1.6689710972195773,95.62499999999999,-0.0013999999999999998,13.069613136747273,0.1269914378027993,0.03750387511353007,-1.2049951356591868,0.0336940384177448,0.340484358228375
1.7344209441693645,99.37499999999997,-0.0013999999999999998,14.001185552751434,0.13008867032544882,0.040036580492793496,-1.224111534774559,0.03374948797774604,0.303830279305636
1.7998707911191518,103.12499999999997,-0.0013999999999999998,14.743524375154488,0.1331144872655383,0.04212781057871842,-1.2372257186990037,0.033837993771335506,0.26519273690661826
1.8653206380689396,106.875,-0.0013999999999999998,15.292251831580808,0.13574493320768394,0.04369092788525184,-1.245307876069376,0.03400836163377698,0.23553614053370175
1.9307704850187268,110.62499999999999,-0.0013999999999999998,15.944353422691513,0.13883840087089033,0.045493162931456735,-1.2539572845607176,0.03423323160916912,0.2007540490871893
1.9962203319685141,114.37499999999999,-0.0013999999999999998,16.46429990589004,0.14130979717771763,0.046839776636700095,-1.2596398133879498,0.03452514696285159,0.1839084858119513
2.0616701789183014,118.12499999999999,-0.0013999999999999998,17.058595566337864,0.1443549508959413,0.04830608258101708,-1.26434354594091,0.035078409090512554,0.17529513226448756
2.1271200258680887,121.87499999999997,-0.0013999999999999998,17.32633617071651,0.1457069568211356,0.04896074453947365,-1.2663994449535778,0.035320897061906754,0.17041477396801596
2.192569872817876,125.62499999999997,-0.0013999999999999998,17.503298984079017,0.14595455697948337,0.04938197854277479,-1.2698958177814963,0.0351534097425123,0.15454508007075773
2.2580197197676632,129.37499999999997,-0.0013999999999999998,18.034543131723257,0.148052355988767,0.05066546542772447,-1.2760190551891646,0.035306542067090045,0.12908616674391382
2.323469566717451,133.125,-0.0013999999999999998,18.310692460594566,0.14875098239101234,0.05126379027716349,-1.2798969249363823,0.03527492315912134,0.11119065629387848
2.3889194136672383,136.87499999999997,-0.0013999999999999998,18.21290523476808,0.14733635733723915,0.05094516003133005,-1.2816649441331092,0.03480790929034114,0.09220789890204983
2.4543692606170255,140.62499999999997,-0.0013999999999999998,18.51777963604532,0.14871359220764677,0.051683184732184174,-1.2844993086591312,0.034969179491261465,0.06811057351004379
2.519819107566813,144.37499999999997,-0.0013999999999999998,18.44049374805481,0.14724628052547686,0.05135922063749372,-1.2865638198198417,0.03452316167776936,0.04604378520975061
2.5852689545166,148.12499999999997,-0.0013999999999999998,18.686726398333533,0.1481499891616793,0.0518538650129397,-1.2886610568576962,0.03471405080600247,0.03505855592552365
2.6507188014663874,151.87499999999997,-0.0013999999999999998,18.735695821148667,0.14758632125656043,0.051808762797793804,-1.2905524480713124,0.03456875890581896,0.021771925306012463
2.7161686484161747,155.62499999999997,-0.0013999999999999998,18.78035566970786,0.14680618171075085,0.05168820988690802,-1.2926796932023155,0.03441746384520479,0.013431028120127309
2.7816184953659624,159.37499999999997,-0.0013999999999999998,18.716084056637403,0.14487946751747532,0.05116487187762551,-1.2953125748585803,0.03407189830382422,0.010114987159109745
2.8470683423157497,163.12499999999997,-0.0013999999999999998,18.606947232673463,0.14329748031047765,0.050688603642695125,-1.2967678801175968,0.03374849173804527,0.0019352213689849407
2.912518189265537,166.87499999999997,-0.0013999999999999998,18.525194411396413,0.14044062530688672,0.04976605464654761,-1.3008296751245676,0.03345886703795154,0.023082979971476902
2.9779680362153242,170.62499999999997,-0.0013999999999999998,18.366771839287527,0.13795470079587732,0.04888694039111124,-1.3035292759307364,0.03312961529051786,0.031123739460820588
3.0434178831651115,174.37499999999997,-0.0013999999999999998,18.266076247480587,0.13671157452278312,0.048468926565818866,-1.3047584464930617,0.03288741897374397,0.016837125745198023
3.1088677301148993,178.125,-0.0013999999999999998,18.233066399561356,0.1359658722967453,0.04823710891564947,-1.3061715331224952,0.03275097939399202,0.002904439342646725
-3.1088677301148993,-178.125,-0.0009999999999999996,18.143608921226114,0.13446055215437472,0.047725017225944945,-1.3087761909856552,0.03249714700361849,-0.002977488357792879
-3.0434178831651124,-174.37500000000003,-0.0009999999999999996,18.169084179359192,0.13399520522368782,0.04762224228857159,-1.3112582094658263,0.03239066521711161,-0.014874760961262723
-2.9779680362153247,-170.625,-0.0009999999999999996,18.263889489856734,0.13437680813200917,0.04781748030679603,-1.3126508017830918,0.03243998059974208,-0.02633945975199481
-2.912518189265537,-166.87499999999997,-0.0009999999999999996,18.44003720356544,0.1348588410782483,0.04794114761295268,-1.3155889801530845,0.03274451336761384,-0.01397909960492072
-2.84706834231575,-163.125,-0.0009999999999999996,18.553766941666588,0.1344718363859094,0.047579129838228686,-1.3206287090400215,0.03308858759018104,0.012645150692602414
-2.7816184953659624,-159.37499999999997,-0.0009999999999999996,18.657608124174466,0.1348286490536651,0.047635528038112385,-1.3226671552987437,0.03329160525601606,0.0070040112898475115
-2.7161686484161756,-155.625,-0.0009999999999999996,18.728038758698418,0.13476499399858552,0.04746253243927456,-1.3261573246832363,0.03348582296236119,0.006626817386518269
-2.650718801466388,-151.875,-0.0009999999999999996,18.682712597615918,0.13401514619338184,0.04708995253678714,-1.3292145645124056,0.03342844700659401,0.00044710672220205083
-2.585268954516601,-148.12500000000003,-0.0009999999999999996,18.626812713287528,0.13326996703282892,0.04676283753753155,-1.332033740398582,0.0333097774489175,-0.01105222416379803
-2.5198191075668133,-144.375,-0.0009999999999999996,18.377218876352277,0.1311558017236311,0.045960318882124054,-1.3350631856649764,0.03282821507823363,-0.020929239044750858
-2.4543692606170255,-140.62499999999997,-0.0009999999999999996,18.440288029832942,0.13127060192258327,0.04602597989424654,-1.338225530305917,0.03280535145511141,-0.0414656160306599
-2.3889194136672387,-136.875,-0.0009999999999999996,18.1209014876173,0.12856775507706766,0.045153554718502825,-1.3424716006831507,0.03201210012335749,-0.06463361291864089
-2.323469566717451,-133.125,-0.0009999999999999996,18.206409783862583,0.12889991666371944,0.04535248602910735,-1.345214411450037,0.03197654799578971,-0.08264700936277336
-2.258019719767664,-129.37500000000003,-0.0009999999999999996,17.92109163286217,0.1263732206230471,0.04451875286136338,-1.3509880742407792,0.031213414305111147,-0.09979378996434818
-2.1925698728178764,-125.625,-0.0009999999999999996,17.375902276470587,0.12193491858631206,0.04297698738660523,-1.3591014047184804,0.02996544901928208,-0.1243590420566818
-2.1271200258680896,-121.87500000000003,-0.0009999999999999996,17.19046368927828,0.12034272062438665,0.042441083052490405,-1.3635817351387993,0.02947016122668632,-0.1398010416708786
-2.061670178918302,-118.125,-0.0009999999999999996,16.922616201850214,0.1182048512089584,0.04173431962902336,-1.3676974156311728,0.02881974080718353,-0.1451996927876955
-1.9962203319685143,-114.375,-0.0009999999999999996,16.328360875597305,0.11354520790962702,0.04017770377642356,-1.3771343149986421,0.027397733090447733,-0.1546417986332429
-1.930770485018727,-110.625,-0.0009999999999999996,15.79743294912502,0.10940036382882884,0.038826563054728536,-1.3867256429413963,0.026051959279120115,-0.17153417425853767
-1.8653206380689398,-106.875,-0.0009999999999999996,15.11724384426493,0.10410096035994773,0.037213814809872806,-1.4006391095301098,0.024126219172798558,-0.20634475610572345
-1.7998707911191523,-103.125,-0.0009999999999999996,14.543807068017879,0.09974226123761974,0.03591835473223745,-1.4130141258019444,0.02243776137698885,-0.23617120797459634
-1.734420944169365,-99.375,-0.0009999999999999996,13.769877503303443,0.09410223859181115,0.0341893945941729,-1.4327391173794712,0.020103551055672665,-0.2750173849707185
-1.6689710972195777,-95.625,-0.0009999999999999996,12.809645005817522,0.08772272008922365,0.03200383612633781,-1.461628060384483,0.01735172396328415,-0.312207369117365
-1.6035212502697904,-91.87500000000001,-0.0009999999999999996,11.912896942458358,0.08238781971210184,0.030011025563785057,-1.490451860459972,0.014905260060180038,-0.02914796969101552
-1.538071403320003,-88.125,-0.0009999999999999996,10.939128612708524,0.07708358149736771,0.027927136224079274,-1.520437929984366,0.012394204890852075,-0.05089749879035388
-1.4726215563702156,-84.375,-0.0009999999999999996,9.656805271602448,0.07073603985552716,0.025270086794705153,-1.558751615553338,0.009304489808666891,-0.3973561201929474
-1.4071717094204284,-80.62500000000001,-0.0009999999999999996,8.491016193834122,0.06605564075884689,0.022993850893809974,-1.598330914966413,0.006594321726673092,-0.4190606295702288
-1.3417218624706408,-76.875,-0.0009999999999999996,7.357483804961119,0.0630833700407659,0.020926593706782383,-1.6447423449745986,0.004496980280276807,-0.4376188666526586
-1.2762720155208536,-73.125,-0.0009999999999999996,6.569660066660818,0.05934679520553106,0.019261213592471176,-1.6639403304845404,0.003779055695523853,-0.4242612294014467
-1.2108221685710663,-69.37500000000001,-0.0009999999999999996,5.542330476859217,0.052598801107842486,0.016893168344737836,-1.6782528979537261,0.0030967173128492132,-0.3820726770679528
-1.145372321621279,-65.62500000000001,-0.0009999999999999996,4.918453611268627,0.04839169277181958,0.015508192054386243,-1.6864595937206281,0.002688263042927861,-0.3529030449927042
-1.0799224746714915,-61.87500000000001,-0.0009999999999999996,4.128038774628366,0.04405358132806663,0.013869004572442202,-1.692841860373798,0.002342323802153538,-0.317863448345058
-1.0144726277217042,-58.12500000000001,-0.0009999999999999996,3.7915610875204693,0.041551087150590756,0.0128947964537762,-1.6813849593461654,0.0020489762947488873,-0.2942768727298888
-0.9490227807719169,-54.375000000000014,-0.0009999999999999996,3.2767724072407978,0.03641210570851396,0.010354097011030402,-1.609231678246486,0.0018051230016624738,-0.22389542420459563
-0.8835729338221296,-50.62500000000002,-0.0009999999999999996,2.7828413475783944,0.049828282514251095,0.005886209510175316,-1.161271049226316,0.006754401157527736,-0.04977098622985343
-0.8181230868723421,-46.87500000000001,-0.0009999999999999996,2.5472821235214695,0.07731036496685262,0.004948090466995696,-0.1775843299729512,0.011286579759779095,0.1203648544916609
-0.7526732399225546,-43.125,-0.0009999999999999996,2.4130555239264573,0.10804350591462865,0.008331492039888422,0.5381248776427224,0.014968603825147139,0.30497553237258623
-0.6872233929727674,-39.37500000000001,-0.0009999999999999996,2.4560758842745747,0.15520213409107597,0.016275391484151015,0.9184460689157476,0.019237494002401975,0.5818306663791661
-0.6217735460229801,-35.62500000000001,-0.0009999999999999996,2.542919869173454,0.19653693605860567,0.025228518558973692,1.106736772498649,0.022002974847517943,0.8239311489199814
-0.5563236990731928,-31.875000000000014,-0.0009999999999999996,2.7210370564186874,0.23202668475322558,0.03349855027928159,1.1965927749454983,0.02505055666328054,1.0010693108801407
-0.4908738521234055,-28.125000000000018,-0.0009999999999999996,2.9007234724962356,0.26212566388941194,0.04156101572351566,1.2517135508245891,0.02851954053723149,1.1219855143972108
-0.425424005173618,-24.37500000000001,-0.0009999999999999996,3.079277559627445,0.2873840421063689,0.04806044251623643,1.274739444089211,0.03354963017342708,1.1855305858268423
-0.3599741582238305,-20.625000000000004,-0.0009999999999999996,3.245324183130226,0.29914821043691564,0.0508531330983405,1.2541062597021435,0.03860344829976734,1.1515548542408505
-0.2945243112740432,-16.875000000000007,-0.0009999999999999996,3.326298542088449,0.29735112947270725,0.04993849149480697,1.213781595431456,0.0418646443583553,1.065311998862433
-0.22907446432425593,-13.12500000000001,-0.0009999999999999996,3.3980649140546535,0.28301537189746406,0.04500804100758378,1.1097316099594539,0.04567441761946156,0.8778444543715769
-0.16362461737446865,-9.375000000000014,-0.0009999999999999996,3.3964313726377755,0.26434006535554433,0.03974077543571504,0.9891353884005972,0.047150950625271734,0.6903816641597351
-0.09817477042468137,-5.625000000000019,-0.0009999999999999996,3.343177599734375,0.2407839969428341,0.03435668849150876,0.8278004505265961,0.04750855488644063,0.4518044152521612
-0.03272492347489386,-1.8750000000000107,-0.0009999999999999996,3.236109484494612,0.2136137684155328,0.029231389744106724,0.5932483150856939,0.04744198087079802,0.13448810949669232
0.03272492347489364,1.8749999999999978,-0.0009999999999999996,3.1016213749979196,0.18963359265567992,0.02685316189026781,0.44005542595734526,0.04539371453502996,-0.13448810949669232
0.09817477042468092,5.624999999999994,-0.0009999999999999996,2.8913731844822137,0.16099117193027837,0.02402731482320676,0.20675982899544798,0.04149539798551063,-0.4518044152521612
0.1636246173744682,9.37499999999999,-0.0009999999999999996,2.7060497084780404,0.13988023241229106,0.022288574316440317,0.06161056158498045,0.03682522603271015,-0.6903816641597351
0.2290744643242555,13.124999999999986,-0.0009999999999999996,2.5202204596830766,0.1222571341812363,0.020581363128352084,-0.0383956247694278,0.03199329742290241,-0.8778444543715769
0.29452431127404277,16.874999999999982,-0.0009999999999999996,2.260986543226016,0.10327578611727087,0.01789663821852042,-0.1046719219667358,0.027172681736879038,-1.065311998862433
0.35997415822383005,20.624999999999975,-0.0009999999999999996,2.0937693288893757,0.09301701143125686,0.015589702702624716,-0.08336659247755539,0.02547103943483885,-1.1515548542408505
0.42542400517361756,24.374999999999986,-0.0009999999999999996,1.8937469738006028,0.08142964060401893,0.012342950295454451,0.010583404170202147,0.02384818652482494,-1.1855305858268423
0.49087385212340506,28.124999999999993,-0.0009999999999999996,1.7787379580990248,0.07360876003751532,0.009792740003997307,0.14725704657599561,0.02255995230942271,-1.1219855143972108
0.5563236990731923,31.87499999999999,-0.0009999999999999996,1.7199677455385467,0.06737368646285775,0.007658629139051574,0.3055554470711383,0.021011502358378367,-1.0010693108801407
0.6217735460229796,35.624999999999986,-0.0009999999999999996,1.7189887202534726,0.06081884108785956,0.006035592493446147,0.39243436657573105,0.018962882189116275,-0.8239311489199814
0.6872233929727669,39.37499999999998,-0.0009999999999999996,1.8742452178954085,0.054330655317350374,0.004689330338603384,0.3171934427295322,0.016883160615154654,-0.5818306663791661
0.7526732399225542,43.12499999999998,-0.0009999999999999996,2.108079991553871,0.049971351910932264,0.004326919625433843,-0.05021741532268862,0.015452219996751964,-0.30497553237258623
0.8181230868723417,46.874999999999986,-0.0009999999999999996,2.4269172690298086,0.05440293316223923,0.005213272247349797,-0.3107175285579292,0.016550282695241857,-0.1203648544916609
0.8835729338221292,50.62499999999999,-0.0009999999999999996,2.832612333808248,0.0637963755367547,0.006671648051798204,-0.47214328700505287,0.01901615317266744,0.04977098622985343
0.9490227807719163,54.37499999999998,-0.0009999999999999996,3.5006678314453934,0.07753113306977497,0.008857191387348218,-0.6111479305515133,0.022795305809583482,0.22389542420459563
1.0144726277217035,58.12499999999997,-0.0009999999999999996,4.085837960250358,0.08266587554487566,0.010616335684046593,-0.7303423577326437,0.024322377636038187,0.2942768727298888
1.0799224746714913,61.87499999999999,-0.0009999999999999996,4.445902222973424,0.0831059850275726,0.011745892835082275,-0.8078455005572028,0.024482544655795958,0.317863448345058
1.1453723216212786,65.62499999999999,-0.0009999999999999996,5.271356656261331,0.0858906039478919,0.014381517889007767,-0.9231808793167238,0.02525450233653697,0.3529030449927042
1.2108221685710658,69.37499999999999,-0.0009999999999999996,5.9244031539271695,0.09191837195810147,0.016364060329028624,-0.9606161282405621,0.026963449563192812,0.3820726770679528
1.2762720155208531,73.12499999999999,-0.0009999999999999996,6.993921296062265,0.10270036199891,0.01953316441553591,-0.9976170857295382,0.030035167227984327,0.4242612294014467
1.3417218624706404,76.87499999999997,-0.0009999999999999996,7.795102671613778,0.10756120250827977,0.021951597359398323,-1.034490562760132,0.03130447012805682,0.4376188666526586
1.4071717094204277,80.62499999999997,-0.0009999999999999996,8.910076823404351,0.10968102760990647,0.025357998825125044,-1.095285483123732,0.03143482475670031,0.4190606295702288
1.472621556370215,84.37499999999997,-0.0009999999999999996,10.054161391795395,0.11426270207091631,0.028827463553545436,-1.1351642139287372,0.03213642760063544,0.3973561201929474
1.5380714033200027,88.12499999999999,-0.0009999999999999996,10.990026111498878,0.11894850122893388,0.031603338347723664,-1.1582177696573692,0.03294857638709314,0.05089749879035388
1.60352125026979,91.87499999999999,-0.0009999999999999996,11.942044912149374,0.12306719756113121,0.034343511369115176,-1.1801845262792767,0.03350381928983559,0.02914796969101552
1.6689710972195773,95.62499999999999,-0.0009999999999999996,13.121852374934887,0.12725339354285295,0.03762087451085352,-1.206200472525301,0.03378862870039626,0.312207369117365
1.7344209441693645,99.37499999999997,-0.0009999999999999996,14.044894888274161,0.13028790161450643,0.040134004316714406,-1.2250426760546784,0.03381720148245489,0.2750173849707185
1.7998707911191518,103.12499999999997,-0.0009999999999999996,14.779978275992475,0.13327611948044552,0.042210252056130666,-1.2379614525071985,0.03389263957814903,0.23617120797459634
1.8653206380689396,106.875,-0.0009999999999999996,15.323588600370654,0.13587297545893245,0.04376027286199787,-1.2459136801252328,0.034050388200669544,0.20634475610572345
1.9307704850187268,110.62499999999999,-0.0009999999999999996,15.968967123383557,0.13891726320526762,0.0455424987593339,-1.254500534981067,0.034258246330706364,0.17153417425853767
1.9962203319685141,114.37499999999999,-0.0009999999999999996,16.483002674230548,0.14134556572083584,0.0468750981072535,-1.2601188630488818,0.03453954338497155,0.1546417986332429
2.0616701789183014,118.12499999999999,-0.0009999999999999996,17.06781589463791,0.1443194831765766,0.0483170608120628,-1.264777740751573,0.03506868602723621,0.1451996927876955
2.1271200258680887,121.87499999999997,-0.0009999999999999996,17.330264730949157,0.1456295511830251,0.04896148249821043,-1.2668730740172336,0.03529258751137523,0.1398010416708786
2.192569872817876,125.62499999999997,-0.0009999999999999996,17.50026131852727,0.14584293073702717,0.049366084290274385,-1.2703206704980168,0.03511712580333725,0.1243590420566818
2.2580197197676632,129.37499999999997,-0.0009999999999999996,18.020885422826517,0.14789433744349462,0.05062348839179983,-1.2762514793244508,0.035264745622761474,0.09979378996434818
2.323469566717451,133.125,-0.0009999999999999996,18.289056793225356,0.14854963176473893,0.051205302065990055,-1.2801181974339266,0.035217977177834245,0.08264700936277336
2.3889194136672383,136.87499999999997,-0.0009999999999999996,18.18553510053594,0.1471097145245246,0.050875521594937384,-1.2818348748445714,0.03474439006282434,0.06463361291864089
2.4543692606170255,140.62499999999997,-0.0009999999999999996,18.481753645863602,0.14845203084051137,0.05159608713051909,-1.2845885162323312,0.03489185746147579,0.0414656160306599
2.519819107566813,144.37499999999997,-0.0009999999999999996,18.398148115397028,0.14695481267022967,0.05126089134401755,-1.286616090173522,0.03443522211128526,0.020929239044750858
2.5852689545166,148.12499999999997,-0.0009999999999999996,18.637864937451326,0.14782846426931595,0.05174047669954446,-1.2886726452366613,0.03461537954240416,0.01105222416379803
2.6507188014663874,151.87499999999997,-0.0009999999999999996,18.682265490893716,0.1472404196637785,0.051688151423676006,-1.2905706383268634,0.03446168632571072,-0.00044710672220205083
2.7161686484161747,155.62499999999997,-0.0009999999999999996,18.7214119413119,0.14641749348311692,0.05155465487753507,-1.2927029129413186,0.034301266348149,-0.006626817386518269
2.7816184953659624,159.37499999999997,-0.0009999999999999996,18.65060411288462,0.1444381733393566,0.051012973193972404,-1.295300892740399,0.033941995361555115,-0.0070040112898475115
2.8470683423157497,163.12499999999997,-0.0009999999999999996,18.541121790973985,0.14283632066804602,0.050528518361692046,-1.2967881251517062,0.0336173160522527,-0.012645150692602414
2.912518189265537,166.87499999999997,-0.0009999999999999996,18.45401630317036,0.1398572515907551,0.04956309476515474,-1.300965202928707,0.03332018737711472,0.01397909960492072
2.9779680362153242,170.62499999999997,-0.0009999999999999996,18.29022894960873,0.1372823637252428,0.04864514973521043,-1.303726244079003,0.032992176512591585,0.02633945975199481
3.0434178831651115,174.37499999999997,-0.0009999999999999996,18.183958940320455,0.13598651297673012,0.048205377857324296,-1.3049856763083758,0.032741008862971197,0.014874760961262723
3.1088677301148993,178.125,-0.0009999999999999996,18.146586409583907,0.13524645199884794,0.04797796671985089,-1.306364561853805,0.032592426995133254,0.002977488357792879
-3.1088677301148993,-178.125,-0.0005999999999999998,18.08604138266948,0.1340260176307196,0.04758034013020871,-1.3088606809951093,0.03237319241748448,-0.0026103244767057276
-3.0434178831651124,-174.37500000000003,-0.0005999999999999998,18.115667982352146,0.13363216304714925,0.04750268450485123,-1.3112095771559473,0.03227651842073188,-0.012571745793341194
-2.9779680362153247,-170.625,-0.0005999999999999998,18.215770101021857,0.13406219251173096,0.04771207586335675,-1.3125598073977496,0.03234124151936663,-0.02191855385708763
-2.912518189265537,-166.87499999999997,-0.0005999999999999998,18.398413743920532,0.13457807834152646,0.04783963951105013,-1.3154706935431089,0.03266647584672366,-0.006594858820143656
-2.84706834231575,-163.125,-0.0005999999999999998,18.519507428776603,0.1342277223089756,0.0474781446648323,-1.320559600488284,0.03304056863871889,0.023746774363083034
-2.7816184953659624,-159.37499999999997,-0.0005999999999999998,18.624551270582334,0.13459356190833424,0.04753079063105731,-1.3226169739450888,0.03325183502248642,0.01970334250017558
-2.7161686484161756,-155.625,-0.0005999999999999998,18.700952309860728,0.13458156220679898,0.04736928049868739,-1.3260133442902045,0.03346315939680808,0.02115582732101373
-2.650718801466388,-151.875,-0.0005999999999999998,18.660397840918456,0.13387162625632568,0.04700914446820411,-1.3290747537804364,0.03341618849901362,0.0162689142049679
-2.585268954516601,-148.12500000000003,-0.0005999999999999998,18.60903354281431,0.1331633155787214,0.046694170396146095,-1.33181793146907,0.0333030717957911,0.0058416174359301465
-2.5198191075668133,-144.375,-0.0005999999999999998,18.365537524381853,0.13109659343643137,0.04590861522436939,-1.334826057204657,0.03283193707151987,-0.003295090712033044
-2.4543692606170255,-140.62499999999997,-0.0005999999999999998,18.434143011193466,0.13125247438872414,0.045992127694329775,-1.3379382813284733,0.03281414947348358,-0.022726947028456124
-2.3889194136672387,-136.875,-0.0005999999999999998,18.12091352656968,0.12859271313246565,0.04513480209346122,-1.3421180727060924,0.03202265573206538,-0.045236993078919596
-2.323469566717451,-133.125,-0.0005999999999999998,18.210713068936887,0.1289573246171589,0.04534582865482169,-1.3448340423286669,0.03199315115767449,-0.06255359583316533
-2.258019719767664,-129.37500000000003,-0.0005999999999999998,17.93105916620631,0.126469075201759,0.04452660269207326,-1.3505728226471578,0.03123369452009056,-0.07915113161375231
-2.1925698728178764,-125.625,-0.0005999999999999998,17.39324581200763,0.12207850800137943,0.04300478604638397,-1.3585765424883363,0.029991954922109293,-0.1030816325395989
-2.1271200258680896,-121.87500000000003,-0.0005999999999999998,17.212584823930257,0.12051619898023895,0.04248082516813476,-1.3629815508344374,0.029497338035530424,-0.11825354540229682
-2.061670178918302,-118.125,-0.0005999999999999998,16.947950095922078,0.11839806851021178,0.04178105223767472,-1.3670972394080203,0.02884674637358677,-0.12403759789734892
-1.9962203319685143,-114.375,-0.0005999999999999998,16.359729926459,0.11377031637395552,0.040233725602844314,-1.3763848954315634,0.027426073572024787,-0.13413247002499418
-1.930770485018727,-110.625,-0.0005999999999999998,15.832864749423772,0.10964735641911019,0.03888531748633441,-1.3859002370621838,0.026079966871107866,-0.15106911338195417
-1.8653206380689398,-106.875,-0.0005999999999999998,15.156556669033396,0.10436603210385083,0.037274715324589563,-1.3997707170217724,0.024152872950725296,-0.18564721023633624
-1.7998707911191523,-103.125,-0.0005999999999999998,14.585553787281704,0.10001853647465543,0.035977062985569,-1.4120608063623956,0.022456113691307608,-0.2154401103765622
-1.734420944169365,-99.375,-0.0005999999999999998,13.81513291254219,0.09439134326211686,0.034250019858922086,-1.4316071940862685,0.020109065327970046,-0.2544485439028463
-1.6689710972195777,-95.625,-0.0005999999999999998,12.858641937295724,0.08802003807232515,0.03206051900974997,-1.4602475087483215,0.01733485550064444,-0.29226956338415633
-1.6035212502697904,-91.87500000000001,-0.0005999999999999998,11.963680960660906,0.08268672467590167,0.030059122355188986,-1.489020865043833,0.014854289296744585,-0.010719142970541995
-1.538071403320003,-88.125,-0.0005999999999999998,10.989713082480714,0.07739206615222459,0.027961720645769565,-1.5190264506838114,0.012299712202961487,-0.03348400669830198
-1.4726215563702156,-84.375,-0.0005999999999999998,9.704758662336422,0.07108176828151765,0.025286410280549957,-1.5576565936112772,0.009143411456244858,-0.3818970446680794
-1.4071717094204284,-80.62500000000001,-0.0005999999999999998,8.53743784786065,0.06662641172022522,0.023016464956986924,-1.5986512398318407,0.006319858974774697,-0.4065785587944024
-1.3417218624706408,-76.875,-0.0005999999999999998,7.40409818898991,0.06415414104861654,0.02097609458521531,-1.6474445462310323,0.004218546727643576,-0.42893012753943793
-1.2762720155208536,-73.125,-0.0005999999999999998,6.614817161254849,0.06045800706201865,0.01928023639946206,-1.6663685741954106,0.0035899603214375377,-0.416443436093501
-1.2108221685710663,-69.37500000000001,-0.0005999999999999998,5.5873455004259505,0.05355117581653278,0.016833921059548403,-1.6787643839211166,0.002967193853050868,-0.3735011376769375
-1.145372321621279,-65.62500000000001,-0.0005999999999999998,4.9650853533014825,0.04938512105134932,0.015388341338863366,-1.686280223015034,0.0026508768321835607,-0.34390989533771776
-1.0799224746714915,-61.87500000000001,-0.0005999999999999998,4.1776331206092845,0.045296729517548866,0.01363717726450512,-1.6937812478168148,0.002713088352737344,-0.3100656930790562
-1.0144726277217042,-58.12500000000001,-0.0005999999999999998,3.8423291687069807,0.042832596668112385,0.01259093689061438,-1.6834909278556087,0.0026122151320789335,-0.28730090213931225
-0.9490227807719169,-54.375000000000014,-0.0005999999999999998,3.3289589065531024,0.03753742790267393,0.00998783831178771,-1.6133683257941722,0.0023101385658633074,-0.21813247072037267
-0.8835729338221296,-50.62500000000002,-0.0005999999999999998,2.837902808953582,0.050744418266316205,0.005633741951638939,-1.1673234065851845,0.0068826898850192254,-0.04365595546976664
-0.8181230868723421,-46.87500000000001,-0.0005999999999999998,2.6044392375130783,0.07857161058450234,0.004720098227140459,-0.211745958505162,0.011371167704299452,0.12980051934920933
-0.7526732399225546,-43.125,-0.0005999999999999998,2.47227904881865,0.10970033011954174,0.00760833071977624,0.4863885784427538,0.014798526852494727,0.32134046461262455
-0.6872233929727674,-39.37500000000001,-0.0005999999999999998,2.52234033906548,0.15725207391919765,0.01432178359282817,0.8786637729039302,0.018174805611813737,0.6122737045708835
-0.6217735460229801,-35.62500000000001,-0.0005999999999999998,2.6156452769380056,0.19894486258056246,0.021839850207417827,1.0816073398994837,0.01988030236521092,0.8692203841105697
-0.5563236990731928,-31.875000000000014,-0.0005999999999999998,2.800511251205811,0.23518046599468287,0.028863624606213202,1.1783116815686334,0.022671223473243206,1.058416371400668
-0.4908738521234055,-28.125000000000018,-0.0005999999999999998,2.9850582213356187,0.26680260426402186,0.035773166334173004,1.234588331306498,0.027114343502634586,1.188915277989357
-0.425424005173618,-24.37500000000001,-0.0005999999999999998,3.166506216101045,0.29415507542303415,0.04137263799276381,1.2540410925416348,0.033947570046945,1.2585763526662683
-0.3599741582238305,-20.625000000000004,-0.0005999999999999998,3.3312085153772313,0.3085944209442505,0.04379414757645904,1.2210279587205006,0.04111992717673781,1.22413033441403
-0.2945243112740432,-16.875000000000007,-0.0005999999999999998,3.4083096455107915,0.3085365601957717,0.04309381611262918,1.1679379175085722,0.0455950050554401,1.1329863023032445
-0.22907446432425593,-13.12500000000001,-0.0005999999999999998,3.4719744384858693,0.29604205738613554,0.03908261739587249,1.0374959260303487,0.050216196710197794,0.9337154088895718
-0.16362461737446865,-9.375000000000014,-0.0005999999999999998,3.462353569227249,0.27793640644878853,0.0349299050183806,0.8921156657770202,0.05167540587154959,0.7342062751968212
-0.09817477042468137,-5.625000000000019,-0.0005999999999999998,3.399722539000353,0.25418150379057963,0.030907949121179796,0.7094792649518041,0.05159534724059527,0.4803969187228674
-0.03272492347489386,-1.8750000000000107,-0.0005999999999999998,3.2531510123051635,0.22032048383524558,0.027060255935360825,0.4455430397755214,0.05000018546675463,0.15212201009347304
0.03272492347489364,1.8749999999999978,-0.0005999999999999998,3.1010290022116904,0.19476934658191428,0.025096267694652123,0.260281087907186,0.047419797127504354,-0.15212201009347304
0.09817477042468092,5.624999999999994,-0.0005999999999999998,2.9193256202774855,0.1697271297891021,0.023370162539891586,0.10741021012231575,0.04301980944051246,-0.4803969187228674
0.1636246173744682,9.37499999999999,-0.0005999999999999998,2.728147294030428,0.14681064352062062,0.02169944027664503,-0.021718669967798726,0.03768046305455805,-0.7342062751968212
0.2290744643242555,13.124999999999986,-0.0005999999999999998,2.5382590295962975,0.1275990726490272,0.01990439924636459,-0.10844951543240908,0.032369160904121876,-0.9337154088895718
0.29452431127404277,16.874999999999982,-0.0005999999999999998,2.275323343207547,0.1068103124372297,0.017008638581906804,-0.15701534309302742,0.02716412038425693,-1.1329863023032445
0.35997415822383005,20.624999999999975,-0.0005999999999999998,2.1070781809632013,0.09570510914624254,0.014560564646605,-0.12016579402125684,0.025385331237018884,-1.22413033441403
0.42542400517361756,24.374999999999986,-0.0005999999999999998,1.9079298634347768,0.08351338092343322,0.011266749201085268,0.004261038980534347,0.023805539907649456,-1.2585763526662683
0.49087385212340506,28.124999999999993,-0.0005999999999999998,1.7961429433462617,0.07560040696112835,0.008875911271809707,0.17506943175578615,0.022627975085854603,-1.188915277989357
0.5563236990731923,31.87499999999999,-0.0005999999999999998,1.742094879805143,0.0693813161844725,0.007019176842619092,0.3675441385455189,0.021193969019671743,-1.058416371400668
0.6217735460229796,35.624999999999986,-0.0005999999999999998,1.746424892827436,0.06284796556503375,0.005647799581148936,0.46573151507211025,0.019251759139354632,-0.8692203841105697
0.6872233929727669,39.37499999999998,-0.0005999999999999998,1.9100666344945965,0.05669931611208314,0.004500146187960502,0.3752285196631199,0.017372031995494756,-0.6122737045708835
0.7526732399225542,43.12499999999998,-0.0005999999999999998,2.1509385842060254,0.05305282412464945,0.0042750894142521475,-0.025205652063355243,0.01621621495078389,-0.32134046461262455
0.8181230868723417,46.874999999999986,-0.0005999999999999998,2.474638718163869,0.0580005182349954,0.005240625851612802,-0.2964804431934252,0.017500892489650893,-0.12980051934920933
0.8835729338221292,50.62499999999999,-0.0005999999999999998,2.8815587644233487,0.06728707079331936,0.006726044944142769,-0.4626544205422978,0.01998363859280456,0.04365595546976664
0.9490227807719163,54.37499999999998,-0.0005999999999999998,3.547091377273475,0.08032172094862633,0.008891292785520987,-0.6058832150080501,0.023620143708153848,0.21813247072037267
1.0144726277217035,58.12499999999997,-0.0005999999999999998,4.129630070846293,0.08490223461238586,0.010628310651181892,-0.7270344036574746,0.02501575135854764,0.28730090213931225
1.0799224746714913,61.87499999999999,-0.0005999999999999998,4.487698813688341,0.08499691364148045,0.011754771423519304,-0.8056383746440309,0.025085822808885626,0.3100656930790562
1.1453723216212786,65.62499999999999,-0.0005999999999999998,5.3089952486392,0.08735634530475807,0.014399098653290074,-0.9217221129059087,0.025741024124649528,0.34390989533771776
1.2108221685710658,69.37499999999999,-0.0005999999999999998,5.960846638102888,0.09344551015789211,0.016389677507240023,-0.9581533644244619,0.02746868576192867,0.3735011376769375
1.2762720155208531,73.12499999999999,-0.0005999999999999998,7.03126059734835,0.10421467186987726,0.019575633172783664,-0.9953546969141763,0.030540077385372264,0.416443436093501
1.3417218624706404,76.87499999999997,-0.0005999999999999998,7.833028316529348,0.10878435507074796,0.02200672848435091,-1.0335380929365325,0.03172340559177106,0.42893012753943793
1.4071717094204277,80.62499999999997,-0.0005999999999999998,8.944016406655052,0.11039062407063271,0.02540942088141045,-1.0956190646419137,0.03170082555138665,0.4065785587944024
1.472621556370215,84.37499999999997,-0.0005999999999999998,10.086655707004502,0.11462142806377698,0.028891321629070363,-1.136477778610498,0.032283244638634495,0.3818970446680794
1.5380714033200027,88.12499999999999,-0.0005999999999999998,11.023197089179016,0.11920600107556746,0.03167377642511663,-1.1596558487420607,0.033053958261239254,0.03348400669830198
1.60352125026979,91.87499999999999,-0.0005999999999999998,11.974400103631448,0.12326290968447316,0.03441412574407103,-1.1814977715276787,0.03358649833608875,0.010719142970541995
1.6689710972195773,95.62499999999999,-0.0005999999999999998,13.15091150067988,0.12738590630058771,0.03768411245433537,-1.2072952603421936,0.033842948240183086,0.29226956338415633
1.7344209441693645,99.37499999999997,-0.0005999999999999998,14.069581456445036,0.13039232015832053,0.04018993377778783,-1.22586673276429,0.0338584265423224,0.2544485439028463
1.7998707911191518,103.12499999999997,-0.0005999999999999998,14.800993897658266,0.1333642765396979,0.04225890102198656,-1.2386365967531812,0.03392389864332489,0.2154401103765622
1.8653206380689396,106.875,-0.0005999999999999998,15.342203879269732,0.1359445303046138,0.04380405560576614,-1.2465238117073034,0.034076488820153225,0.18564721023633624
1.9307704850187268,110.62499999999999,-0.0005999999999999998,15.983933862805726,0.13895521005358352,0.045575270954386314,-1.2549498243684019,0.034275454189678964,0.15106911338195417
1.9962203319685141,114.37499999999999,-0.0005999999999999998,16.493862396483994,0.14135240597195067,0.04689326563734672,-1.2605135595268937,0.0345467947474913,0.13413247002499418
2.0616701789183014,118.12499999999999,-0.0005999999999999998,17.071987693819427,0.14428003041208914,0.048320513005983924,-1.2651301239081247,0.03506225282938099,0.12403759789734892
2.1271200258680887,121.87499999999997,-0.0005999999999999998,17.330838369332554,0.1455649626053679,0.048957960621119255,-1.2672433333137625,0.03527567983039336,0.11825354540229682
2.192569872817876,125.62499999999997,-0.0005999999999999998,17.49632744454723,0.14575622574726718,0.04934949794806612,-1.2706132154893541,0.0350943558998978,0.1030816325395989
2.2580197197676632,129.37499999999997,-0.0005999999999999998,18.010210297820063,0.14777550713363932,0.05059255800866746,-1.2764791817524606,0.03523331661223182,0.07915113161375231
2.323469566717451,133.125,-0.0005999999999999998,18.273266664770052,0.14840464203920112,0.05116238599756843,-1.2803030401039022,0.0351798270115608,0.06255359583316533
2.3889194136672383,136.87499999999997,-0.0005999999999999998,18.1661505196486,0.14694935108976429,0.050825818040454274,-1.2819975550848854,0.03469817645314859,0.045236993078919596
2.4543692606170255,140.62499999999997,-0.0005999999999999998,18.456869958221922,0.1482688759546217,0.05153637978114453,-1.2847099368184214,0.034836692914650816,0.022726947028456124
2.519819107566813,144.37499999999997,-0.0005999999999999998,18.368832615093886,0.14674786360867403,0.051193364008492975,-1.286740358428598,0.03437367868551456,0.003295090712033044
2.5852689545166,148.12499999999997,-0.0005999999999999998,18.60319192537838,0.14759445131273335,0.05166330315213168,-1.2887451591357426,0.03454338432051484,-0.0058416174359301465
2.6507188014663874,151.87499999999997,-0.0005999999999999998,18.64412892671349,0.1469917436687759,0.05160406997280421,-1.2906154238210883,0.034382409468714945,-0.0162689142049679
2.7161686484161747,155.62499999999997,-0.0005999999999999998,18.679796482539714,0.14614444513323807,0.0514618466986936,-1.292742764873395,0.03421167681264547,-0.02115582732101373
2.7816184953659624,159.37499999999997,-0.0005999999999999998,18.604847928082158,0.1441346023181432,0.050911953394765924,-1.2953447759613406,0.03384428639949837,-0.01970334250017558
2.8470683423157497,163.12499999999997,-0.0005999999999999998,18.49576065441352,0.14252559840647308,0.05042738022031102,-1.2968482821557705,0.03351729764438357,-0.023746774363083034
2.912518189265537,166.87499999999997,-0.0005999999999999998,18.405008602740676,0.13945754288731796,0.0494326600090888,-1.3011129234341114,0.033209487336075066,0.006594858820143656
2.9779680362153242,170.62499999999997,-0.0005999999999999998,18.237688654878944,0.1368217524231953,0.048490180162877504,-1.304002476318597,0.03287592037739864,0.02191855385708763
3.0434178831651115,174.37499999999997,-0.0005999999999999998,18.128239728145488,0.1354958237564256,0.048038801476188955,-1.3052640303497245,0.0326212834060699,0.012571745793341194
3.1088677301148993,178.125,-0.0005999999999999998,18.088651707146187,0.13476216808092395,0.04781623474563589,-1.3066192401498187,0.032468876422193094,0.0026103244767057276
-3.1088677301148993,-178.125,-0.0002000000000000001,18.060490852671723,0.13387775776653427,0.04753074100505786,-1.308774875700799,0.032321742076019656,-0.0017678929392701548
-3.0434178831651124,-174.37500000000003,-0.0002000000000000001,18.095735825194264,0.13348152721663964,0.04745759874762518,-1.3112668574788036,0.03222403539851804,-0.008863927269114669
-2.9779680362153247,-170.625,-0.0002000000000000001,18.1937544697282,0.13391762270733917,0.04765998832922357,-1.3124851805382234,0.03229655531990936,-0.021545976264942368
-2.912518189265537,-166.87499999999997,-0.0002000000000000001,18.379678340343904,0.134450924990988,0.04779229488398751,-1.3154083808232953,0.03263344865358537,-0.006405805092427386
-2.84706834231575,-163.125,-0.0002000000000000001,18.504540213065233,0.1341186208311115,0.047428556991524845,-1.3205158572923335,0.033020568340997994,0.027613500742631913
-2.7816184953659624,-159.37499999999997,-0.0002000000000000001,18.609673857148664,0.1344859317168666,0.04747764904478894,-1.3225326288053336,0.03323583599600285,0.02416403625046115
-2.7161686484161756,-155.625,-0.0002000000000000001,18.68877902520297,0.13449924505367405,0.04732332803752793,-1.325932799588106,0.033452900921953084,0.026538560240830122
-2.650718801466388,-151.875,-0.0002000000000000001,18.655646021871974,0.13387757245303508,0.047000188684643826,-1.3286964789931632,0.033417503183756636,0.02739141084597918
-2.585268954516601,-148.12500000000003,-0.0002000000000000001,18.60233101850599,0.13312462648098458,0.04666230157759893,-1.3317252644756727,0.03330115334602138,0.01305160274942807
-2.5198191075668133,-144.375,-0.0002000000000000001,18.361762360313104,0.13108025427372583,0.04588436014634056,-1.334662871906949,0.032831908974707884,0.004872308579496831
-2.4543692606170255,-140.62499999999997,-0.0002000000000000001,18.43278029358885,0.1312529400271977,0.04597087981217601,-1.3377601316294776,0.03281504373950443,-0.01403434716658225
-2.3889194136672387,-136.875,-0.0002000000000000001,18.121863348433834,0.12861064816011655,0.04512019661535038,-1.3419119061669016,0.03202493248042048,-0.03628300409570784
-2.323469566717451,-133.125,-0.0002000000000000001,18.213356634564654,0.1289861549337207,0.04533429807586343,-1.3445801195906413,0.03199489877071455,-0.05331846367540294
-2.258019719767664,-129.37500000000003,-0.0002000000000000001,17.936175337845906,0.12651266042147297,0.04452000559516636,-1.3502485480168307,0.03123670037107945,-0.1077570637215608
-2.1925698728178764,-125.625,-0.0002000000000000001,17.401672937108373,0.12214361544408056,0.04300261109650101,-1.3581909548130382,0.029992668881331955,-0.09338561193639805
-2.1271200258680896,-121.87500000000003,-0.0002000000000000001,17.22235758488041,0.12058813911989542,0.04248859496398909,-1.3626372885283942,0.029500739776003614,-0.10909285225805476
-2.061670178918302,-118.125,-0.0002000000000000001,16.95911057690936,0.11847679165622935,0.04179054710583897,-1.3667577469455328,0.028849595954979865,-0.11529638001919551
-1.9962203319685143,-114.375,-0.0002000000000000001,16.373553804378975,0.11386581622584283,0.04024561042038139,-1.3759684001589105,0.027428998134403342,-0.10824112294041655
-1.930770485018727,-110.625,-0.0002000000000000001,15.848621107736863,0.10975336699507951,0.03889811725945467,-1.3854024785656893,0.026083335923625522,-0.1423916587726417
-1.8653206380689398,-106.875,-0.0002000000000000001,15.173927636320606,0.10447921092183629,0.03728229825483838,-1.399221629601401,0.02415232513151198,-0.1775343727611265
-1.7998707911191523,-103.125,-0.0002000000000000001,14.605035837708705,0.10013952517333397,0.03597110074281298,-1.4112974179070692,0.022444649902807326,-0.20491361112892825
-1.734420944169365,-99.375,-0.0002000000000000001,13.833774632211458,0.09450529191422984,0.03424501574134189,-1.4308478691287585,0.020092193577957787,-0.24641558949668685
-1.6689710972195777,-95.625,-0.0002000000000000001,12.878261789596399,0.08813163408959977,0.03204555116568485,-1.459417507912143,0.017300260405980292,-0.28372712553955637
-1.6035212502697904,-91.87500000000001,-0.0002000000000000001,11.983728499195966,0.0827989301675939,0.03003380499689772,-1.4880901263596118,0.014802907812515512,-0.0028377222403577207
-1.538071403320003,-88.125,-0.0002000000000000001,11.009379489072114,0.07750444738417311,0.027923501308513312,-1.5181125256123262,0.012224228386549962,-0.0261397100270937
-1.4726215563702156,-84.375,-0.0002000000000000001,9.661713168273035,0.0709354917210356,0.02509038928144226,-1.5587037747982344,0.00886303111900295,-0.3766124575300367
-1.4071717094204284,-80.62500000000001,-0.0002000000000000001,8.555920754174517,0.0669017870331724,0.022935099241514188,-1.5986448643533848,0.006106207509337766,-0.4015117214385331
-1.3417218624706408,-76.875,-0.0002000000000000001,7.421573012287683,0.06469136345419466,0.02093311027553387,-1.6489497081388922,0.004053823893457839,-0.4259861022801097
-1.2762720155208536,-73.125,-0.0002000000000000001,6.632724267643139,0.06106137375126417,0.019173257835109467,-1.667791756524676,0.003464923960397814,-0.4126652529177459
-1.2108221685710663,-69.37500000000001,-0.0002000000000000001,5.604856922813223,0.054044593569048636,0.016650090778943333,-1.6789009602440133,0.002903456072165396,-0.3693905529674719
-1.145372321621279,-65.62500000000001,-0.0002000000000000001,4.98197748160389,0.049844015114783445,0.015197368404457241,-1.6859408342759996,0.0026766358204344688,-0.3406625256993676
-1.0799224746714915,-61.87500000000001,-0.0002000000000000001,4.196085744065734,0.0458853650519098,0.013342902001788911,-1.6937898668654778,0.0030007683133863538,-0.3070468739837384
-1.0144726277217042,-58.12500000000001,-0.0002000000000000001,3.8615107867580982,0.04345562702290071,0.012242918593799099,-1.6840465850489073,0.0030117850277460467,-0.28452307919719333
-0.9490227807719169,-54.375000000000014,-0.0002000000000000001,3.349241912006817,0.03809862285246861,0.009612936480122214,-1.6146327807415959,0.0027001880966358105,-0.21732938132866675
-0.8835729338221296,-50.62500000000002,-0.0002000000000000001,2.8603402933735764,0.05103753814248641,0.0054266491044318846,-1.173317857364196,0.006961866809401361,-0.04083762200882868
-0.8181230868723421,-46.87500000000001,-0.0002000000000000001,2.628589880195237,0.0787936524817953,0.004512501124164711,-0.2653498014032327,0.011353476408369768,0.134569587148881
-0.7526732399225546,-43.125,-0.0002000000000000001,2.5007429268287966,0.10964157793597354,0.0066496986191553675,0.39337470623702997,0.014428803610760838,0.3324954975499348
-0.6872233929727674,-39.37500000000001,-0.0002000000000000001,2.5555681163050794,0.15678043067422748,0.011827324154809226,0.812568160039383,0.01681125500294432,0.6309238544934059
-0.6217735460229801,-35.62500000000001,-0.0002000000000000001,2.6529474850557806,0.19829233865349052,0.01766697277674959,1.04409584536861,0.0174261321726046,0.8972844573758683
-0.5563236990731928,-31.875000000000014,-0.0002000000000000001,2.841411952975673,0.23492660338685642,0.02330575380404583,1.1550070187412969,0.020173016241007456,1.0942161843876645
-0.4908738521234055,-28.125000000000018,-0.0002000000000000001,3.027880677452565,0.2678827826091788,0.029027875998479412,1.2161320225427779,0.025982546301752046,1.231008042950415
-0.425424005173618,-24.37500000000001,-0.0002000000000000001,3.2095856423970677,0.29720096520120876,0.033788192399339535,1.232708252516851,0.034666745151276004,1.3047693276725163
-0.3599741582238305,-20.625000000000004,-0.0002000000000000001,3.3677745835617356,0.31362036078339894,0.037643336692480336,1.1916006540951143,0.04315162505279938,1.2530803924452427
-0.2945243112740432,-16.875000000000007,-0.0002000000000000001,3.444056564315476,0.31607205220823675,0.035803189838363496,1.1164202289501632,0.04893749142126967,1.1726919750101303
-0.22907446432425593,-13.12500000000001,-0.0002000000000000001,3.4988728416664543,0.30414565743523025,0.034270756260856516,0.9722139217463724,0.0532863051434088,0.9681392437583494
-0.16362461737446865,-9.375000000000014,-0.0002000000000000001,3.4836982224875968,0.2867195373143902,0.03119281655620743,0.8070967216183074,0.0545794263323423,0.7620342147544772
-0.09817477042468137,-5.625000000000019,-0.0002000000000000001,3.415075153948094,0.2631082514008835,0.028356041182535565,0.611879953674308,0.05405544380536215,0.5111091035270641
-0.03272492347489386,-1.8750000000000107,-0.0002000000000000001,3.258481784590814,0.23042055292477368,0.025431365423625292,0.3310947927896768,0.051908958573833604,0.15425955573346828
0.03272492347489364,1.8749999999999978,-0.0002000000000000001,3.1042222288573456,0.2023523218123049,0.024344257242269705,0.1806309082203985,0.048430959793103974,-0.15425955573346828
0.09817477042468092,5.624999999999994,-0.0002000000000000001,2.90396605042103,0.1755168502507209,0.02260538742413682,0.027775122336959328,0.04311144198305351,-0.5111091035270641
0.1636246173744682,9.37499999999999,-0.0002000000000000001,2.7216640077331196,0.1537224955634743,0.02099933016353125,-0.08299999798439346,0.03764099017760632,-0.7620342147544772
0.2290744643242555,13.124999999999986,-0.0002000000000000001,2.530733597908105,0.13339076130718486,0.01912111838214513,-0.15758584614794158,0.03202438871853686,-0.9681392437583494
0.29452431127404277,16.874999999999982,-0.0002000000000000001,2.2713645893053456,0.11024538535195698,0.016268493871167862,-0.18637965829050848,0.026787594826270886,-1.1726919750101303
0.35997415822383005,20.624999999999975,-0.0002000000000000001,2.114694191116493,0.099704762646139,0.013807470893180044,-0.14451221146493293,0.025053293048153003,-1.2530803924452427
0.42542400517361756,24.374999999999986,-0.0002000000000000001,1.9048163147245514,0.08607793480628437,0.010269413231753803,0.014614106496517497,0.02345910707185348,-1.3047693276725163
0.49087385212340506,28.124999999999993,-0.0002000000000000001,1.7968726345021497,0.07768400831292431,0.008059877406280683,0.21984234043903617,0.022445857799563894,-1.231008042950415
0.5563236990731923,31.87499999999999,-0.0002000000000000001,1.7471957685880084,0.07113649171646964,0.006471029108419934,0.4447546181536708,0.021160898357235294,-1.0942161843876645
0.6217735460229796,35.624999999999986,-0.0002000000000000001,1.7556630276799123,0.06441827903993304,0.005307981784287426,0.5525090749897985,0.0193357886548914,-0.8972844573758683
0.6872233929727669,39.37499999999998,-0.0002000000000000001,1.9246442618116735,0.05834454588222119,0.004272760274777119,0.4469700297687729,0.017623864461641645,-0.6309238544934059
0.7526732399225542,43.12499999999998,-0.0002000000000000001,2.168247429278862,0.054741533393010154,0.004147770256568652,-0.0031405730742281195,0.016601855028206925,-0.3324954975499348
0.8181230868723417,46.874999999999986,-0.0002000000000000001,2.494020293046356,0.05985528943523529,0.005158326750916924,-0.29041884841444476,0.01797377169008182,-0.134569587148881
0.8835729338221292,50.62499999999999,-0.0002000000000000001,2.901177915382405,0.06900871311413226,0.006676348013836497,-0.46218159982274176,0.020454777563317983,0.04083762200882868
0.9490227807719163,54.37499999999998,-0.0002000000000000001,3.5665712933354836,0.08180631509011378,0.008838293148749522,-0.6090158214979122,0.02406471682283367,0.21732938132866675
1.0144726277217035,58.12499999999997,-0.0002000000000000001,4.1460338659552916,0.08593160911087691,0.010598787315937445,-0.7289790967428307,0.02534158203631998,0.28452307919719333
1.0799224746714913,61.87499999999999,-0.0002000000000000001,4.503132618049473,0.0858601545188165,0.011732060781136179,-0.8075079879368882,0.025367840612663946,0.3070468739837384
1.1453723216212786,65.62499999999999,-0.0002000000000000001,5.322640007303257,0.08805167067806326,0.01438789700499287,-0.9226369403315803,0.025975326687393906,0.3406625256993676
1.2108221685710658,69.37499999999999,-0.0002000000000000001,5.974247475780695,0.09420539454062042,0.01638343751264862,-0.9580141189093654,0.02772113538667957,0.3693905529674719
1.2762720155208531,73.12499999999999,-0.0002000000000000001,7.045389520560885,0.10497544464351843,0.019580849411488077,-0.9951369849212881,0.030796024176089315,0.4126652529177459
1.3417218624706404,76.87499999999997,-0.0002000000000000001,7.847559114567793,0.10940915239142884,0.0220208011690301,-1.0337348193632452,0.0319423776357036,0.4259861022801097
1.4071717094204277,80.62499999999997,-0.0002000000000000001,8.95743247561305,0.11081233234995468,0.025422088869666758,-1.0964038717186577,0.031870820301486094,0.4015117214385331
1.472621556370215,84.37499999999997,-0.0002000000000000001,10.038325625803072,0.11449996435077962,0.02872832030483379,-1.136066558687213,0.0323145875837032,0.3766124575300367
1.5380714033200027,88.12499999999999,-0.0002000000000000001,11.035519199099207,0.11930107196979664,0.03169977647511292,-1.1607552058303594,0.03310345944681816,0.0261397100270937
1.60352125026979,91.87499999999999,-0.0002000000000000001,11.986566221436323,0.12333000771575398,0.03444002062692334,-1.182477893090211,0.03362306137877076,0.0028377222403577207
1.6689710972195773,95.62499999999999,-0.0002000000000000001,13.161988915135955,0.12742772015439685,0.03770869217891818,-1.2080876168282955,0.03386845957073349,0.28372712553955637
1.7344209441693645,99.37499999999997,-0.0002000000000000001,14.080190221708145,0.1304317107079684,0.04021334028127611,-1.2266304226329618,0.03388183101620121,0.24641558949668685
1.7998707911191518,103.12499999999997,-0.0002000000000000001,14.809949448837633,0.1334010004192072,0.04227993462189699,-1.2391334851116258,0.03394151004850118,0.20491361112892825
1.8653206380689396,106.875,-0.0002000000000000001,15.351462009081732,0.13597525907457533,0.04382449266834941,-1.2470289252946687,0.03409229429620434,0.1775343727611265
1.9307704850187268,110.62499999999999,-0.0002000000000000001,15.991012766509504,0.1389662115669247,0.045588504404108506,-1.2553161122595609,0.034282068611371466,0.1423916587726417
1.9962203319685141,114.37499999999999,-0.0002000000000000001,16.48179492731939,0.14130079887323224,0.04686117042453828,-1.26061218793146,0.034554294626849925,0.10824112294041655
2.0616701789183014,118.12499999999999,-0.0002000000000000001,17.074406956928556,0.14425449806884008,0.04832276212397404,-1.2654954938599792,0.035058574962843654,0.11529638001919551
2.1271200258680887,121.87499999999997,-0.0002000000000000001,17.331450437138464,0.14553446110982107,0.0489547101877362,-1.267478827381058,0.035271814286432376,0.10909285225805476
2.192569872817876,125.62499999999997,-0.0002000000000000001,17.49505854904477,0.14571909894883012,0.04934389394082518,-1.2707914387519097,0.03508843045854652,0.09338561193639805
2.2580197197676632,129.37499999999997,-0.0002000000000000001,18.043932401567467,0.14787554803505365,0.05066770702541952,-1.2770330511493626,0.035240369098784335,0.1077570637215608
2.323469566717451,133.125,-0.0002000000000000001,18.266675098240057,0.1483374307488893,0.05114432358224716,-1.280418393128523,0.035163198463242805,0.05331846367540294
2.3889194136672383,136.87499999999997,-0.0002000000000000001,18.158146352529542,0.1468775308456352,0.05080580424857921,-1.282113157622674,0.0346806817517296,0.03628300409570784
2.4543692606170255,140.62499999999997,-0.0002000000000000001,18.44681464075543,0.1481922859756244,0.05151227782325242,-1.2847907895309696,0.03481637321935966,0.01403434716658225
2.519819107566813,144.37499999999997,-0.0002000000000000001,18.356890051733608,0.14666064487420594,0.051163578487594015,-1.2867840327344195,0.0343472275362476,-0.004872308579496831
2.5852689545166,148.12499999999997,-0.0002000000000000001,18.58927941575656,0.14749856258848704,0.0516303843573157,-1.2888019002051765,0.0345145837407175,-0.01305160274942807
2.6507188014663874,151.87499999999997,-0.0002000000000000001,18.628254611025994,0.14688518566478725,0.05156741790717659,-1.290658383979121,0.0343489945375735,-0.02739141084597918
2.7161686484161747,155.62499999999997,-0.0002000000000000001,18.66224046496214,0.14602832775507946,0.051423776250008185,-1.2927674100866409,0.034174907956424465,-0.026538560240830122
2.7816184953659624,159.37499999999997,-0.0002000000000000001,18.585509820898203,0.14400856774436357,0.05086920823406731,-1.2953835730559766,0.033801408993611906,-0.02416403625046115
2.8470683423157497,163.12499999999997,-0.0002000000000000001,18.4769267123226,0.14240035078732793,0.05038667660775963,-1.2968873150644573,0.033474245032487505,-0.027613500742631913
2.912518189265537,166.87499999999997,-0.0002000000000000001,18.38608414543633,0.13944051839431626,0.049432032977340216,-1.300960463768385,0.033164251934618166,0.006405805092427386
2.9779680362153242,170.62499999999997,-0.0002000000000000001,18.215300445993144,0.1366248831263979,0.04842632474441933,-1.3041232396239184,0.03282341177671859,0.021545976264942368
3.0434178831651115,174.37499999999997,-0.0002000000000000001,18.10459975246338,0.1352865266583219,0.04797025046221797,-1.305402439921738,0.03256429738494377,0.008863927269114669
3.1088677301148993,178.125,-0.0002000000000000001,18.062258745610993,0.13454093273513457,0.04774148032267409,-1.3066993617571923,0.03240504175240658,0.0017678929392701548
-3.1088677301148993,-178.125,0.0002000000000000001,18.060991696992534,0.13378923936959655,0.04750042116889892,-1.3090485639959772,0.0323093169722393,-0.0032931173641195244
-3.0434178831651124,-174.37500000000003,0.0002000000000000001,18.088336040562833,0.13346163251021056,0.04743902362164079,-1.3110750934500022,0.032225042184061414,-0.014178919316304217
-2.9779680362153247,-170.625,0.0002000000000000001,18.195450243917904,0.1339268489447864,0.04765971564995072,-1.31243394346769,0.03229754778570253,-0.01787335194506312
-2.912518189265537,-166.87499999999997,0.0002000000000000001,18.381094391247682,0.1344603063523961,0.04779099296405593,-1.3153676993874186,0.032634791806167976,0.0006667118838024066
-2.84706834231575,-163.125,0.0002000000000000001,18.505631194375216,0.13412297771143342,0.047424170212693975,-1.3204302385769588,0.03302095553313226,0.030302123656809954
-2.7816184953659624,-159.37499999999997,0.0002000000000000001,18.610788138460176,0.13449223568080906,0.04747535667372137,-1.32247319596155,0.03323358914319294,0.026946988725409682
-2.7161686484161756,-155.625,0.0002000000000000001,18.68967817999826,0.134503240062264,0.04731647108960174,-1.3258416774440465,0.033448757542722383,0.028955379751455013
-2.650718801466388,-151.875,0.0002000000000000001,18.646072325324354,0.13374129129340875,0.04692619935195105,-1.3291311687471827,0.03339851869681523,0.01917084760861343
-2.585268954516601,-148.12500000000003,0.0002000000000000001,18.601785442319063,0.1331198836544067,0.04665077403467599,-1.3316290338924377,0.03329583520569732,0.01366276808588296
-2.5198191075668133,-144.375,0.0002000000000000001,18.36192206561933,0.13107812024328472,0.04587305739616785,-1.334564255490223,0.03282198173103294,0.004240864739855965
-2.4543692606170255,-140.62499999999997,0.0002000000000000001,18.432770299729917,0.13124851459298953,0.04595692891709093,-1.337623749792204,0.03280613814765897,-0.014721659803843323
-2.3889194136672387,-136.875,0.0002000000000000001,18.121700309221684,0.1286035151107231,0.04510219376404781,-1.341705404864461,0.03201329944185183,-0.03702007977869215
-2.323469566717451,-133.125,0.0002000000000000001,18.213054327664732,0.1289775863627912,0.045314265602284326,-1.3443453278324435,0.031981447027078065,-0.054114379396512646
-2.258019719767664,-129.37500000000003,0.0002000000000000001,17.935655624799452,0.12650243656468327,0.044495396951059016,-1.3500468528697578,0.031221311352333258,-0.03243822556433784
-2.1925698728178764,-125.625,0.0002000000000000001,17.400888955770466,0.12213054172631699,0.04297364970396544,-1.3579727295443609,0.02997574189712083,-0.09415227643244961
-2.1271200258680896,-121.87500000000003,0.0002000000000000001,17.223118173648537,0.12058588049512216,0.04245945536516311,-1.3623620905525888,0.029482402825085016,-0.10849900803103196
-2.061670178918302,-118.125,0.0002000000000000001,16.960004124416713,0.11847655220427762,0.041760656270464755,-1.3663984459211809,0.02883023650963323,-0.11428573123011887
-1.9962203319685143,-114.375,0.0002000000000000001,16.374695892490227,0.11386445764056165,0.04020884348064413,-1.3755571978760095,0.027405119582079793,-0.14221210993915534
-1.930770485018727,-110.625,0.0002000000000000001,15.849939643275126,0.1097511390934423,0.03885499922896544,-1.3849426217812664,0.026055280479377618,-0.14186247090556314
-1.8653206380689398,-106.875,0.0002000000000000001,15.175366533108015,0.1044769029097489,0.03723122748976551,-1.398654578863064,0.02411710332269712,-0.17550204684872028
-1.7998707911191523,-103.125,0.0002000000000000001,14.603355087940969,0.10011380314751006,0.035902712238107835,-1.4107326207602457,0.02239699915847385,-0.20756413679257335
-1.734420944169365,-99.375,0.0002000000000000001,13.835228689238583,0.09449830586381634,0.03417364717129726,-1.4301840828114043,0.020041081130281857,-0.24437535137788302
-1.6689710972195777,-95.625,0.0002000000000000001,12.87974742597768,0.08812362572607026,0.031957574635212864,-1.4586182257356228,0.017235734834314547,-0.2834079422216096
-1.6035212502697904,-91.87500000000001,0.0002000000000000001,11.985216542534454,0.08278748050298274,0.029928225618719908,-1.4872363727570101,0.014719023167048125,-0.002627172346890916
-1.538071403320003,-88.125,0.0002000000000000001,11.0108078154251,0.07749345263678899,0.027801615327095706,-1.5171748038627508,0.012122269017028592,-0.026007242288574872
-1.4726215563702156,-84.375,0.0002000000000000001,9.7854042703463,0.07148143127297583,0.025202674406672454,-1.553976140498318,0.009042143678090022,-0.37463998671677423
-1.4071717094204284,-80.62500000000001,0.0002000000000000001,8.55427235575375,0.06686871530049432,0.02275302958733951,-1.5976257941587926,0.005952557424258487,-0.40253080916572337
-1.3417218624706408,-76.875,0.0002000000000000001,7.422772043178589,0.0647427245317378,0.02073381456976725,-1.6484242627826107,0.003886184625779483,-0.42636285309972166
-1.2762720155208536,-73.125,0.0002000000000000001,6.631092968845587,0.06103123233607334,0.018924368165726353,-1.6668756158914242,0.003331236733019248,-0.4158561728074206
-1.2108221685710663,-69.37500000000001,0.0002000000000000001,5.6032323687651795,0.05405528313428057,0.016350478255127164,-1.6777720382963386,0.002835796541480979,-0.3724948784880633
-1.145372321621279,-65.62500000000001,0.0002000000000000001,4.98299154255413,0.04995995613126423,0.014844458662366089,-1.684625571444731,0.0027062710772365675,-0.3411451452280101
-1.0799224746714915,-61.87500000000001,0.0002000000000000001,4.197176791720261,0.046090626069334936,0.012859416015464597,-1.6922812061819654,0.003278353645357462,-0.3076749180116023
-1.0144726277217042,-58.12500000000001,0.0002000000000000001,3.8626789860864257,0.04370328944908878,0.011702599250637175,-1.682489248101386,0.003399655387311207,-0.2852089174175667
-0.9490227807719169,-54.375000000000014,0.0002000000000000001,3.350696525725744,0.03833606111191628,0.00907255090837727,-1.6121423855543233,0.0031155293852684045,-0.21509078457418296
-0.8835729338221296,-50.62500000000002,0.0002000000000000001,2.8628664145836002,0.050836048023828705,0.005176958594285794,-1.179788802818104,0.0070249459655997775,-0.04035348630233759
-0.8181230868723421,-46.87500000000001,0.0002000000000000001,2.632390212519944,0.07807594655627795,0.004267178000821249,-0.36081557083575916,0.011237319215766189,0.13670377341107676
-0.7526732399225546,-43.125,0.0002000000000000001,2.502231435863284,0.10809119037551056,0.005644767070727925,0.24982125647563477,0.013937386745863966,0.33322263825903864
-0.6872233929727674,-39.37500000000001,0.0002000000000000001,2.5592324095098657,0.15413439451213035,0.009135069739742653,0.705337286188133,0.01532787479681771,0.6385114852753133
-0.6217735460229801,-35.62500000000001,0.0002000000000000001,2.6583153524402126,0.1949826557177306,0.013175693425206067,0.9880521232000578,0.014892317981417215,0.9090405252827223
-0.5563236990731928,-31.875000000000014,0.0002000000000000001,2.8475708649519,0.23164616647912112,0.017386848708931594,1.1274107277778678,0.01783214424282789,1.1095305043438535
-0.4908738521234055,-28.125000000000018,0.0002000000000000001,3.0335581720830356,0.2656184448401992,0.021938499496551054,1.2007155645920526,0.025212643592722225,1.2493993013205238
-0.425424005173618,-24.37500000000001,0.0002000000000000001,3.213557863581096,0.29659777800720694,0.02591799052564029,1.216142849359842,0.03552931105141037,1.3253083300924302
-0.3599741582238305,-20.625000000000004,0.0002000000000000001,3.373375301081447,0.3160494964248732,0.029748837364849325,1.1569600874008794,0.04540034867255617,1.302990633636016
-0.2945243112740432,-16.875000000000007,0.0002000000000000001,3.4399950797948193,0.3197429031189926,0.028442788435396743,1.0633880341034911,0.0516817979379145,1.1902101542750865
-0.22907446432425593,-13.12500000000001,0.0002000000000000001,3.493651432441631,0.31052140711490683,0.028288177216916486,0.8882168725449604,0.05624197954089292,0.9898885707439087
-0.16362461737446865,-9.375000000000014,0.0002000000000000001,3.473137674564723,0.2942145606179582,0.02660607793882602,0.7007428736319674,0.05722544273326188,0.7798928227172124
-0.09817477042468137,-5.625000000000019,0.0002000000000000001,3.399357039885479,0.27119959651464204,0.02520173417538712,0.4977125973028238,0.05611946442060722,0.4955792037866944
-0.03272492347489386,-1.8750000000000107,0.0002000000000000001,3.2328903049033495,0.23831026246595496,0.023634388172298494,0.23516403609934394,0.05286842377677429,0.152791102435756
0.03272492347489364,1.8749999999999978,0.0002000000000000001,3.0800992024675935,0.21015525311774688,0.023132778787475723,0.10391088350236409,0.04879727626860045,-0.152791102435756
0.09817477042468092,5.624999999999994,0.0002000000000000001,2.9037778360987847,0.18593160844675072,0.021826082666408647,-0.010380135383973497,0.0436596400422468,-0.4955792037866944
0.1636246173744682,9.37499999999999,0.0002000000000000001,2.6932448518475107,0.16047809286045778,0.019996167398836775,-0.12189811748874296,0.03699108633845862,-0.7798928227172124
0.2290744643242555,13.124999999999986,0.0002000000000000001,2.503762861697722,0.13953114926896773,0.01809450882691911,-0.18522402692208872,0.03120812685046813,-0.9898885707439087
0.29452431127404277,16.874999999999982,0.0002000000000000001,2.249784925519733,0.11511318463043009,0.015225480798265509,-0.20256516871550276,0.02598510397591203,-1.1902101542750865
0.35997415822383005,20.624999999999975,0.0002000000000000001,2.070384667445431,0.10195886302735097,0.01243611159618255,-0.13346746203995702,0.024137395830310722,-1.302990633636016
0.42542400517361756,24.374999999999986,0.0002000000000000001,1.888249533488666,0.08915703940422381,0.00935052252507785,0.04712039905696326,0.022930624632826333,-1.3253083300924302
0.49087385212340506,28.124999999999993,0.0002000000000000001,1.7841588707625118,0.07989122857800109,0.007366379972864545,0.2862167382245216,0.02209462771250856,-1.2493993013205238
0.5563236990731923,31.87499999999999,0.0002000000000000001,1.7380403606080466,0.07264558801514988,0.00603712990423268,0.5388741158521841,0.020959321828396226,-1.1095305043438535
0.6217735460229796,35.624999999999986,0.0002000000000000001,1.7492748271574903,0.06548768138758071,0.005024165052926835,0.6535993744643489,0.019239453235746592,-0.9090405252827223
0.6872233929727669,39.37499999999998,0.0002000000000000001,1.9207209242345524,0.05915580329085842,0.0040095769085894475,0.5358956419200819,0.01763255125026606,-0.6385114852753133
0.7526732399225542,43.12499999999998,0.0002000000000000001,2.169008797604245,0.055633649636927386,0.003870109785989081,0.028652733355084087,0.01674195783481531,-0.33322263825903864
0.8181230868723417,46.874999999999986,0.0002000000000000001,2.495686439108867,0.0607197598249901,0.004919893797981705,-0.28932299418766544,0.018157854794102767,-0.13670377341107676
0.8835729338221292,50.62499999999999,0.0002000000000000001,2.903219900885938,0.0697255949644097,0.006494987512485232,-0.47134045092260696,0.020643083102603096,0.04035348630233759
0.9490227807719163,54.37499999999998,0.0002000000000000001,3.565787310299927,0.08212017479846911,0.008713292707455191,-0.6209803321569612,0.024176656900751405,0.21509078457418296
1.0144726277217035,58.12499999999997,0.0002000000000000001,4.147887903503992,0.0862779329587888,0.010520246281018098,-0.7380241238719106,0.025472325380152268,0.2852089174175667
1.0799224746714913,61.87499999999999,0.0002000000000000001,4.504851709731863,0.08613287456479445,0.011673908946910042,-0.8153418294794633,0.02548057115184433,0.3076749180116023
1.1453723216212786,65.62499999999999,0.0002000000000000001,5.32413668778214,0.08823238697388416,0.014356843474748528,-0.9282014979065798,0.026063131530884038,0.3411451452280101
1.2108221685710658,69.37499999999999,0.0002000000000000001,5.975727247253243,0.09436692311856959,0.01636105181691441,-0.9624596004772433,0.02780202872713558,0.3724948784880633
1.2762720155208531,73.12499999999999,0.0002000000000000001,7.046949141653007,0.1051148354071211,0.019565427129957586,-0.9986530365281759,0.030869865560051002,0.4158561728074206
1.3417218624706404,76.87499999999997,0.0002000000000000001,7.8491348962783105,0.10951912979139428,0.022010053097248038,-1.0366874971467384,0.03200746030329419,0.42636285309972166
1.4071717094204277,80.62499999999997,0.0002000000000000001,8.956803164919473,0.11080953661498877,0.025413060031319885,-1.0988914849406095,0.03190005389006356,0.40253080916572337
1.472621556370215,84.37499999999997,0.0002000000000000001,10.160044257063074,0.11508909216803201,0.02908845063716188,-1.141050756381187,0.032443817655935896,0.37463998671677423
1.5380714033200027,88.12499999999999,0.0002000000000000001,11.036815057713675,0.11931392865488209,0.0316969753520284,-1.1622063157493665,0.03313540114717429,0.026007242288574872
1.60352125026979,91.87499999999999,0.0002000000000000001,11.987843714881345,0.12333449395254693,0.03443805476096884,-1.1836135576514402,0.03364904902021731,0.002627172346890916
1.6689710972195773,95.62499999999999,0.0002000000000000001,13.16315536819929,0.12742678308606142,0.037707908064157504,-1.2089253226930474,0.033889437205705294,0.2834079422216096
1.7344209441693645,99.37499999999997,0.0002000000000000001,14.079604040616466,0.13042360414454707,0.04020855982564581,-1.227258918124725,0.03390084618307869,0.24437535137788302
1.7998707911191518,103.12499999999997,0.0002000000000000001,14.810919224733542,0.13339549620379584,0.042279863934587145,-1.2396300281157737,0.033956336972403724,0.20756413679257335
1.8653206380689396,106.875,0.0002000000000000001,15.350868579956735,0.13596457214399402,0.04382106110523858,-1.2473968901326429,0.03410553850490157,0.17550204684872028
1.9307704850187268,110.62499999999999,0.0002000000000000001,15.99180211418069,0.13895945527008863,0.04558802737005984,-1.2556569659568781,0.03429279284991472,0.14186247090556314
1.9962203319685141,114.37499999999999,0.0002000000000000001,16.516908002429382,0.14138640748291326,0.046942823455573934,-1.2613797610045008,0.034556503514023174,0.14221210993915534
2.0616701789183014,118.12499999999999,0.0002000000000000001,17.074289855646832,0.14424648099482582,0.04832300323182293,-1.265688970086483,0.03506826271127329,0.11428573123011887
2.1271200258680887,121.87499999999997,0.0002000000000000001,17.33161718167957,0.14552132404887044,0.048953813322421734,-1.2677186542924097,0.035276233881839245,0.10849900803103196
2.192569872817876,125.62499999999997,0.0002000000000000001,17.495041232202915,0.1457029168654776,0.04934230844262173,-1.2710382448287367,0.035088457534966984,0.09415227643244961
2.2580197197676632,129.37499999999997,0.0002000000000000001,17.96809385036379,0.14756034825823688,0.0504884251477591,-1.2763938435037203,0.03520887363267104,0.03243822556433784
2.323469566717451,133.125,0.0002000000000000001,18.267168707061245,0.14833661929223638,0.05114257942826909,-1.2805552248373777,0.035169147430332504,0.054114379396512646
2.3889194136672383,136.87499999999997,0.0002000000000000001,18.158720389000376,0.14687923450515725,0.050805038669341746,-1.2821919575787937,0.034687028043700344,0.03702007977869215
2.4543692606170255,140.62499999999997,0.0002000000000000001,18.44749195953376,0.14819328287860653,0.05151226578301161,-1.2848802093577654,0.03482188688011592,0.014721659803843323
2.519819107566813,144.37499999999997,0.0002000000000000001,18.357681200879473,0.1466617926765462,0.05116391029328632,-1.2868386639640723,0.03435030638084694,-0.004240864739855965
2.5852689545166,148.12499999999997,0.0002000000000000001,18.58812267423318,0.147486169080509,0.0516260409209756,-1.2888382971181866,0.034514207745908555,-0.01366276808588296
2.6507188014663874,151.87499999999997,0.0002000000000000001,18.62690147771574,0.146873347320486,0.051563749495277554,-1.2906946396341854,0.034347916399374054,-0.01917084760861343
2.7161686484161747,155.62499999999997,0.0002000000000000001,18.660722800246806,0.1460167660253918,0.051418916355740855,-1.2928180042028756,0.03417253240288749,-0.028955379751455013
2.7816184953659624,159.37499999999997,0.0002000000000000001,18.583841149734766,0.14399498040335665,0.050863940107174446,-1.2954064254851416,0.03379846517331063,-0.026946988725409682
2.8470683423157497,163.12499999999997,0.0002000000000000001,18.475329070718406,0.1423876557608673,0.05038243321806357,-1.296904906404006,0.03347131396648348,-0.030302123656809954
2.912518189265537,166.87499999999997,0.0002000000000000001,18.38042767936388,0.13911931754857013,0.04931852219541461,-1.3015337043115378,0.03314774218285303,-0.0006667118838024066
2.9779680362153242,170.62499999999997,0.0002000000000000001,18.213323595862967,0.13660605069917506,0.04841916895676446,-1.3041096411214743,0.032817742763166284,0.01787335194506312
3.0434178831651115,174.37499999999997,0.0002000000000000001,18.102514959879137,0.13526753835175198,0.04796237350148823,-1.305411866397444,0.032560153432152975,0.014178919316304217
3.1088677301148993,178.125,0.0002000000000000001,18.064284814356654,0.1345562434944962,0.047744993721660516,-1.30668303237584,0.03241043414466788,0.0032931173641195244
-3.1088677301148993,-178.125,0.0006000000000000003,18.085925518200465,0.13402285653678855,0.04757142756421787,-1.3088186230299808,0.03237228140785569,-0.0026078194051564196
-3.0434178831651124,-174.37500000000003,0.0006000000000000003,18.115549546542116,0.1336300341218628,0.04749295542469703,-1.3111323624258573,0.03227402814204494,-0.012568153772217983
-2.9779680362153247,-170.625,0.0006000000000000003,18.21565008400462,0.1340591081642431,0.04769957573843582,-1.3124460755149985,0.03233916112966926,-0.021929301445911875
-2.912518189265537,-166.87499999999997,0.0006000000000000003,18.398294720608632,0.1345754385978487,0.04782727818090079,-1.3153702945986359,0.03266253823747447,-0.006638864474385997
-2.84706834231575,-163.125,0.0006000000000000003,18.51938954897952,0.1342226738214864,0.04746105063568692,-1.3203875702511492,0.03303115337302942,0.02366352688588691
-2.7816184953659624,-159.37499999999997,0.0006000000000000003,18.624435153948927,0.13458848279421734,0.047511791107665395,-1.322429578795199,0.03324212965713661,0.019630584956438213
-2.7161686484161756,-155.625,0.0006000000000000003,18.700840834899775,0.134575692772925,0.047346556008605774,-1.3257938483000837,0.03345077275326846,0.021124517733849046
-2.650718801466388,-151.875,0.0006000000000000003,18.660289172834172,0.13386386193101224,0.046982141751071016,-1.3288366682184183,0.03340215102541545,0.016267352318756423
-2.585268954516601,-148.12500000000003,0.0006000000000000003,18.608925957709953,0.13315597758057796,0.04666524742294688,-1.3315946550745419,0.03328654561296995,0.005852826140280598
-2.5198191075668133,-144.375,0.0006000000000000003,18.365426249015346,0.13108731238970592,0.04587547352702565,-1.3345293693821483,0.03281070475729965,-0.003300367732038012
-2.4543692606170255,-140.62499999999997,0.0006000000000000003,18.434023831404815,0.13124191561278425,0.04595062540227085,-1.337555482316975,0.032789030108758645,-0.02277445733486161
-2.3889194136672387,-136.875,0.0006000000000000003,18.120771029003787,0.12858016091633873,0.04508648556499332,-1.341678635221708,0.03199404974490169,-0.04536433934460504
-2.323469566717451,-133.125,0.0006000000000000003,18.2105261127392,0.128942610184441,0.045289601883450756,-1.344319348190605,0.03195936754839133,-0.06277395217772863
-2.258019719767664,-129.37500000000003,0.0006000000000000003,17.930821741051954,0.12645123434774627,0.044461854657931954,-1.3499521104493633,0.031194219168884346,-0.07950152006034017
-2.1925698728178764,-125.625,0.0006000000000000003,17.393005932608343,0.1220578364596582,0.042924888619402385,-1.3578445954473544,0.02994076460746338,-0.1035323136668147
-2.1271200258680896,-121.87500000000003,0.0006000000000000003,17.21236581563183,0.1204929505795282,0.042392922343511566,-1.3621789416861814,0.02944013633890587,-0.11873767290898485
-2.061670178918302,-118.125,0.0006000000000000003,16.947743249148743,0.11837234953192607,0.041685814166493265,-1.3662038354698862,0.028785906166817393,-0.12454218371320991
-1.9962203319685143,-114.375,0.0006000000000000003,16.3595281908282,0.11374022932695727,0.040121739016246175,-1.3753585700217585,0.027353059108241668,-0.13468242844116318
-1.930770485018727,-110.625,0.0006000000000000003,15.832644294421733,0.10961104752484016,0.038757041086801294,-1.3846748526702397,0.025993748745585642,-0.1516846979984674
-1.8653206380689398,-106.875,0.0006000000000000003,15.156289084614997,0.10432664806426996,0.037119543337793715,-1.398339425980934,0.02404710574546887,-0.18638362753078397
-1.7998707911191523,-103.125,0.0006000000000000003,14.585235442309637,0.09997547543570273,0.03580081206650819,-1.4104374887905462,0.022335872555038876,-0.21629261051081805
-1.734420944169365,-99.375,0.0006000000000000003,13.814736196142384,0.09434401532361775,0.0340396241417682,-1.4297263826040794,0.019959146853933938,-0.2554691505826874
-1.6689710972195777,-95.625,0.0006000000000000003,12.858153595663284,0.08796544155030073,0.03180149338064572,-1.4581044028417738,0.01714471264855408,-0.2934721454199156
-1.6035212502697904,-91.87500000000001,0.0006000000000000003,11.963123505710708,0.08262768026291008,0.029753830658576088,-1.486573039988101,0.014616803496570567,-0.012071229384739368
-1.538071403320003,-88.125,0.0006000000000000003,10.989103094411956,0.07733238787410562,0.027610349293984655,-1.516429486737183,0.012013869578956527,-0.03493128738341866
-1.4726215563702156,-84.375,0.0006000000000000003,9.704106341725636,0.07103108178525766,0.024874593187554618,-1.5549545676385783,0.00878937071340106,-0.3834143955815996
-1.4071717094204284,-80.62500000000001,0.0006000000000000003,8.536759816617796,0.06659681191445942,0.022531602711427755,-1.5960470291247941,0.00588261498292857,-0.4081825889366115
-1.3417218624706408,-76.875,0.0006000000000000003,7.403395072098279,0.06416340550420561,0.020390530384054396,-1.6453783698565743,0.0037492270757315776,-0.4306817926862907
-1.2762720155208536,-73.125,0.0006000000000000003,6.614087571653748,0.06050667329798907,0.018616840720889028,-1.6642952649156868,0.003203915763527207,-0.4182900547583319
-1.2108221685710663,-69.37500000000001,0.0006000000000000003,5.586501455766585,0.05367992120846419,0.016021437023028797,-1.6758258274067117,0.002758261956273384,-0.37547910208808677
-1.145372321621279,-65.62500000000001,0.0006000000000000003,4.964091787218158,0.04961386454810421,0.014384779163066077,-1.6823632914442022,0.002699009469970156,-0.3460967950092435
-1.0799224746714915,-61.87500000000001,0.0006000000000000003,4.1764527885758485,0.0457581957324665,0.01227474473431736,-1.68924019821193,0.0034432698290764075,-0.3126782734281832
-1.0144726277217042,-58.12500000000001,0.0006000000000000003,3.841178229575843,0.04341186614669993,0.011074929672488774,-1.6785650811477566,0.003654884084845312,-0.29003652797918367
-0.9490227807719169,-54.375000000000014,0.0006000000000000003,3.328351719014377,0.038104476305825495,0.008475544947831804,-1.6048915434031699,0.0034357296410204487,-0.22044450099013702
-0.8835729338221296,-50.62500000000002,0.0006000000000000003,2.8398728948630088,0.05009058106331324,0.004925822588091565,-1.1809524298059528,0.007054532893956266,-0.042911341258335955
-0.8181230868723421,-46.87500000000001,0.0006000000000000003,2.609707782437675,0.07641780329930888,0.004071518790120021,-0.4695180353672777,0.011048587183619143,0.13496253124445579
-0.7526732399225546,-43.125,0.0006000000000000003,2.481672268821495,0.10572269767880652,0.004932745944246462,0.09641073510025454,0.013487534077863562,0.33287717003139017
-0.6872233929727674,-39.37500000000001,0.0006000000000000003,2.5383095502795894,0.15035208575482809,0.007066892962457435,0.5716048322128485,0.014145938690402192,0.63562088506425
-0.6217735460229801,-35.62500000000001,0.0006000000000000003,2.636869620602862,0.19024810428161404,0.009623561549057157,0.9217169448684663,0.012941049874647573,0.9051833583003792
-0.5563236990731928,-31.875000000000014,0.0006000000000000003,2.8245661240108277,0.22657201300381005,0.012698214926630568,1.1058215790756838,0.01618125557358592,1.10508714748695
-0.4908738521234055,-28.125000000000018,0.0006000000000000003,3.008381621978485,0.26099167809424106,0.016345159922946804,1.2005203115930585,0.024775532694990818,1.2447899852500106
-0.425424005173618,-24.37500000000001,0.0006000000000000003,3.1856455059581377,0.2929380015678632,0.019726381533777492,1.218117773642684,0.036104571343680114,1.3208515273740378
-0.3599741582238305,-20.625000000000004,0.0006000000000000003,3.339475409704322,0.3142789161485409,0.021950405176804647,1.1339558836867065,0.04715134854515026,1.2873063751538703
-0.2945243112740432,-16.875000000000007,0.0006000000000000003,3.4056101347573846,0.3191595317900655,0.022624975609537114,1.0298355055664388,0.05326151355146445,1.192728762331435
-0.22907446432425593,-13.12500000000001,0.0006000000000000003,3.4508851082733307,0.31268175386215286,0.022331356772086846,0.8072056710420783,0.05827409428481656,0.9831028043417942
-0.16362461737446865,-9.375000000000014,0.0006000000000000003,3.4268867732913333,0.2977469708644303,0.02194798290851914,0.5998309788047523,0.05892370828643748,0.7726587664769289
-0.09817477042468137,-5.625000000000019,0.0006000000000000003,3.3504564774421164,0.2757415961871059,0.021807347932734655,0.39700014933683864,0.05727515943794582,0.5053158283500312
-0.03272492347489386,-1.8750000000000107,0.0006000000000000003,3.18908056077281,0.24217748134486516,0.021774953828528454,0.1773630012642012,0.053006271878848994,0.15933945931407312
0.03272492347489364,1.8749999999999978,0.0006000000000000003,3.029741101458737,0.21579800070261707,0.02136800289191823,0.05097543625294865,0.048453343773380876,-0.15933945931407312
0.09817477042468092,5.624999999999994,0.0006000000000000003,2.845140649092085,0.18944813727794044,0.020294493570523705,-0.04850276924764132,0.042524245063018384,-0.5053158283500312
0.1636246173744682,9.37499999999999,0.0006000000000000003,2.6542280068144044,0.16496703630036352,0.01881517447011359,-0.1339412388604489,0.036126109659341654,-0.7726587664769289
0.2290744643242555,13.124999999999986,0.0006000000000000003,2.4677823039315365,0.14395731218228258,0.016981703180357216,-0.18833166834026643,0.030307445662989495,-0.9831028043417942
0.29452431127404277,16.874999999999982,0.0006000000000000003,2.2128813724259495,0.12019389461479078,0.013995283059004838,-0.19444340835102886,0.0249876681810269,-1.192728762331435
0.35997415822383005,20.624999999999975,0.0006000000000000003,2.052169034550452,0.10683199942736565,0.011602349674317393,-0.11590679191546858,0.02345761563549147,-1.2873063751538703
0.42542400517361756,24.374999999999986,0.0006000000000000003,1.8647939785841,0.09169425984264969,0.008681871339604349,0.09593555018909637,0.022425070678378775,-1.3208515273740378
0.49087385212340506,28.124999999999993,0.0006000000000000003,1.7635916367284745,0.08156396695353,0.006927032696910302,0.3591417665115208,0.021719017652135676,-1.2447899852500106
0.5563236990731923,31.87499999999999,0.0006000000000000003,1.7194789765238778,0.07356112359374727,0.005801634720116362,0.626770258588224,0.020683343843125222,-1.10508714748695
0.6217735460229796,35.624999999999986,0.0006000000000000003,1.7316862623024827,0.06588818296651812,0.0048658813635594576,0.7456163735376722,0.01902179226950414,-0.9051833583003792
0.6872233929727669,39.37499999999998,0.0006000000000000003,1.9026886652153394,0.059085808020762805,0.0037945405381734844,0.6253065524554207,0.017436964910299085,-0.63562088506425
0.7526732399225542,43.12499999999998,0.0006000000000000003,2.1487950987901048,0.0552117400866796,0.003470385676637453,0.06793197439609974,0.01652998999473019,-0.33287717003139017
0.8181230868723417,46.874999999999986,0.0006000000000000003,2.474745251193219,0.06002118347366948,0.0045346017002621765,-0.2992897435114164,0.01793034855237343,-0.13496253124445579
0.8835729338221292,50.62499999999999,0.0006000000000000003,2.8827842361213447,0.06894627088212395,0.0061961941981580745,-0.49367613264937027,0.020429124134546246,0.042911341258335955
0.9490227807719163,54.37499999999998,0.0006000000000000003,3.548796220004514,0.08142143924891751,0.008559479399593105,-0.6389532571512853,0.024003423256202205,0.22044450099013702
1.0144726277217035,58.12499999999997,0.0006000000000000003,4.131214757555027,0.08566959439786814,0.01040406094295053,-0.755223815576041,0.025333327406126,0.29003652797918367
1.0799224746714913,61.87499999999999,0.0006000000000000003,4.489131062004032,0.08558828456640433,0.011589861926539475,-0.8297374411142642,0.025359110779080825,0.3126782734281832
1.1453723216212786,65.62499999999999,0.0006000000000000003,5.3101885822274015,0.08771219681536019,0.014310547246565187,-0.9384849152271352,0.025946391012540662,0.3460967950092435
1.2108221685710658,69.37499999999999,0.0006000000000000003,5.961980557854671,0.0937188611129488,0.01632680588497061,-0.9717513511168143,0.0276460067526618,0.37547910208808677
1.2762720155208531,73.12499999999999,0.0006000000000000003,7.03237762641208,0.1044198076454899,0.019530002396921757,-1.0061209700627052,0.030694992006927206,0.4182900547583319
1.3417218624706404,76.87499999999997,0.0006000000000000003,7.83407686478457,0.10893695812512597,0.021971663972476962,-1.042471028044242,0.03186084230186172,0.4306817926862907
1.4071717094204277,80.62499999999997,0.0006000000000000003,8.944942405554407,0.11047522123489174,0.025387495807111637,-1.1021074133513926,0.03181272005796138,0.4081825889366115
1.472621556370215,84.37499999999997,0.0006000000000000003,10.087520737307235,0.1146612272833148,0.028875320935262332,-1.1413413607610583,0.03237676765905981,0.3834143955815996
1.5380714033200027,88.12499999999999,0.0006000000000000003,11.024034381795374,0.1192246084512268,0.03166131869359265,-1.163648533836397,0.03313959605208659,0.03493128738341866
1.60352125026979,91.87499999999999,0.0006000000000000003,11.975194735095448,0.12326575691197156,0.03440440652900424,-1.1846761413599876,0.03365955423562308,0.012071229384739368
1.6689710972195773,95.62499999999999,0.0006000000000000003,13.1516257410832,0.12737659203346477,0.037677026788107644,-1.2096439788061288,0.033903832554088596,0.2934721454199156
1.7344209441693645,99.37499999999997,0.0006000000000000003,14.070205346725071,0.1303783053920881,0.04018330570996165,-1.2276415706887776,0.03391014154121929,0.2554691505826874
1.7998707911191518,103.12499999999997,0.0006000000000000003,14.801528052820455,0.13334540391304495,0.04225342870444297,-1.2399949354855118,0.03396779505610982,0.21629261051081805
1.8653206380689396,106.875,0.0006000000000000003,15.34267271214578,0.13592333809836266,0.043798561665186656,-1.2476298303581856,0.03411305938213006,0.18638362753078397
1.9307704850187268,110.62499999999999,0.0006000000000000003,15.9843289924202,0.13893176428999823,0.04556905457098627,-1.255852757441535,0.03430530398986754,0.1516846979984674
1.9962203319685141,114.37499999999999,0.0006000000000000003,16.494210619269364,0.14132954238472265,0.046888106778432796,-1.2612761061686282,0.03457620999249615,0.13468242844116318
2.0616701789183014,118.12499999999999,0.0006000000000000003,17.072285432861953,0.1442583937732397,0.048318467734971955,-1.2657504366741588,0.035083901699201364,0.12454218371320991
2.1271200258680887,121.87499999999997,0.0006000000000000003,17.331103488540816,0.14554975940603573,0.048952036821540215,-1.2677940064561024,0.03530509040932162,0.11873767290898485
2.192569872817876,125.62499999999997,0.0006000000000000003,17.496538246275158,0.1457352231452218,0.04934526059406115,-1.2710855400310146,0.035114733135539256,0.1035323136668147
2.2580197197676632,129.37499999999997,0.0006000000000000003,18.010323261112294,0.14774453325145545,0.05059002529108189,-1.2769246488402473,0.035236193370175306,0.07950152006034017
2.323469566717451,133.125,0.0006000000000000003,18.273300064916928,0.14838689668206745,0.051159341867950424,-1.2805936339920962,0.03519118795383758,0.06277395217772863
2.3889194136672383,136.87499999999997,0.0006000000000000003,18.166135368348392,0.14693575569318287,0.050821545746040246,-1.2822413930447154,0.0347106590956042,0.04536433934460504
2.4543692606170255,140.62499999999997,0.0006000000000000003,18.456798288739677,0.14825609668180423,0.05153094169251892,-1.2848984898030726,0.034846337707099224,0.02277445733486161
2.519819107566813,144.37499999999997,0.0006000000000000003,18.368726616747384,0.14673747838015394,0.05118799019069723,-1.2868973236650751,0.03438099241394567,0.003300367732038012
2.5852689545166,148.12499999999997,0.0006000000000000003,18.603073131569673,0.14758521087003493,0.05165796723115756,-1.28885402208003,0.03454870569933435,-0.005852826140280598
2.6507188014663874,151.87499999999997,0.0006000000000000003,18.644021820515416,0.1469828422864169,0.05159854096209314,-1.2906938015703977,0.034387288617204366,-0.016267352318756423
2.7161686484161747,155.62499999999997,0.0006000000000000003,18.679716317165926,0.14613728193684797,0.05145922904836345,-1.2927993162393676,0.03421790964486233,-0.021124517733849046
2.7816184953659624,159.37499999999997,0.0006000000000000003,18.60480456899249,0.14412897284537296,0.05090525930913115,-1.2953814463524531,0.03384777799467782,-0.019630584956438213
2.8470683423157497,163.12499999999997,0.0006000000000000003,18.495726022093635,0.14252050849268003,0.050422855907965296,-1.2968736861455017,0.03351901188869227,-0.02366352688588691
2.912518189265537,166.87499999999997,0.0006000000000000003,18.40493358508302,0.13945313617818572,0.049425946188494045,-1.3011309440605976,0.033210735658451195,0.006638864474385997
2.9779680362153242,170.62499999999997,0.0006000000000000003,18.23757938545053,0.1368178534567685,0.04848439008400397,-1.3039850551079697,0.03287689825443933,0.021929301445911875
3.0434178831651115,174.37499999999997,0.0006000000000000003,18.128117700314334,0.13549271620107323,0.048032060942923505,-1.3052551613568932,0.03262153163838219,0.012568153772217983
3.1088677301148993,178.125,0.0006000000000000003,18.08853333760562,0.13475999582875772,0.04780704281464289,-1.306563594289038,0.03246598797892724,0.0026078194051564196
-3.1088677301148993,-178.125,0.0010000000000000005,18.14343734298095,0.13445534570543324,0.047710487643305405,-1.308686926395538,0.032494719787496455,-0.0029925930277556745
-3.0434178831651124,-174.37500000000003,0.0010000000000000005,18.168899909545786,0.1339904853323902,0.047604509908068984,-1.3111075567778574,0.03238569398767617,-0.014908744117480666
-2.9779680362153247,-170.625,0.0010000000000000005,18.263731375047666,0.13437089764605287,0.04779582733782881,-1.3125197471066228,0.03243490295483248,-0.02637521400102827
-2.912518189265537,-166.87499999999997,0.0010000000000000005,18.439904919935678,0.13485433220808457,0.047917835807879526,-1.3153848303025515,0.03273527851251997,-0.014050397592615838
-2.84706834231575,-163.125,0.0010000000000000005,18.55363762776572,0.13446597717740694,0.04755191837776808,-1.3203511793310638,0.03307547788302644,0.012515867932243907
-2.7816184953659624,-159.37499999999997,0.0010000000000000005,18.6574747969047,0.13482120763442682,0.0476030115529848,-1.3223811869774635,0.03327515704477485,0.00688971087957313
-2.7161686484161756,-155.625,0.0010000000000000005,18.727898545528326,0.13475633542699206,0.0474240209562775,-1.325766999683389,0.033464839067528604,0.00657038116789721
-2.650718801466388,-151.875,0.0010000000000000005,18.682562234969517,0.13400338349868346,0.047043977406619975,-1.3287653596194058,0.03340448127202277,0.0004226099304354136
-2.585268954516601,-148.12500000000003,0.0010000000000000005,18.626650254057168,0.1332575300886979,0.04671091949917482,-1.3315470533379985,0.03328111627814852,-0.01108125897654233
-2.5198191075668133,-144.375,0.0010000000000000005,18.377044978594768,0.1311407780641634,0.045900664777012344,-1.3344991469451304,0.03279537625043189,-0.021000358393127527
-2.4543692606170255,-140.62499999999997,0.0010000000000000005,18.440096029975372,0.13125262177835756,0.045956940715501896,-1.3375565254493698,0.032763733533526976,-0.04162703510943899
-2.3889194136672387,-136.875,0.0010000000000000005,18.120684859437937,0.12854626646250486,0.045069284798787135,-1.3416598553834522,0.031961652082961346,-0.06493398129584804
-2.323469566717451,-133.125,0.0010000000000000005,18.206159301156795,0.12887582222114402,0.045256714213128164,-1.344291755710337,0.03191967710857799,-0.08308016418863318
-2.258019719767664,-129.37500000000003,0.0010000000000000005,17.920799457893064,0.1263450470933108,0.044406881582328576,-1.349956091870937,0.03114493069270379,-0.1003968987541306
-2.1925698728178764,-125.625,0.0010000000000000005,17.375589088240943,0.12189973941567156,0.042840545833067845,-1.3578361702694184,0.029880087048134846,-0.12513494640583644
-2.1271200258680896,-121.87500000000003,0.0010000000000000005,17.190149517446006,0.12030284744911927,0.04228861128426271,-1.362182933395289,0.029373553264985804,-0.14065995258775033
-2.061670178918302,-118.125,0.0010000000000000005,16.922297412025753,0.11816230521617087,0.041571376261630016,-1.366177194899072,0.028714017962223778,-0.14610452233046445
-1.9962203319685143,-114.375,0.0010000000000000005,16.328019682884076,0.11349396337021092,0.03998545894797392,-1.3753162713456903,0.027270090635430157,-0.1556371383233106
-1.930770485018727,-110.625,0.0010000000000000005,15.79705046504885,0.10934089369027246,0.038605005372072676,-1.3846310837635893,0.025902440577322328,-0.1726340217130513
-1.8653206380689398,-106.875,0.0010000000000000005,15.116774020880468,0.10403343655430533,0.03694993993092116,-1.3982243242969046,0.02394676767149862,-0.20763777735734656
-1.7998707911191523,-103.125,0.0010000000000000005,14.543245241796336,0.09966968197083298,0.03561641108714208,-1.4102743488872813,0.0222294875400412,-0.23765274618939003
-1.734420944169365,-99.375,0.0010000000000000005,13.769179388219122,0.0940213416812162,0.03382934670296548,-1.4295705628990554,0.01984854619473016,-0.2767663167949621
-1.6689710972195777,-95.625,0.0010000000000000005,12.80879404406264,0.08762861484083796,0.03156118324655961,-1.4578886600766028,0.017025294463816842,-0.3142394690568526
-1.6035212502697904,-91.87500000000001,0.0010000000000000005,11.911932057581497,0.08228393976663176,0.02948868978262084,-1.486328331793909,0.014497162624867093,-0.03140425978020822
-1.538071403320003,-88.125,0.0010000000000000005,10.938083930528682,0.07697972696854985,0.027324409549318605,-1.5159473475075764,0.011900865153264334,-0.05328848383074458
-1.4726215563702156,-84.375,0.0010000000000000005,9.655702669745128,0.07064836760689831,0.024562637221389353,-1.554051811583891,0.008694311794345657,-0.3998412330677432
-1.4071717094204284,-80.62500000000001,0.0010000000000000005,8.48988278340129,0.06600434950627383,0.02215974945952933,-1.593726869104076,0.005842573197357967,-0.42165712040095826
-1.3417218624706408,-76.875,0.0010000000000000005,7.356322552040596,0.06309945291116935,0.019919371981716026,-1.6409224244699183,0.0036669658725513614,-0.4404167896768154
-1.2762720155208536,-73.125,0.0010000000000000005,6.568454075277739,0.0594314882445315,0.018118206763918784,-1.6601111965913555,0.003057886542566481,-0.42719672923747254
-1.2108221685710663,-69.37500000000001,0.0010000000000000005,5.5409020765946115,0.05282173728972208,0.015493861237615002,-1.6731070297283592,0.002654901584840109,-0.38525378851693937
-1.145372321621279,-65.62500000000001,0.0010000000000000005,4.916750739372274,0.04878371917544048,0.013791659191840566,-1.6798087779766289,0.0026495362479871305,-0.3564597874613247
-1.0799224746714915,-61.87500000000001,0.0010000000000000005,4.1259973854501055,0.04483993185614862,0.011564539525664393,-1.6850561276885212,0.003484722548609005,-0.3221382937141488
-1.0144726277217042,-58.12500000000001,0.0010000000000000005,3.7895581143568995,0.04253912141095594,0.010338648768037308,-1.672432268301432,0.003775727564763139,-0.2987522680128061
-0.9490227807719169,-54.375000000000014,0.0010000000000000005,3.2756656413259373,0.0373839004011129,0.007806810912830935,-1.5922425759584282,0.003663085774338713,-0.22765008773554385
-0.8835729338221296,-50.62500000000002,0.0010000000000000005,2.785977470244579,0.04879646532072719,0.0046394004302038,-1.1698895524292943,0.007054577108193058,-0.04837782438191374
-0.8181230868723421,-46.87500000000001,0.0010000000000000005,2.555841721378602,0.0738167747913362,0.003915675876401993,-0.5656625846210549,0.010802670729598353,0.12919387079615063
-0.7526732399225546,-43.125,0.0010000000000000005,2.4284411924041422,0.10152794014556603,0.004270474717457682,-0.12538068074764633,0.012896957287900057,0.3245000418842632
-0.6872233929727674,-39.37500000000001,0.0010000000000000005,2.4824428473200055,0.14377654010386134,0.0049079040368013955,0.30557025710844865,0.012771112119246041,0.6210810708906835
-0.6217735460229801,-35.62500000000001,0.0010000000000000005,2.578237951775099,0.1819579903787298,0.005581657359369977,0.7778294337564147,0.010718326306385563,0.8842261633868611
-0.5563236990731928,-31.875000000000014,0.0010000000000000005,2.761376709121988,0.2173737480070368,0.007265517914201977,1.0895186011953744,0.014431964104760364,1.0792780915723814
-0.4908738521234055,-28.125000000000018,0.0010000000000000005,2.9403652051391074,0.25182814525242286,0.00985995083675299,1.247194104702001,0.024283198174580377,1.2156687399645623
-0.425424005173618,-24.37500000000001,0.0010000000000000005,3.112592777622071,0.28446347066812255,0.012520987973078653,1.2739879738317612,0.036469617293939736,1.2900894616210021
-0.3599741582238305,-20.625000000000004,0.0010000000000000005,3.2613091096046696,0.307547723861574,0.014596061650701365,1.156213317912206,0.04811517211851131,1.2578780777564669
-0.2945243112740432,-16.875000000000007,0.0010000000000000005,3.3245169665501115,0.3139504583087656,0.015620391207502537,1.020415756964439,0.054383756946282905,1.1660372566062494
-0.22907446432425593,-13.12500000000001,0.0010000000000000005,3.3661859312646616,0.30965754720515304,0.016356821045190782,0.7499948222151313,0.05926363868274955,0.9613553179836449
-0.16362461737446865,-9.375000000000014,0.0010000000000000005,3.340819736736492,0.2962737099849201,0.016998323790357348,0.5211974501479024,0.05963593681794019,0.7555513856473515
-0.09817477042468137,-5.625000000000019,0.0010000000000000005,3.2645967773450106,0.27560659633026535,0.017846686557908508,0.32253846992622126,0.0575499071896955,0.4940978745005342
-0.03272492347489386,-1.8750000000000107,0.0010000000000000005,3.1057753811844373,0.24345200270967052,0.018741862539155836,0.13081039367900715,0.05257183765359576,0.15571033044917515
0.03272492347489364,1.8749999999999978,0.0010000000000000005,2.950065050735262,0.21794950574341967,0.018783012628412848,0.027444370434808248,0.0475266051919152,-0.15571033044917515
0.09817477042468092,5.624999999999994,0.0010000000000000005,2.7704989028444764,0.19237925878485473,0.018032801699425244,-0.0534373857738402,0.04129303470078044,-0.4940978745005342
0.1636246173744682,9.37499999999999,0.0010000000000000005,2.5852683510891405,0.1685978317134334,0.01680838988305463,-0.12341136244611596,0.03478291265352681,-0.7555513856473515
0.2290744643242555,13.124999999999986,0.0010000000000000005,2.4048306132810167,0.14801691977551426,0.015194377857392796,-0.1656363018845279,0.02902254265624901,-0.9613553179836449
0.29452431127404277,16.874999999999982,0.0010000000000000005,2.158479709943862,0.12430850534690667,0.012536375233355733,-0.15290438253759828,0.023905432235110748,-1.1660372566062494
0.35997415822383005,20.624999999999975,0.0010000000000000005,2.0034310318482027,0.11057311949739711,0.010436405244495768,-0.05464420256387902,0.02254970593050865,-1.2578780777564669
0.42542400517361756,24.374999999999986,0.0010000000000000005,1.8225033160010689,0.09450812045877094,0.007961575979655293,0.19067838282806593,0.021749172673692578,-1.2900894616210021
0.49087385212340506,28.124999999999993,0.0010000000000000005,1.7246964651745451,0.08330188475513307,0.006557755304071959,0.47476242164318955,0.02117545926656303,-1.2156687399645623
0.5563236990731923,31.87499999999999,0.0010000000000000005,1.6820986175496067,0.0742644892912513,0.005674067046015596,0.7467734052388545,0.02022781430438532,-1.0792780915723814
0.6217735460229796,35.624999999999986,0.0010000000000000005,1.6940117883882377,0.06583042829093855,0.004786399574265073,0.8685495429468926,0.018602140201610766,-0.8842261633868611
0.6872233929727669,39.37499999999998,0.0010000000000000005,1.861361776429322,0.05819000988809656,0.0035753998497327303,0.7616367740416288,0.01696934065682268,-0.6210810708906835
0.7526732399225542,43.12499999999998,0.0010000000000000005,2.103941150519879,0.05342634970343296,0.002983178010963816,0.12803471458854138,0.01593998105421368,-0.3245000418842632
0.8181230868723417,46.874999999999986,0.0010000000000000005,2.4266478505824516,0.05767240500730881,0.004023922967321318,-0.31836854326813163,0.017246258976588276,-0.12919387079615063
0.8835729338221292,50.62499999999999,0.0010000000000000005,2.834355294626493,0.0665291395161885,0.005783088531521476,-0.5296442769264581,0.019760592616803973,0.04837782438191374
0.9490227807719163,54.37499999999998,0.0010000000000000005,3.503315729061481,0.07937821593868949,0.008297536509589172,-0.670296866081036,0.023452106353081682,0.22765008773554385
1.0144726277217035,58.12499999999997,0.0010000000000000005,4.088310382369706,0.0839605007300396,0.010234037076653029,-0.7802181690858179,0.02487110592402585,0.2987522680128061
1.0799224746714913,61.87499999999999,0.0010000000000000005,4.448135679164254,0.08410245654642112,0.011462356887373447,-0.8503082248187709,0.024956125395845425,0.3221382937141488
1.1453723216212786,65.62499999999999,0.0010000000000000005,5.273210526833599,0.0864828929492662,0.014226657000840614,-0.9524510242381494,0.025609558597325315,0.3564597874613247
1.2108221685710658,69.37499999999999,0.0010000000000000005,5.926155865111551,0.09236701159849482,0.01625279556554161,-0.9841717639387074,0.02726844322668609,0.38525378851693937
1.2762720155208531,73.12499999999999,0.0010000000000000005,6.995650804515211,0.10303097886350353,0.019452739853775047,-1.0161303985241603,0.030299735104312216,0.42719672923747254
1.3417218624706404,76.87499999999997,0.0010000000000000005,7.796739341717411,0.10780526103570416,0.02188923923478553,-1.0498194502220348,0.0315388143125648,0.4404167896768154
1.4071717094204277,80.62499999999997,0.0010000000000000005,8.911539903802248,0.10981525738737623,0.025317480602290082,-1.1063966682607043,0.03162602620766244,0.42165712040095826
1.472621556370215,84.37499999999997,0.0010000000000000005,10.055543902812872,0.11432676921459665,0.028798637686414205,-1.1434954712304581,0.03229735529921448,0.3998412330677432
1.5380714033200027,88.12499999999999,0.0010000000000000005,10.991372414359427,0.11897602060711392,0.031579793789268555,-1.1650181244878246,0.03308990945124108,0.05328848383074458
1.60352125026979,91.87499999999999,0.0010000000000000005,11.943336317361705,0.12307171770937468,0.034324792761286846,-1.185642041095672,0.033631138371467806,0.03140425978020822
1.6689710972195773,95.62499999999999,0.0010000000000000005,13.123033513119493,0.12723703328317723,0.0376064939411127,-1.2101816555049774,0.03389324118117864,0.3142394690568526
1.7344209441693645,99.37499999999997,0.0010000000000000005,14.045945705014084,0.13026407699179307,0.040123612343371466,-1.2280432582030092,0.03390575965794706,0.2767663167949621
1.7998707911191518,103.12499999999997,0.0010000000000000005,14.780897987985727,0.13324536480350355,0.04220088432625037,-1.2402956298756949,0.03396619343876978,0.23765274618939003
1.8653206380689396,106.875,0.0010000000000000005,15.324411798237815,0.13583972779630205,0.04374996624556504,-1.2478253955351235,0.034116993802812,0.20763777735734656
1.9307704850187268,110.62499999999999,0.0010000000000000005,15.969684486761901,0.1388827957244915,0.04553317382387175,-1.2559602982459814,0.03431541949376968,0.1726340217130513
1.9962203319685141,114.37499999999999,0.0010000000000000005,16.483656821207386,0.14131329609079568,0.046865340289194306,-1.2613435210707173,0.03459093927098318,0.1556371383233106
2.0616701789183014,118.12499999999999,0.0010000000000000005,17.068401934356217,0.14428983603264703,0.04830940304245589,-1.2658026074160968,0.03511349675022894,0.14610452233046445
2.1271200258680887,121.87499999999997,0.0010000000000000005,17.330809470033756,0.14560626460818035,0.04895271493561236,-1.2677798976008783,0.03534263854217939,0.14065995258775033
2.192569872817876,125.62499999999997,0.0010000000000000005,17.50072403464678,0.14581585543915154,0.04935521473699411,-1.2710880950045444,0.035159199759314495,0.12513494640583644
2.2580197197676632,129.37499999999997,0.0010000000000000005,18.021196356647195,0.147851401409757,0.05061759050920618,-1.2769552963646085,0.035280704392488184,0.1003968987541306
2.323469566717451,133.125,0.0010000000000000005,18.289239465345428,0.14851443916759707,0.05119797638037886,-1.280640502684786,0.03523290749734421,0.08308016418863318
2.3889194136672383,136.87499999999997,0.0010000000000000005,18.185618840733785,0.14708582590807856,0.05086704503852483,-1.2822559485908274,0.03476413712371381,0.06493398129584804
2.4543692606170255,140.62499999999997,0.0010000000000000005,18.48172306508481,0.14843085483519988,0.051587785789084295,-1.2849034149617389,0.03490894541150234,0.04162703510943899
2.519819107566813,144.37499999999997,0.0010000000000000005,18.398045336987895,0.14693630180263628,0.05125275199079553,-1.2868558008259379,0.03444833221339081,0.021000358393127527
2.5852689545166,148.12499999999997,0.0010000000000000005,18.63773151303371,0.14781110695987396,0.051732143823196526,-1.288881437670243,0.034626847236303986,0.01108125897654233
2.6507188014663874,151.87499999999997,0.0010000000000000005,18.68213962503908,0.14722601483984063,0.051679683071417445,-1.290712935701699,0.03447200638429229,-0.0004226099304354136
2.7161686484161747,155.62499999999997,0.0010000000000000005,18.72132816436043,0.14640327755609986,0.05154446411369819,-1.2928045447931888,0.034308590821847375,-0.00657038116789721
2.7816184953659624,159.37499999999997,0.0010000000000000005,18.650585086025128,0.14442758954107454,0.05100501833834767,-1.2953909429328994,0.03394796551160894,-0.00688971087957313
2.8470683423157497,163.12499999999997,0.0010000000000000005,18.541121759833477,0.1428264537904627,0.050520558524188214,-1.2968372843066251,0.03362268452332177,-0.012515867932243907
2.912518189265537,166.87499999999997,0.0010000000000000005,18.453955317528294,0.13984953464736133,0.04955339871698702,-1.300976139434893,0.03332248936602675,0.014050397592615838
2.9779680362153242,170.62499999999997,0.0010000000000000005,18.290106589048694,0.13727638312309173,0.04863421050552715,-1.303715741307362,0.032992223811048174,0.02637521400102827
3.0434178831651115,174.37499999999997,0.0010000000000000005,18.183808653663267,0.13598082897765842,0.04819292037034482,-1.3049594077839568,0.03274060595890894,0.014908744117480666
3.1088677301148993,178.125,0.0010000000000000005,18.146429936008705,0.1352422501835235,0.047965558738544196,-1.306298418503661,0.032590671160726364,0.0029925930277556745
-3.1088677301148993,-178.125,0.0014000000000000002,18.229911731860785,0.13509976151713,0.04792850574144744,-1.308572275591193,0.03266119870359903,-0.0029583829913342186
-3.0434178831651124,-174.37500000000003,0.0014000000000000002,18.248973710330876,0.13452549527285768,0.04777169338615448,-1.3111775966152701,0.03255295493987127,-0.016937370329241475
-2.9779680362153247,-170.625,0.0014000000000000002,18.33550834360259,0.1348340320664294,0.04793764140650031,-1.3125669188454065,0.032584531713388966,-0.031144623896327772
-2.912518189265537,-166.87499999999997,0.0014000000000000002,18.502061131745755,0.13526628347930547,0.04804742444562714,-1.315414584683693,0.032857028842266905,-0.023096463983929283
-2.84706834231575,-163.125,0.0014000000000000002,18.60494296000279,0.13482757103028709,0.04767701490451185,-1.3203105877927552,0.03315659790414925,-0.0020486839888782526
-2.7816184953659624,-159.37499999999997,0.0014000000000000002,18.70587308842045,0.13516315906393422,0.0477305050573087,-1.322319265345555,0.03334063140399564,-0.010233538624419225
-2.7161686484161756,-155.625,0.0014000000000000002,18.766792571653998,0.1350177841546654,0.04752760801254559,-1.3257300039588185,0.033501156809167876,-0.013509522079324654
-2.650718801466388,-151.875,0.0014000000000000002,18.71374999857053,0.13420404265768116,0.04713210581507659,-1.3287496274418862,0.03341983347405263,-0.021847947712640092
-2.585268954516601,-148.12500000000003,0.0014000000000000002,18.651454138609733,0.13340481369454613,0.04677802736545641,-1.3315351892787712,0.03328062033825483,-0.03517991395242959
-2.5198191075668133,-144.375,0.0014000000000000002,18.394200843048488,0.13122570302830333,0.04594396302874709,-1.3345225207124134,0.03278138060152855,-0.04626196059423293
-2.4543692606170255,-140.62499999999997,0.0014000000000000002,18.449382687801485,0.1312772743514576,0.04597213459015736,-1.3375885260523506,0.03273703823805973,-0.06848427027641435
-2.3889194136672387,-136.875,0.0014000000000000002,18.12037593796939,0.12849801127272256,0.045049587853298254,-1.3417276915914433,0.031920815857590615,-0.09279479942182434
-2.323469566717451,-133.125,0.0014000000000000002,18.19915193570795,0.12877880772980177,0.045212821858183816,-1.3444121904176107,0.031869341327972076,-0.11195983671989396
-2.258019719767664,-129.37500000000003,0.0014000000000000002,17.905075031371403,0.1261859254841123,0.04433307848317481,-1.3500405739456502,0.031080110043768813,-0.13005894661232986
-2.1925698728178764,-125.625,0.0014000000000000002,17.348337720372196,0.12165471426591719,0.042728642204041156,-1.3579727086044162,0.029790954220744167,-0.15575236821216976
-2.1271200258680896,-121.87500000000003,0.0014000000000000002,17.155482762057577,0.12000742285832226,0.042148622780172514,-1.3623855951393793,0.029270807827397265,-0.17175297199062456
-2.061670178918302,-118.125,0.0014000000000000002,16.88284210281728,0.11784245095492736,0.04141520071237665,-1.3663442783114665,0.028611917602335016,-0.1766977286123712
-1.9962203319685143,-114.375,0.0014000000000000002,16.279882617325008,0.1131230771890499,0.03979885742304294,-1.3754072743827745,0.027160141321961234,-0.18543594735074365
-1.930770485018727,-110.625,0.0014000000000000002,15.743036505191691,0.10893898903515287,0.03839522302308988,-1.3847394616484237,0.025783664240235,-0.2024008824109078
-1.8653206380689398,-106.875,0.0014000000000000002,15.056031277516702,0.10359264215777346,0.036712658062257104,-1.3982729409637864,0.02381715868972607,-0.2374224898252475
-1.7998707911191523,-103.125,0.0014000000000000002,14.477512821822058,0.09920094964738953,0.03535675311300756,-1.410311194010644,0.022092582089645683,-0.2673265661561981
-1.734420944169365,-99.375,0.0014000000000000002,13.696340885137657,0.0935172085047453,0.03353387184528591,-1.4296944827345608,0.01970533163687392,-0.3063065715430149
-1.6689710972195777,-95.625,0.0014000000000000002,12.727910274340665,0.08709114081091686,0.031219072369575506,-1.4580540254659955,0.016876306661732943,-0.34330886725035725
-1.6035212502697904,-91.87500000000001,0.0014000000000000002,11.826365421888818,0.0817234706196367,0.029112984865003997,-1.486345513443227,0.014358259606265253,-0.058338919322611815
-1.538071403320003,-88.125,0.0014000000000000002,10.851125615201967,0.07639697956632528,0.02692059320581059,-1.515777418534789,0.011775489003474481,-0.07927989242108069
-1.4726215563702156,-84.375,0.0014000000000000002,9.570494056828329,0.07001669925760108,0.024126532568571925,-1.5534717059697647,0.008601136144618543,-0.424029350039147
-1.4071717094204284,-80.62500000000001,0.0014000000000000002,8.406138843590888,0.06517370465322457,0.02166554423091646,-1.5919213792282692,0.005816942618800164,-0.4423290792218939
-1.3417218624706408,-76.875,0.0014000000000000002,7.27307972496632,0.061811289258498964,0.01933001976787706,-1.637148308177373,0.0036434152052261127,-0.4561962372256101
-1.2762720155208536,-73.125,0.0014000000000000002,6.487165669787858,0.05807028455151209,0.017489747112507805,-1.656526449457492,0.00296992933131929,-0.4417913811296508
-1.2108221685710663,-69.37500000000001,0.0014000000000000002,5.460011286123206,0.051601240377971425,0.014822778497900485,-1.6709915389694248,0.0025726750623882508,-0.4005014618275924
-1.145372321621279,-65.62500000000001,0.0014000000000000002,4.834091348571229,0.04752054643464447,0.013054565125006537,-1.6775926029402133,0.0025749255653946175,-0.3716168129452777
-1.0799224746714915,-61.87500000000001,0.0014000000000000002,4.040909474918992,0.04334249504607781,0.010722243510459951,-1.6798347575887724,0.0034060884885484637,-0.33456103920756064
-1.0144726277217042,-58.12500000000001,0.0014000000000000002,3.704133600588284,0.04106299331178722,0.009485852475530136,-1.6639970864847495,0.0037574929865643826,-0.3094541424031463
-0.9490227807719169,-54.375000000000014,0.0014000000000000002,3.1912641292690336,0.03617254484440534,0.007058496270043002,-1.5734697776688962,0.00379166386446859,-0.23584602288161927
-0.8835729338221296,-50.62500000000002,0.0014000000000000002,2.702647294345444,0.0470656329913668,0.004303208769561945,-1.1429653362215735,0.007026517033533986,-0.055132862102769575
-0.8181230868723421,-46.87500000000001,0.0014000000000000002,2.4737206112854824,0.07051640150955735,0.003766899495974951,-0.6363359722753771,0.010518224172689807,0.12063210978047723
-0.7526732399225546,-43.125,0.0014000000000000002,2.3475489393716957,0.09627880973786442,0.0038613189062068343,-0.35183946190945226,0.012296995386728484,0.31063545600045694
-0.6872233929727674,-39.37500000000001,0.0014000000000000002,2.3973593519843917,0.13561767051160054,0.0035202260180603974,-0.13416932561353095,0.01154336611728595,0.5961480491456492
-0.6217735460229801,-35.62500000000001,0.0014000000000000002,2.4885849607594452,0.17160582455055612,0.0023236545630157734,0.33182600070464396,0.008764254765816049,0.8480413794363213
-0.5563236990731928,-31.875000000000014,0.0014000000000000002,2.664671495499728,0.20563483940620741,0.0024991346550248357,1.1373797347298518,0.012956677932022211,1.0344898839565162
-0.4908738521234055,-28.125000000000018,0.0014000000000000002,2.8367428925502414,0.23957312121674185,0.004319821127584115,1.508356365698316,0.023681759556341022,1.1647994632481518
-0.425424005173618,-24.37500000000001,0.0014000000000000002,3.002291513460984,0.2723428677691246,0.006371155996469288,1.5268901402584913,0.036324224852798646,1.2359779244182196
-0.3599741582238305,-20.625000000000004,0.0014000000000000002,3.1452731020298184,0.2966855745514075,0.00803191600900615,1.3146728836228436,0.048274215245713376,1.205654271791857
-0.2945243112740432,-16.875000000000007,0.0014000000000000002,3.2059415814092067,0.3043994583462151,0.009117465429393271,1.1034773630506172,0.05459193805819825,1.1183166674965008
-0.22907446432425593,-13.12500000000001,0.0014000000000000002,3.2452632090711164,0.3021788036539207,0.010443497038993159,0.7366913959518886,0.05935017349086886,0.9224011770915328
-0.16362461737446865,-9.375000000000014,0.0014000000000000002,3.2201922307746633,0.2904313505477567,0.011795296185558114,0.469366658450686,0.059545049822858645,0.7250094184062537
-0.09817477042468137,-5.625000000000019,0.0014000000000000002,3.1464634346204954,0.2712883914737104,0.013371222233695383,0.27331744672067954,0.057153690795934124,0.47418111153759757
-0.03272492347489386,-1.8750000000000107,0.0014000000000000002,2.9936033278752876,0.24091829937722933,0.015017736473796192,0.11194717136509572,0.05165739947501465,0.1494201992763089
0.03272492347489364,1.8749999999999978,0.0014000000000000002,2.8441831285989787,0.21665429546917706,0.015513384746836511,0.03274048544637992,0.04625766539716141,-0.1494201992763089
0.09817477042468092,5.624999999999994,0.0014000000000000002,2.672282323082898,0.19226814897203756,0.015179681655147437,-0.02868668924083568,0.03982934818704877,-0.47418111153759757
0.1636246173744682,9.37499999999999,0.0014000000000000002,2.4951828123684097,0.1696238978481715,0.01433724798622674,-0.08207202276655488,0.033301431586425456,-0.7250094184062537
0.2290744643242555,13.124999999999986,0.0014000000000000002,2.3228620319795836,0.1499183084681846,0.013078617862744496,-0.10990860207047472,0.02768184640420722,-0.9224011770915328
0.29452431127404277,16.874999999999982,0.0014000000000000002,2.087624913912706,0.12686369872265155,0.010945664145023692,-0.07356137721797482,0.022834643989969775,-1.1183166674965008
0.35997415822383005,20.624999999999975,0.0014000000000000002,1.9396188302379613,0.11313610974094,0.009285719323872458,0.0477821954037168,0.021657473912111747,-1.205654271791857
0.42542400517361756,24.374999999999986,0.0014000000000000002,1.7663135890427644,0.09655652370117035,0.007416928224317155,0.32121227056376417,0.021065675342744335,-1.2359779244182196
0.49087385212340506,28.124999999999993,0.0014000000000000002,1.6719434293020896,0.08448084889244874,0.0064065701910446735,0.6083185910496046,0.0205895475430671,-1.1647994632481518
0.5563236990731923,31.87499999999999,0.0014000000000000002,1.630181611543212,0.07449262781013762,0.005731444152935383,0.8663893938945036,0.01969336897819859,-1.0344898839565162
0.6217735460229796,35.624999999999986,0.0014000000000000002,1.640543581323124,0.0652917456293038,0.004849029159783111,0.9882863821360149,0.01807282294402025,-0.8480413794363213
0.6872233929727669,39.37499999999998,0.0014000000000000002,1.8012113028387424,0.056691127352151406,0.0034638829491720983,0.9156855455288564,0.016336897600804014,-0.5961480491456492
0.7526732399225542,43.12499999999998,0.0014000000000000002,2.036913483371239,0.05073506404104902,0.002473542471894935,0.22512799584707704,0.01509319098657409,-0.31063545600045694
0.8181230868723417,46.874999999999986,0.0014000000000000002,2.353088501505005,0.0541062278988454,0.003434234117757209,-0.34485898851466673,0.016218980650194496,-0.12063210978047723
0.8835729338221292,50.62499999999999,0.0014000000000000002,2.7577801564482134,0.06278535560723343,0.005289644144275964,-0.5787300988541949,0.01871617561310745,0.055132862102769575
0.9490227807719163,54.37499999999998,0.0014000000000000002,3.427110152150653,0.07616261693884582,0.00796309178782443,-0.710367898551139,0.022560735187683947,0.23584602288161927
1.0144726277217035,58.12499999999997,0.0014000000000000002,4.01358774299143,0.0812903088594866,0.010000996412668783,-0.8109934656686952,0.024122801223986377,0.3094541424031463
1.0799224746714913,61.87499999999999,0.0014000000000000002,4.375470514126553,0.08181494554682028,0.01127648049005439,-0.8750561183160447,0.024310165385445223,0.33456103920756064
1.1453723216212786,65.62499999999999,0.0014000000000000002,5.205708161516506,0.08470111426450645,0.01408558580921037,-0.9685727979999028,0.025099271986051712,0.3716168129452777
1.2108221685710658,69.37499999999999,0.0014000000000000002,5.860512747950798,0.09050321436573729,0.016120331839043333,-0.9982390154705956,0.026726645430236222,0.4005014618275924
1.2762720155208531,73.12499999999999,0.0014000000000000002,6.928957050917509,0.10113825541351493,0.01931111229506152,-1.0273095284762328,0.029740995962295805,0.4417913811296508
1.3417218624706404,76.87499999999997,0.0014000000000000002,7.72927596219193,0.10628280729636953,0.021736299995372722,-1.057529252560248,0.031091870814761533,0.4561962372256101
1.4071717094204277,80.62499999999997,0.0014000000000000002,8.848467922812782,0.10893085787515103,0.025173127862920027,-1.1103441565021448,0.03137373551093732,0.4423290792218939
1.472621556370215,84.37499999999997,0.0014000000000000002,9.994523406867476,0.11375150021590308,0.028650040861577936,-1.1455653023146448,0.03214611355932301,0.424029350039147
1.5380714033200027,88.12499999999999,0.0014000000000000002,10.930405507623048,0.1185006287792566,0.031428830939906616,-1.1663496341164257,0.03297326410237883,0.07927989242108069
1.60352125026979,91.87499999999999,0.0014000000000000002,11.88470434121143,0.122689310722777,0.03418206542709139,-1.1865166095677315,0.033545447433324854,0.058338919322611815
1.6689710972195773,95.62499999999999,0.0014000000000000002,13.071219141591023,0.12696670144760763,0.037483414144418546,-1.2106287000915208,0.03384373491902323,0.34330886725035725
1.7344209441693645,99.37499999999997,0.0014000000000000002,14.002647456680672,0.13005246831381959,0.04002040942518332,-1.2283042234320736,0.033873575553076345,0.3063065715430149
1.7998707911191518,103.12499999999997,0.0014000000000000002,14.744839387978256,0.13307135560781586,0.042112218955849254,-1.2404656635443918,0.033943646069314895,0.2673265661561981
1.8653206380689396,106.875,0.0014000000000000002,15.29345376734195,0.13569844485598875,0.04367632445855814,-1.2479466327670812,0.034103367318716486,0.2374224898252475
1.9307704850187268,110.62499999999999,0.0014000000000000002,15.945437387602599,0.13879175249126113,0.04547781772854293,-1.256044915205076,0.03431334704256331,0.2024008824109078
1.9962203319685141,114.37499999999999,0.0014000000000000002,16.46531856467575,0.14126456919845717,0.04682552026721701,-1.2613750451593708,0.03459761578763039,0.18543594735074365
2.0616701789183014,118.12499999999999,0.0014000000000000002,17.05953983142965,0.14431082656713082,0.04829397724563843,-1.2657641174200542,0.035141562276794804,0.1766977286123712
2.1271200258680887,121.87499999999997,0.0014000000000000002,17.3272357340482,0.14566343927463254,0.048948243816046365,-1.2677355007464164,0.03538072527963677,0.17175297199062456
2.192569872817876,125.62499999999997,0.0014000000000000002,17.504090088584366,0.1459104907795825,0.04937172257209916,-1.2710627080438919,0.03520354663784215,0.15575236821216976
2.2580197197676632,129.37499999999997,0.0014000000000000002,18.035133977983733,0.14800056823839214,0.05065550264456666,-1.2769397218452752,0.03533623437212121,0.13005894661232986
2.323469566717451,133.125,0.0014000000000000002,18.311111772427843,0.1486974534655745,0.05125410938003404,-1.280696067751792,0.03529056338899596,0.11195983671989396
2.3889194136672383,136.87499999999997,0.0014000000000000002,18.213170737391213,0.1473017978115626,0.05093360176430976,-1.2822431893638726,0.034835677253063,0.09279479942182434
2.4543692606170255,140.62499999999997,0.0014000000000000002,18.5178669580779,0.14868485245023313,0.0516701730091272,-1.2849359317170572,0.03499522152013072,0.06848427027641435
2.519819107566813,144.37499999999997,0.0014000000000000002,18.44046280364272,0.14722090834554385,0.051348258283001415,-1.2868788094078996,0.03454466320837223,0.04626196059423293
2.5852689545166,148.12499999999997,0.0014000000000000002,18.686634052562162,0.1481278312519301,0.05183907103591585,-1.288915556109013,0.034732302659803496,0.03517991395242959
2.6507188014663874,151.87499999999997,0.0014000000000000002,18.73559794628317,0.1475681573227401,0.051795548264278964,-1.2907413314892147,0.03458466991543559,0.021847947712640092
2.7161686484161747,155.62499999999997,0.0014000000000000002,18.780302093733322,0.14678933966033886,0.05167576535048744,-1.2928329806496979,0.03443292759861151,0.013509522079324654
2.7816184953659624,159.37499999999997,0.0014000000000000002,18.71610662704487,0.14486493828490313,0.05115129779778917,-1.2954117455846454,0.03408041381873967,0.010233538624419225
2.8470683423157497,163.12499999999997,0.0014000000000000002,18.60699164399167,0.14328373154212115,0.05067591524947827,-1.2968659915420282,0.033756696936875205,0.0020486839888782526
2.912518189265537,166.87499999999997,0.0014000000000000002,18.525157595729684,0.14043019962790967,0.04975097945010809,-1.3008624680795169,0.03346302800944716,0.023096463983929283
2.9779680362153242,170.62499999999997,0.0014000000000000002,18.36665296749892,0.13794763053767573,0.04887181228568352,-1.3034762663181187,0.03313255946745382,0.031144623896327772
3.0434178831651115,174.37499999999997,0.0014000000000000002,18.265911080660118,0.13670493920497925,0.048451866872721974,-1.3047061387620622,0.03288857802614608,0.016937370329241475
3.1088677301148993,178.125,0.0014000000000000002,18.23287011485212,0.13595980824429132,0.04821664559103839,-1.3060543230790325,0.032750154551362216,0.0029583829913342186
-3.1088677301148993,-178.125,0.0018,18.320187572571456,0.13576778700318792,0.04816668155289367,-1.3085863384583134,0.03281808562555053,-0.0020520794964404843
-3.0434178831651124,-174.37500000000003,0.0018,18.33225105717349,0.13507156264999542,0.04794076029659831,-1.3112418013613203,0.03272943892040556,-0.017040320933165987
-2.9779680362153247,-170.625,0.0018,18.4091406141113,0.1352956423137921,0.048069244441511685,-1.312651600698435,0.03274934883088332,-0.03369414226360945
-2.912518189265537,-166.87499999999997,0.0018,18.564853598031757,0.13567428198939596,0.04816318541350002,-1.3154785383638852,0.03299783542302746,-0.03014455072105804
-2.84706834231575,-163.125,0.0018,18.655615593725248,0.13518476235196414,0.04778841779192301,-1.320259528401809,0.03325870820250959,-0.015075219647602722
-2.7816184953659624,-159.37499999999997,0.0018,18.752418545280268,0.1354932948581428,0.0478405130896197,-1.322257892765038,0.03342258813966627,-0.026185550874689767
-2.7161686484161756,-155.625,0.0018,18.802358227357168,0.13526146192309849,0.047618377966375296,-1.325744562621484,0.033547988967251384,-0.032878236522101645
-2.650718801466388,-151.875,0.0018,18.739912869030242,0.13437188015305013,0.04719732199983035,-1.3287340978780138,0.033440455978656726,-0.04375173259031229
-2.585268954516601,-148.12500000000003,0.0018,18.66985120934909,0.13350932124969453,0.04682390388180214,-1.3315254978540643,0.033281202056280414,-0.059241113647399146
-2.5198191075668133,-144.375,0.0018,18.40498285906,0.13126989022196908,0.0459693848605034,-1.3345388314217366,0.032765618259749496,-0.07167047544970018
-2.4543692606170255,-140.62499999999997,0.0018,18.452365476330677,0.1312607110333406,0.04597029492835466,-1.3376364657557787,0.032705954876228814,-0.09548186775050382
-2.3889194136672387,-136.875,0.0018,18.11337868645749,0.12840694176321035,0.045014950841861266,-1.341800610488927,0.03187355741872139,-0.12071414235319722
-2.323469566717451,-133.125,0.0018,18.18476202772987,0.12863023844040006,0.04514988316124611,-1.3445017757919704,0.03181031092686061,-0.1408178282855559
-2.258019719767664,-129.37500000000003,0.0018,17.88074881844029,0.12596647580366893,0.0442381805668578,-1.3501993077559475,0.031004355202635742,-0.1596709898543125
-2.1925698728178764,-125.625,0.0018,17.310919883023335,0.12133430902173654,0.042592670798173894,-1.3582927451473352,0.02968156333899347,-0.18636918212530063
-2.1271200258680896,-121.87500000000003,0.0018,17.10985976946411,0.11962835413195623,0.04199070056779552,-1.3626606677779698,0.029146572127761484,-0.20291038069439438
-2.061670178918302,-118.125,0.0018,16.8321056864351,0.11743832958821679,0.04123552968268307,-1.3666107885698968,0.028489199173944654,-0.20741097463648472
-1.9962203319685143,-114.375,0.0018,16.21978113854578,0.1126704786039679,0.03958577170872382,-1.3756453878533872,0.027032997585168913,-0.2155531642291706
-1.930770485018727,-110.625,0.0018,15.675578317589652,0.10844432266256661,0.03815583860741316,-1.38496403080074,0.025649257715523417,-0.23260068929019795
-1.8653206380689398,-106.875,0.0018,14.978877335360599,0.1030412577992354,0.03643892867763321,-1.3985055527390828,0.023669483903322238,-0.26772016945886357
-1.7998707911191523,-103.125,0.0018,14.393998030646348,0.09861569837109888,0.03505417921457979,-1.410513557869423,0.021940712436897877,-0.2975121855001266
-1.734420944169365,-99.375,0.0018,13.605071587820909,0.09289681340146562,0.033193221156802226,-1.4300022733918907,0.019551517273770802,-0.3364807518546922
-1.6689710972195777,-95.625,0.0018,12.626580775678672,0.08642722044874156,0.030830517158473885,-1.4585416980706927,0.016722131475306108,-0.3733998290719853
-1.6035212502697904,-91.87500000000001,0.0018,11.718017915340814,0.0810288605650064,0.028686697080563726,-1.4868491527256835,0.01421068104784673,-0.08600905139491388
-1.538071403320003,-88.125,0.0018,10.739164431264347,0.07566832033594142,0.026464529223160897,-1.5161036341545004,0.011651094426609256,-0.1063749071052662
-1.4726215563702156,-84.375,0.0018,9.457797373989115,0.06922753969876315,0.023634549459555912,-1.5535444037741242,0.008511038040229613,-0.45036500878075003
-1.4071717094204284,-80.62500000000001,0.0018,8.29403327689107,0.06423617472557865,0.02112554730191921,-1.591313495366615,0.005788556530515042,-0.46557116998266856
-1.3417218624706408,-76.875,0.0018,7.1624858034237295,0.060542319658161245,0.01871902185013138,-1.6353283164351307,0.003659897196949196,-0.4746164393544552
-1.2762720155208536,-73.125,0.0018,6.3794913885215125,0.05670807276240283,0.016845212362861652,-1.6548034661812516,0.0029552128984661145,-0.4586511359675667
-1.2108221685710663,-69.37500000000001,0.0018,5.354711879433538,0.05028378585228216,0.014145254777530435,-1.6703895191054259,0.002534933678724711,-0.416974274463656
-1.145372321621279,-65.62500000000001,0.0018,4.728954697581548,0.046102659085832165,0.012333119799181108,-1.6765635248269406,0.0024964078115479733,-0.38678986240473456
-1.0799224746714915,-61.87500000000001,0.0018,3.9369134532196854,0.04158005566050495,0.00993521158908109,-1.674892520763625,0.0032210201888573263,-0.34521656991315197
-1.0144726277217042,-58.12500000000001,0.0018,3.6018860078434525,0.03926818525432432,0.008705236443358091,-1.6551576168505107,0.0035907321520557913,-0.31761021259991473
-0.9490227807719169,-54.375000000000014,0.0018,3.093940882363928,0.03469763370127768,0.006396915887760563,-1.5529763525699023,0.0037769605925100105,-0.24100255527807413
-0.8835729338221296,-50.62500000000002,0.0018,2.61076719804737,0.045309842867044835,0.00399775678337475,-1.107641220100953,0.006961424588564796,-0.060105326360442746
-0.8181230868723421,-46.87500000000001,0.0018,2.3850332171453985,0.06736166273489226,0.003631470835573394,-0.668839595879747,0.010249298168193767,0.11235410370800514
-0.7526732399225546,-43.125,0.0018,2.260949911929186,0.09134765338647505,0.0036614152592275855,-0.505955213894835,0.011807585682124857,0.295686220817885
-0.6872233929727674,-39.37500000000001,0.0018,2.306633214655734,0.12801266914456808,0.003121900818899132,-0.55727902665216,0.010695664267243858,0.5685310969441735
-0.6217735460229801,-35.62500000000001,0.0018,2.392998379003306,0.16189008349907563,0.0015201689129743145,-0.9247876686537421,0.0074359010067660365,0.8079720203873408
-0.5563236990731928,-31.875000000000014,0.0018,2.5615488441217273,0.19442716633541302,0.0007615780833527698,-2.6234899840436494,0.011883511051408653,0.9849561454677491
-0.4908738521234055,-28.125000000000018,0.0018,2.7264060579152245,0.2274886017779144,0.0022092153565884095,2.632125154659731,0.022951364911904134,1.1085588588356712
-0.425424005173618,-24.37500000000001,0.0018,2.885221232122857,0.25988654896954516,0.0036476368634915826,2.2942368829837143,0.03566749515375294,1.1761174730366633
-0.3599741582238305,-20.625000000000004,0.0018,3.0228931211605485,0.2848112178261574,0.004313456065038319,1.8452775064371914,0.047668383615112435,1.14771645019683
-0.2945243112740432,-16.875000000000007,0.0018,3.0816397217881284,0.2933874295716613,0.004850440886672836,1.4421125263227936,0.05397273629497301,1.0652187733486942
-0.22907446432425593,-13.12500000000001,0.0018,3.1198352837735697,0.29269272062302365,0.005953859076643145,0.8393394943189388,0.05867710690766558,0.8790776477166293
-0.16362461737446865,-9.375000000000014,0.0018,3.096121803545727,0.2822577584623077,0.007539927259792794,0.4782810574268817,0.058822875636195836,0.6911709747738737
-0.09817477042468137,-5.625000000000019,0.0018,3.0259105564470343,0.2644078712525072,0.009489624689842309,0.26828973850822396,0.05631620009748717,0.45218462967117024
-0.03272492347489386,-1.8750000000000107,0.0018,2.8801341195370775,0.23563829186424323,0.011621720183621809,0.12883075990100587,0.05059172723629728,0.1425253348837816
0.03272492347489364,1.8749999999999978,0.0018,2.737608784653296,0.21253667459262063,0.012493265869839764,0.06900706478373965,0.0450353502068839,-0.1425253348837816
0.09817477042468092,5.624999999999994,0.0018,2.573725926775864,0.18931252468163529,0.012560328453977998,0.023112903437234347,0.03854785024533247,-0.45218462967117024
0.1636246173744682,9.37499999999999,0.0018,2.4049508287718533,0.16782945459404877,0.012113423467565766,-0.016902888175399106,0.03207445040543714,-0.6911709747738737
0.2290744643242555,13.124999999999986,0.0018,2.2407576360569403,0.14912070275821554,0.01123603761462523,-0.03226903816027623,0.026609668769799196,-0.8790776477166293
0.29452431127404277,16.874999999999982,0.0018,2.016420948439434,0.12706280234712436,0.009659435953420207,0.025127408633736147,0.02200818068990615,-1.0652187733486942
0.35997415822383005,20.624999999999975,0.0018,1.8751766709637185,0.11370260024781788,0.00844847346069185,0.16409951735588155,0.020968779843272577,-1.14771645019683
0.42542400517361756,24.374999999999986,0.0018,1.7091037590861937,0.09718729670312784,0.007149676061925287,0.44647988870281236,0.020520716250924248,-1.1761174730366633
0.49087385212340506,28.124999999999993,0.0018,1.6178471990795533,0.08474298791029257,0.006449729504540611,0.7176543019326508,0.020098360649582054,-1.1085588588356712
0.5563236990731923,31.87499999999999,0.0018,1.5765926986539782,0.07421611157200932,0.005900701743161124,0.95211193413734,0.01922297579752055,-0.9849561454677491
0.6217735460229796,35.624999999999986,0.0018,1.5850263586159652,0.06451414519670388,0.004999667680669439,1.0717029687093111,0.0175927602467033,-0.8079720203873408
0.6872233929727669,39.37499999999998,0.0018,1.7381021177115603,0.0551803252605827,0.0034763910125802724,1.0373782284799475,0.01575370570960774,-0.5685310969441735
0.7526732399225542,43.12499999999998,0.0018,1.965263691111301,0.048124285559095294,0.002098031517707111,0.34608367072269486,0.014282103785435,-0.295686220817885
0.8181230868723417,46.874999999999986,0.0018,2.2726791134373934,0.05053023209157885,0.0029305223965327373,-0.3702279041744097,0.015187570745680466,-0.11235410370800514
0.8835729338221292,50.62499999999999,0.0018,2.670872524407813,0.05886520142410421,0.004850299204726964,-0.6281817113242144,0.017614630891661362,0.060105326360442746
0.9490227807719163,54.37499999999998,0.0018,3.334943437642002,0.07264099334076465,0.0076333869850293045,-0.7485735686397793,0.021570598513591298,0.24100255527807413
1.0144726277217035,58.12499999999997,0.0018,3.919496220443367,0.0783524830026981,0.009744889650872482,-0.8389681081613704,0.023285819546198724,0.31761021259991473
1.0799224746714913,61.87499999999999,0.0018,4.282130023132837,0.079312404773532,0.011056691980712635,-0.897119149002857,0.02358976077002845,0.34521656991315197
1.1453723216212786,65.62499999999999,0.0018,5.1157445599862825,0.08281372300296845,0.013898947262394266,-0.9822597913987905,0.02454457049176213,0.38678986240473456
1.2108221685710658,69.37499999999999,0.0018,5.771686153897194,0.08859433604188048,0.01593842462818198,-1.0099083026970241,0.026159512557989102,0.416974274463656
1.2762720155208531,73.12499999999999,0.0018,6.838142524489079,0.09917890670368235,0.01911496140998167,-1.036551875487482,0.02915476848384565,0.4586511359675667
1.3417218624706404,76.87499999999997,0.0018,7.637102242778185,0.10465502151470975,0.021522255509327744,-1.063697421550177,0.030607755215997765,0.4746164393544552
1.4071717094204277,80.62499999999997,0.0018,8.75960444687374,0.10790704580433916,0.024958658930735806,-1.1132005520465542,0.03107830067239992,0.46557116998266856
1.472621556370215,84.37499999999997,0.0018,9.908162382769865,0.11299536962864466,0.028437570119587904,-1.1470214015900249,0.0319392463775864,0.45036500878075003
1.5380714033200027,88.12499999999999,0.0018,10.845539338369614,0.11784679785199746,0.031220992513898097,-1.1673235602897172,0.032802472237554954,0.1063749071052662
1.60352125026979,91.87499999999999,0.0018,11.804026966735728,0.1221485001991741,0.0339857414776339,-1.1870234659817818,0.03340980043062227,0.08600905139491388
1.6689710972195773,95.62499999999999,0.0018,12.999980604750657,0.12656352280596,0.037314620279124244,-1.210829238411791,0.03375153979650948,0.3733998290719853
1.7344209441693645,99.37499999999997,0.0018,13.941552339675601,0.1297190844832726,0.039875483220103376,-1.2284186311052965,0.03380294005957483,0.3364807518546922
1.7998707911191518,103.12499999999997,0.0018,14.691510216146474,0.13278809434535288,0.041986336354316464,-1.240525885219719,0.03388895968114164,0.2975121855001266
1.8653206380689396,106.875,0.0018,15.246597504819462,0.1354643831880654,0.04356524955278737,-1.2479603520408027,0.03406044110286817,0.26772016945886357
1.9307704850187268,110.62499999999999,0.0018,15.90817900687985,0.1386226036961818,0.04539231375044039,-1.256038031790101,0.03428600718332994,0.23260068929019795
1.9962203319685141,114.37499999999999,0.0018,16.43533430277495,0.14114219285036803,0.04675909687881282,-1.2613523409095726,0.03458089751939396,0.2155531642291706
2.0616701789183014,118.12499999999999,0.0018,17.039516661071584,0.14425864337735927,0.04824963882370888,-1.2657287557804902,0.03514688600302527,0.20741097463648472
2.1271200258680887,121.87499999999997,0.0018,17.312770150158503,0.14564770957881198,0.048918857832907364,-1.2676805145373113,0.03539539726943693,0.20291038069439438
2.192569872817876,125.62499999999997,0.0018,17.497289065148635,0.14593762646646152,0.04935933416054654,-1.2710043902761945,0.035224333848909405,0.18636918212530063
2.2580197197676632,129.37499999999997,0.0018,18.0404198082946,0.1480982495933588,0.05067354320116571,-1.276902259549864,0.03537481323225077,0.1596709898543125
2.323469566717451,133.125,0.0018,18.325579856015427,0.1488404854653697,0.051292617715924506,-1.2807222201230253,0.03533966940792379,0.1408178282855559
2.3889194136672383,136.87499999999997,0.0018,18.234092828810688,0.14747680377261552,0.05098617974579756,-1.2822461775327154,0.03489614255817844,0.12071414235319722
2.4543692606170255,140.62499999999997,0.0018,18.54784734408118,0.1488935204548715,0.051736390958145216,-1.284933881686623,0.03506609023319729,0.09548186775050382
2.519819107566813,144.37499999999997,0.0018,18.4766533345097,0.14745683083548047,0.05142665405855779,-1.2868789484168799,0.0346254497690855,0.07167047544970018
2.5852689545166,148.12499999999997,0.0018,18.72909232299649,0.14839559183611972,0.051930848542547536,-1.2889800368034736,0.034822799515062564,0.059241113647399146
2.6507188014663874,151.87499999999997,0.0018,18.783664601620554,0.14787182135409244,0.051900671060715935,-1.2908099314135146,0.034681218433620147,0.04375173259031229
2.7161686484161747,155.62499999999997,0.0018,18.83523646387927,0.14714460256691106,0.05180091459828253,-1.292908980630691,0.034536166821059124,0.032878236522101645
2.7816184953659624,159.37499999999997,0.0018,18.778604096154957,0.14528241975523418,0.05129903790249042,-1.2955379020538853,0.03419349766773968,0.026185550874689767
2.8470683423157497,163.12499999999997,0.0018,18.67069081337285,0.14373051721969093,0.050834688371871765,-1.2969468585525359,0.0338650401561816,0.015075219647602722
2.912518189265537,166.87499999999997,0.0018,18.594998148752815,0.14100787048358235,0.04996389301774878,-1.3008788967356588,0.033570353367281695,0.03014455072105804
2.9779680362153242,170.62499999999997,0.0018,18.44283475637491,0.1386244276151769,0.04913121885514647,-1.3034152289804137,0.03323534226802591,0.03369414226360945
3.0434178831651115,174.37499999999997,0.0018,18.349291378106656,0.13745079158014922,0.048741579674997336,-1.304553459030775,0.03299778725212488,0.017040320933165987
3.1088677301148993,178.125,0.0018,18.322239652067896,0.1367061096653414,0.04850280043251485,-1.305999571090697,0.03288161079477365,0.0020520794964404843
-3.1088677301148993,-178.125,0.0022000000000000006,18.42946993482646,0.13649488172509106,0.04843626957012988,-1.3089122397448556,0.032983759244639574,-0.01894057569310803
-3.0434178831651124,-174.37500000000003,0.0022000000000000006,18.43915183981701,0.1357428161544731,0.04814053318940119,-1.3114503451156831,0.032964937126211256,-0.014220507743857524
-2.9779680362153247,-170.625,0.0022000000000000006,18.49994611057818,0.13583605072245902,0.0482032354633629,-1.3127906311130146,0.03298398532218619,-0.034124149562174466
-2.912518189265537,-166.87499999999997,0.0022000000000000006,18.63792384908477,0.13612803988362795,0.04826498863158722,-1.3155100503828672,0.03319677869456872,-0.037509234048734186
-2.84706834231575,-163.125,0.0022000000000000006,18.70909208215037,0.13555794354877865,0.04787811126845087,-1.3201730897517465,0.03339874966246933,-0.03184763805287716
-2.7816184953659624,-159.37499999999997,0.0022000000000000006,18.79816446786789,0.1358204689920051,0.04792728027071904,-1.3221230081990616,0.03352845394200968,-0.047696799469420625
-2.7161686484161756,-155.625,0.0022000000000000006,18.83001110801664,0.13544971924388327,0.04766969498955008,-1.3256021120640122,0.03359866812243832,-0.05990702188497821
-2.650718801466388,-151.875,0.0022000000000000006,18.751250732892995,0.13443244957479597,0.04721356026467536,-1.3286949650471342,0.033443321298266555,-0.07472952686643097
-2.585268954516601,-148.12500000000003,0.0022000000000000006,18.666933129904272,0.13345591835445003,0.04680698388690978,-1.3315409556969242,0.033246422908505484,-0.09361202446568839
-2.5198191075668133,-144.375,0.0022000000000000006,18.38940009558785,0.13111545162522456,0.04591528085443399,-1.3345702145486311,0.032700316957296,-0.10831129930258143
-2.4543692606170255,-140.62499999999997,0.0022000000000000006,18.42431448224259,0.13100828566878925,0.045881407882281074,-1.3377164255485718,0.0326143649394782,-0.13457479762385205
-2.3889194136672387,-136.875,0.0022000000000000006,18.07004901095743,0.12803570655215774,0.044871314993646,-1.3420139594702538,0.031757642398752076,-0.1611306652048441
-2.323469566717451,-133.125,0.0022000000000000006,18.128493861964984,0.12816131577711454,0.04496543886746196,-1.3448134965622125,0.03167394593251076,-0.182565673926824
-2.258019719767664,-129.37500000000003,0.0022000000000000006,17.806861213741076,0.12536890054307934,0.04399683425596507,-1.3505405464464246,0.030834421972879122,-0.2026132225756072
-2.1925698728178764,-125.625,0.0022000000000000006,17.21522695622179,0.12057298436944479,0.04229422537712405,-1.358861516456405,0.029455465218129633,-0.23099608471288846
-2.1271200258680896,-121.87500000000003,0.0022000000000000006,17.00107294337879,0.11877472670028096,0.04164969971166672,-1.3633865790036508,0.02889499243826646,-0.24846148467101514
-2.061670178918302,-118.125,0.0022000000000000006,16.71484648234603,0.11654147241797194,0.0408633408935524,-1.3671774591506458,0.028237075843866262,-0.2526878339909153
-1.9962203319685143,-114.375,0.0022000000000000006,16.08512869823373,0.11167828045136817,0.039150808548079306,-1.376236996412944,0.026771610599342743,-0.2611029960740332
-1.930770485018727,-110.625,0.0022000000000000006,15.526374660844414,0.10736790164977228,0.03767092454386529,-1.3856158375057328,0.02537033826724603,-0.278876126320748
-1.8653206380689398,-106.875,0.0022000000000000006,14.811272577204118,0.1018621678935939,0.03589075992752243,-1.3991558255133854,0.023373153449652326,-0.31498281517466786
-1.7998707911191523,-103.125,0.0022000000000000006,14.217529512462038,0.09739696415396944,0.034470213104146184,-1.4111374790126192,0.021648785772892035,-0.34545350369836036
-1.734420944169365,-99.375,0.0022000000000000006,13.423455495883532,0.09167444399507513,0.03256497599910982,-1.4305813941465164,0.019282348320038147,-0.3856733621178048
-1.6689710972195777,-95.625,0.0022000000000000006,12.432903836953846,0.08517562776962243,0.030132431701918344,-1.459666606502798,0.01646240978746147,-0.4233376677404639
-1.6035212502697904,-91.87500000000001,0.0022000000000000006,11.511502057415251,0.07973327858976435,0.027932467794670228,-1.4884300983942818,0.013962602265979665,-0.13017452539220997
-1.538071403320003,-88.125,0.0022000000000000006,10.521262602067532,0.0743061607371526,0.025658739303077684,-1.5179282508191374,0.011423520348096274,-0.14910662336561487
-1.4726215563702156,-84.375,0.0022000000000000006,9.232651324514077,0.06774984268649585,0.0227706911775871,-1.555201890787451,0.008340761883060929,-0.4938741449181432
-1.4071717094204284,-80.62500000000001,0.0022000000000000006,8.069542912738799,0.06257419015705723,0.020207117795831387,-1.5923264354689166,0.005714289951649394,-0.5043923594518933
-1.3417218624706408,-76.875,0.0022000000000000006,6.9441801696643655,0.0585450199733762,0.01773645681253824,-1.6354469474863722,0.003697367784268579,-0.5057059548686507
-1.2762720155208536,-73.125,0.0022000000000000006,6.168710299496389,0.0546025404918899,0.015835780281238276,-1.65525217704174,0.002996307789639601,-0.48595962963536365
-1.2108221685710663,-69.37500000000001,0.0022000000000000006,5.153293569679398,0.04816226010056663,0.0131171893750883,-1.6719728135866747,0.002533579439649991,-0.4406589458100232
-1.145372321621279,-65.62500000000001,0.0022000000000000006,4.5333561082204215,0.0437828920861285,0.011276541537193534,-1.6770577088696432,0.0023911269564804607,-0.4060460459822366
-1.0799224746714915,-61.87500000000001,0.0022000000000000006,3.752071703955715,0.03866086610417666,0.008841707565424427,-1.6689616807455685,0.0028338039919228023,-0.3548170588417525
-1.0144726277217042,-58.12500000000001,0.0022000000000000006,3.4242933132286693,0.036250754525204064,0.00764761391180247,-1.6431537179395952,0.0031740799603811854,-0.3225727986190283
-0.9490227807719169,-54.375000000000014,0.0022000000000000006,2.931185754799913,0.03219678236799619,0.005540137797144009,-1.52313681833735,0.003573476203509552,-0.24152366454527785
-0.8835729338221296,-50.62500000000002,0.0022000000000000006,2.4639765693320648,0.04257599882047089,0.003597244222346242,-1.0545867508084985,0.006763627339826885,-0.06327601109890102
-0.8181230868723421,-46.87500000000001,0.0022000000000000006,2.2463869479060032,0.06277022807697553,0.0034252036349909473,-0.6879733917232568,0.009810402202439367,0.10167689184967976
-0.7526732399225546,-43.125,0.0022000000000000006,2.1268212245406155,0.08438522705914296,0.003465292508553187,-0.6513265513092104,0.011146185238521698,0.2733358075323493
-0.6872233929727674,-39.37500000000001,0.0022000000000000006,2.1667515638536936,0.11743371285160199,0.0031914787269184414,-0.977216270860483,0.009783777938366005,0.5258698966932898
-0.6217735460229801,-35.62500000000001,0.0022000000000000006,2.2457002553437926,0.14832446523847495,0.002980807429375835,-1.7093983141915408,0.006079406508711684,0.7461172548166481
-0.5563236990731928,-31.875000000000014,0.0022000000000000006,2.4025574043499525,0.17856389604960973,0.0037126276119083816,-2.297728931822348,0.010564555954482741,0.9087249320233932
-0.4908738521234055,-28.125000000000018,0.0022000000000000006,2.5562400849587115,0.20994418779614402,0.004733190179074706,-2.724649022039994,0.021602629860067318,1.0222037108145123
-0.425424005173618,-24.37500000000001,0.0022000000000000006,2.7047197856189666,0.24124661787372847,0.005505179357012717,-3.019461111044424,0.03406542902394492,1.0842825744451536
-0.3599741582238305,-20.625000000000004,0.0022000000000000006,2.834451540166581,0.26632603595776255,0.005024457117918219,2.990034992733493,0.0459100781062978,1.0586559702711749
-0.2945243112740432,-16.875000000000007,0.0022000000000000006,2.89059685262746,0.275720524373838,0.004010061987958626,2.7017188650714976,0.05214499368228747,0.983422711478197
-0.22907446432425593,-13.12500000000001,0.0022000000000000006,2.9278962250613736,0.27669757296642017,0.0022183897261582298,1.919410787537158,0.05682427645629272,0.8124890174631765
-0.16362461737446865,-9.375000000000014,0.0022000000000000006,2.9068531304633582,0.2678319140046253,0.002577298483614514,0.8067774699287299,0.05701250541211994,0.6393965647796485
-0.09817477042468137,-5.625000000000019,0.0022000000000000006,2.842383969183934,0.25163822464561364,0.004625760600440825,0.37873818955197075,0.05454026529453265,0.4186059825339328
-0.03272492347489386,-1.8750000000000107,0.0022000000000000006,2.7306821002039054,0.22741727477636756,0.007451040666701319,0.2173725935149005,0.04931466101445209,0.15082346060947938
0.03272492347489364,1.8749999999999978,0.0022000000000000006,2.579858639594426,0.20576728129778304,0.007955127957328282,0.20764380383031794,0.04396697264760288,-0.15082346060947938
0.09817477042468092,5.624999999999994,0.0022000000000000006,2.423777986650001,0.1818459087491851,0.009190030169261924,0.15220250641926392,0.036810452538202844,-0.4186059825339328
0.1636246173744682,9.37499999999999,0.0022000000000000006,2.26745656568371,0.16201376538846693,0.00930394009706974,0.12317188429910152,0.030496098698277727,-0.6393965647796485
0.2290744643242555,13.124999999999986,0.0022000000000000006,2.115407207598197,0.14482538171891837,0.008978852673383567,0.11892605411995888,0.025254435535742817,-0.8124890174631765
0.29452431127404277,16.874999999999982,0.0022000000000000006,1.907174141149263,0.1245299362019348,0.008201042267097836,0.19609401358960166,0.02096818378555606,-0.983422711478197
0.35997415822383005,20.624999999999975,0.0022000000000000006,1.775795569895406,0.11207939555717679,0.007610047440946697,0.3458681395542431,0.020098327032089157,-1.0586559702711749
0.42542400517361756,24.374999999999986,0.0022000000000000006,1.620437211173813,0.09631197944861525,0.007025506658728742,0.6107003340806919,0.019815961750325364,-1.0842825744451536
0.49087385212340506,28.124999999999993,0.0022000000000000006,1.5340363741441991,0.08394385729522766,0.006654764267860253,0.8420924127176737,0.01944427851632587,-1.0222037108145123
0.5563236990731923,31.87499999999999,0.0022000000000000006,1.4938324723265592,0.07317169584667353,0.006209854347253166,1.0386746070404071,0.018585464532417065,-0.9087249320233932
0.6217735460229796,35.624999999999986,0.0022000000000000006,1.4995830005271444,0.06311486140140464,0.005272223504969089,1.1519615105551502,0.016946110185899626,-0.7461172548166481
0.6872233929727669,39.37499999999998,0.0022000000000000006,1.6408816671604038,0.05308766774681592,0.0036118583320999538,1.1654273016366112,0.014990594142217999,-0.5258698966932898
0.7526732399225542,43.12499999999998,0.0022000000000000006,1.8534854170082662,0.04468377196689071,0.0017577317735956279,0.5661015481379449,0.013205210028761714,-0.2733358075323493
0.8181230868723417,46.874999999999986,0.0022000000000000006,2.1447100560563235,0.0456080491413647,0.0023136543869378503,-0.39933542153995694,0.013748586654996434,-0.10167689184967976
0.8835729338221292,50.62499999999999,0.0022000000000000006,2.527252580430966,0.053123542480200306,0.004278549167498504,-0.6988586352805579,0.015982836218093238,0.06327601109890102
0.9490227807719163,54.37499999999998,0.0022000000000000006,3.172709419345191,0.06707941686784781,0.007139926476428094,-0.8010219178069162,0.019990252580288262,0.24152366454527785
1.0144726277217035,58.12499999999997,0.0022000000000000006,3.7468661118476976,0.07358882436509409,0.009306402173023342,-0.875811614578828,0.021912279613315412,0.3225727986190283
1.0799224746714913,61.87499999999999,0.0022000000000000006,4.1068887627974675,0.07521646647770078,0.010650049372840522,-0.9255030544713205,0.022392201437895012,0.3548170588417525
1.1453723216212786,65.62499999999999,0.0022000000000000006,4.939402154202658,0.07978684334348005,0.013516789286260392,-0.9986100366089117,0.023638552440340126,0.4060460459822366
1.2108221685710658,69.37499999999999,0.0022000000000000006,5.593952515489421,0.08572505578123958,0.015553687660124632,-1.0227412644109735,0.02529661977514038,0.4406589458100232
1.2762720155208531,73.12499999999999,0.0022000000000000006,6.654669929131753,0.09629651792263094,0.018702031612101336,-1.0461733158925275,0.028287894106142616,0.48595962963536365
1.3417218624706404,76.87499999999997,0.0022000000000000006,7.449886124533016,0.10212368170584174,0.02107885843577566,-1.0699762542154396,0.02985096926635036,0.5057059548686507
1.4071717094204277,80.62499999999997,0.0022000000000000006,8.573935272190692,0.10611439383779121,0.02450354283896955,-1.1157102044914513,0.030558772033866963,0.5043923594518933
1.472621556370215,84.37499999999997,0.0022000000000000006,9.72652546943222,0.11159097155785203,0.027989069200134237,-1.1479203935923548,0.031552910536688066,0.4938741449181432
1.5380714033200027,88.12499999999999,0.0022000000000000006,10.670369225433147,0.11663687707469837,0.030791964288834878,-1.1676755424720795,0.032480024508134135,0.14910662336561487
1.60352125026979,91.87499999999999,0.0022000000000000006,11.641676582807461,0.12112615594675276,0.03359799479456207,-1.1871385357787498,0.03314580807748164,0.13017452539220997
1.6689710972195773,95.62499999999999,0.0022000000000000006,12.85624150469431,0.12571135224347516,0.03697644744118033,-1.2108727749256523,0.033538208347111034,0.4233376677404639
1.7344209441693645,99.37499999999997,0.0022000000000000006,13.809128858001337,0.12889371585227494,0.039556312186453176,-1.2284932787711196,0.03359899896552755,0.3856733621178048
1.7998707911191518,103.12499999999997,0.0022000000000000006,14.562983016160398,0.1319880822987928,0.041671842578789475,-1.2404869975274748,0.03370076363070668,0.34545350369836036
1.8653206380689396,106.875,0.0022000000000000006,15.126255392378786,0.13475425156963863,0.04327329703948754,-1.2478145602018218,0.033901703872515364,0.31498281517466786
1.9307704850187268,110.62499999999999,0.0022000000000000006,15.805250787165162,0.13804749874611352,0.045147480502995045,-1.255851680908193,0.034160618182595685,0.278876126320748
1.9962203319685141,114.37499999999999,0.0022000000000000006,16.346231694307765,0.1406536337715184,0.04654825713844449,-1.2611964484670524,0.03447519058352899,0.2611029960740332
2.0616701789183014,118.12499999999999,0.0022000000000000006,16.967534316336945,0.14387649806997083,0.04807934900818231,-1.2655875651454387,0.03506781525120162,0.2526878339909153
2.1271200258680887,121.87499999999997,0.0022000000000000006,17.249534428049806,0.14532137099549713,0.04877030586285052,-1.267561862786946,0.035331413540422484,0.24846148467101514
2.192569872817876,125.62499999999997,0.0022000000000000006,17.44622304093468,0.14568273293230832,0.04923933721736394,-1.2709133082377868,0.035175822658120755,0.23099608471288846
2.2580197197676632,129.37499999999997,0.0022000000000000006,18.009474436316683,0.1479775013961644,0.050604447123637215,-1.2767893355903364,0.0353616628282507,0.2026132225756072
2.323469566717451,133.125,0.0022000000000000006,18.311059535891808,0.14881642069193818,0.051265325742613686,-1.2806478230194995,0.035349137252581014,0.182565673926824
2.3889194136672383,136.87499999999997,0.0022000000000000006,18.231179676162274,0.14749683266363803,0.05097609264487414,-1.2822101086980342,0.034919427038887015,0.1611306652048441
2.4543692606170255,140.62499999999997,0.0022000000000000006,18.55888927986644,0.1489592236745289,0.051750073488661584,-1.2849518846492693,0.03510849512782695,0.13457479762385205
2.519819107566813,144.37499999999997,0.0022000000000000006,18.49771139489043,0.14756587476313304,0.051458648709576386,-1.2869756132300574,0.034678456430264105,0.10831129930258143
2.5852689545166,148.12499999999997,0.0022000000000000006,18.76054515436996,0.14856532288596583,0.051986175888374814,-1.2890374340253674,0.034890482304669936,0.09361202446568839
2.6507188014663874,151.87499999999997,0.0022000000000000006,18.825980259759426,0.14811009923244428,0.05198416511872834,-1.2909450716433684,0.03476319932155689,0.07472952686643097
2.7161686484161747,155.62499999999997,0.0022000000000000006,18.88991812990162,0.1474725382053886,0.0519182738726345,-1.2931278578494112,0.034633192946392895,0.05990702188497821
2.7816184953659624,159.37499999999997,0.0022000000000000006,18.84586126733731,0.14570866477911662,0.051460699423212214,-1.2958301781136596,0.03429509141310528,0.047696799469420625
2.8470683423157497,163.12499999999997,0.0022000000000000006,18.740939720203247,0.1442137365190287,0.05102136132901067,-1.2972998529768491,0.03395594209996823,0.03184763805287716
2.912518189265537,166.87499999999997,0.0022000000000000006,18.675433083133505,0.141698192942738,0.050242969699546745,-1.3011248711905479,0.033645244941340656,0.037509234048734186
2.9779680362153242,170.62499999999997,0.0022000000000000006,18.534070260140354,0.1394842486231168,0.04949600234993517,-1.3035830653779017,0.033293527230758194,0.034124149562174466
3.0434178831651115,174.37499999999997,0.0022000000000000006,18.45337234756087,0.1384370648007465,0.04916167045850016,-1.3046772210267596,0.03306780104995801,0.014220507743857524
3.1088677301148993,178.125,0.0022000000000000006,18.44841051051957,0.13759855288818207,0.04887732083043526,-1.306550556250997,0.03299869315543773,0.01894057569310803
-3.1088677301148993,-178.125,0.0026000000000000007,18.505571715070978,0.1367278032861545,0.04851740447443093,-1.3100094555654718,0.03309076787556066,0.00030167100083033915
-3.0434178831651124,-174.37500000000003,0.0026000000000000007,18.49666715134297,0.13603576762465688,0.0481983812889146,-1.3117042277168285,0.03311854171873255,-0.009473705957542933
-2.9779680362153247,-170.625,0.0026000000000000007,18.53989681790755,0.1359971519055924,0.0481865473455172,-1.3129685216629972,0.03314264291596475,-0.03292067568978396
-2.912518189265537,-166.87499999999997,0.0026000000000000007,18.65799277545584,0.13619240649193387,0.04821443712846154,-1.3155527478258815,0.033319463495113937,-0.044075278423850506
-2.84706834231575,-163.125,0.0026000000000000007,18.706845143441807,0.1355295538699657,0.04781118870531511,-1.3200423735188371,0.033454314354295446,-0.048971283027754
-2.7816184953659624,-159.37499999999997,0.0026000000000000007,18.786074273227428,0.1357298709658848,0.047855466098755135,-1.3220038503734735,0.033543605524932664,-0.07007792455517503
-2.7161686484161756,-155.625,0.0026000000000000007,18.79656069404351,0.13519563868659754,0.04755380715883712,-1.3255596729062487,0.03354812136100252,-0.08850783511210025
-2.650718801466388,-151.875,0.0026000000000000007,18.69761042649376,0.13402034982417207,0.047053753917549505,-1.32869023293537,0.03333780483532458,-0.10771501586030041
-2.585268954516601,-148.12500000000003,0.0026000000000000007,18.594511463464645,0.13289476890201135,0.04660124083987316,-1.3315928532298562,0.03308960826179597,-0.13038388258265243
-2.5198191075668133,-144.375,0.0026000000000000007,18.300508431161997,0.13042688665044838,0.045666550311311976,-1.3347037015227676,0.032506589551805076,-0.14781653677014361
-2.4543692606170255,-140.62499999999997,0.0026000000000000007,18.31707063547872,0.13017539869645497,0.045578946717513766,-1.3379487688614704,0.03238166648577883,-0.17705599836822827
-2.3889194136672387,-136.875,0.0026000000000000007,17.941153686298957,0.12703824766310373,0.044498890111036034,-1.3423838232309848,0.03148622017440943,-0.2054363555347365
-2.323469566717451,-133.125,0.0026000000000000007,17.980413634082826,0.1270199488641017,0.04453120494233669,-1.3452907356824055,0.031370215302412886,-0.2285637802863718
-2.258019719767664,-129.37500000000003,0.0026000000000000007,17.634840594283137,0.12405980930930102,0.043493862598078636,-1.3511561036011386,0.030489277374637146,-0.2502951248624363
-2.1925698728178764,-125.625,0.0026000000000000007,17.015162331893844,0.11907296331309865,0.04171515596901053,-1.3596509747913412,0.029055624547720423,-0.28085876080453787
-2.1271200258680896,-121.87500000000003,0.0026000000000000007,16.784370197365366,0.11716406731922016,0.04101917419671563,-1.3642120868533194,0.028468326533641355,-0.2994429692236551
-2.061670178918302,-118.125,0.0026000000000000007,16.487377226374942,0.1148685476964903,0.04019744501192674,-1.3680936536492017,0.027801523139169313,-0.3043761019611928
-1.9962203319685143,-114.375,0.0026000000000000007,15.834945893772051,0.1098688197742204,0.038407050193849636,-1.3772352530444767,0.02630769729387811,-0.3159294596679878
-1.930770485018727,-110.625,0.0026000000000000007,15.257826992474577,0.10545735765313971,0.036869802447961786,-1.3867488829810333,0.02488740658935609,-0.3354193749803045
-1.8653206380689398,-106.875,0.0026000000000000007,14.524001878698213,0.09986670648585794,0.03502190089445158,-1.4000969425909129,0.022893018695068566,-0.37345648160536626
-1.7998707911191523,-103.125,0.0026000000000000007,13.935711118914522,0.0954793037866528,0.033590967727058954,-1.4116063581254354,0.02122892836249064,-0.4065234855895081
-1.734420944169365,-99.375,0.0026000000000000007,13.191025548057457,0.09014981491027507,0.031744231982825076,-1.4314697136888423,0.01900015826500964,-0.4513497401347415
-1.6689710972195777,-95.625,0.0026000000000000007,12.200849414462342,0.08377955304367928,0.029260947859340632,-1.463091475812523,0.01617297642485282,-0.49035002581681475
-1.6035212502697904,-91.87500000000001,0.0026000000000000007,11.24509629265746,0.07825041750559376,0.026975301947748054,-1.4941531634965695,0.013600440455454865,-0.17400192907891032
-1.538071403320003,-88.125,0.0026000000000000007,10.204125939329227,0.07252923480718282,0.024574330834191884,-1.5240238200391991,0.01104165441135052,-0.19224829845574476
-1.4726215563702156,-84.375,0.0026000000000000007,8.88843976317149,0.06563918277541844,0.021592658638139157,-1.5598657938630585,0.008044384701705076,-0.5471322355480357
-1.4071717094204284,-80.62500000000001,0.0026000000000000007,7.735300238309865,0.060350506614348036,0.01902414217216283,-1.596393580301477,0.00553057349316819,-0.5513209143610265
-1.3417218624706408,-76.875,0.0026000000000000007,6.627608460668836,0.056253420833018285,0.01655622459154062,-1.6404509628422217,0.0036819836880587296,-0.5425785159313339
-1.2762720155208536,-73.125,0.0026000000000000007,5.864497251401714,0.05222358869634567,0.014652707372828564,-1.6608145961546483,0.0030596839675438208,-0.5159569127613342
-1.2108221685710663,-69.37500000000001,0.0026000000000000007,4.868307512833833,0.04563410636482081,0.011948269923668273,-1.677512559671787,0.0025804395805072715,-0.46175586938309987
-1.145372321621279,-65.62500000000001,0.0026000000000000007,4.264408719429538,0.041043943372673,0.010127432922479957,-1.6809429609611082,0.0023246200986625073,-0.41920887455592215
-1.0799224746714915,-61.87500000000001,0.0026000000000000007,3.509707543338968,0.03537767918058744,0.0077356701677152055,-1.666576786230297,0.0024072738244702166,-0.3546320118405939
-1.0144726277217042,-58.12500000000001,0.0026000000000000007,3.1966005835656244,0.03288368732986467,0.006611545614228781,-1.635423515993285,0.0026591237607966212,-0.3168770393573701
-0.9490227807719169,-54.375000000000014,0.0026000000000000007,2.7292037448810205,0.029356259275222084,0.00474358629738546,-1.4995668813619933,0.0032211832924769284,-0.23212252907067743
-0.8835729338221296,-50.62500000000002,0.0026000000000000007,2.288128697972739,0.03927957425459309,0.0032071433247563073,-1.0149268067875494,0.006374451558180173,-0.06116732983742601
-0.8181230868723421,-46.87500000000001,0.0026000000000000007,2.0829699307258323,0.05750494650065606,0.0031705897319175983,-0.7055594750753375,0.009195901126032682,0.09225023903242136
-0.7526732399225546,-43.125,0.0026000000000000007,1.9696469485233667,0.07671172980242551,0.0032539702280615307,-0.7617374085463225,0.010375578001974965,0.24886428034701114
-0.6872233929727674,-39.37500000000001,0.0026000000000000007,2.0029882500314597,0.10604521621938338,0.003393020689410437,-1.2404698961516265,0.008965902291260795,0.4769446058333253
-0.6217735460229801,-35.62500000000001,0.0026000000000000007,2.0730664853747216,0.13373826949319076,0.0042505989681870405,-1.9092967566055714,0.005044184526304857,0.6749461842443649
-0.5563236990731928,-31.875000000000014,0.0026000000000000007,2.2160007020115438,0.16131368121855408,0.005757131225278804,-2.298461717093298,0.0092112566407373,0.8212380908205421
-0.4908738521234055,-28.125000000000018,0.0026000000000000007,2.3562962435031207,0.19045361152108387,0.007318657507750823,-2.5807609607120434,0.019773278947690417,0.9233170539293158
-0.425424005173618,-24.37500000000001,0.0026000000000000007,2.4923975753960637,0.22002034867070688,0.008475126216350765,-2.7840787744715514,0.031648554811566754,0.9792151330299579
-0.3599741582238305,-20.625000000000004,0.0026000000000000007,2.612542251761494,0.24463026402001095,0.00835938520862042,-2.9585527626593393,0.04310627697719614,0.9565450814698173
-0.2945243112740432,-16.875000000000007,0.0026000000000000007,2.665558967829011,0.2545161488146751,0.007398489717117915,-3.0929418946482787,0.04919625879573099,0.8893977242275457
-0.22907446432425593,-13.12500000000001,0.0026000000000000007,2.7020868027816562,0.25683627604954173,0.005128674341907326,3.032899388863209,0.05383206069246534,0.736065753303387
-0.16362461737446865,-9.375000000000014,0.0026000000000000007,2.6842499453681925,0.24940794007491707,0.0029445780296895297,2.843789854414671,0.054127642960173084,0.5802563556196509
-0.09817477042468137,-5.625000000000019,0.0026000000000000007,2.626227522032539,0.23489662586659085,0.0013701448441734406,1.8127507165837144,0.05187172493229699,0.38031908627013733
-0.03272492347489386,-1.8750000000000107,0.0026000000000000007,2.5407887340759165,0.217178119287273,0.002744847538384861,0.7473901473236453,0.04811565621036045,0.11512717583701315
0.03272492347489364,1.8749999999999978,0.0026000000000000007,2.4256615582389034,0.19719702269338318,0.004532836632075779,0.5277636968267506,0.0428714252934332,-0.11512717583701315
0.09817477042468092,5.624999999999994,0.0026000000000000007,2.2459084357624017,0.17069882083929236,0.006196976199480259,0.4172868373427313,0.034819733144947296,-0.38031908627013733
0.1636246173744682,9.37499999999999,0.0026000000000000007,2.1039935897485416,0.15263462892768911,0.006843062753878971,0.3642086862163693,0.028753013478294526,-0.5802563556196509
0.2290744643242555,13.124999999999986,0.0026000000000000007,1.9660210494782693,0.13716677685729006,0.007056472779990681,0.3466219302533163,0.023765716313434472,-0.736065753303387
0.29452431127404277,16.874999999999982,0.0026000000000000007,1.7761612436014653,0.11905729371626775,0.007063622288480675,0.4142060780926591,0.019825214903212336,-0.8893977242275457
0.35997415822383005,20.624999999999975,0.0026000000000000007,1.6559971702916765,0.10791262839572971,0.007054746885723799,0.5483770186758049,0.019139720428170928,-0.9565450814698173
0.42542400517361756,24.374999999999986,0.0026000000000000007,1.5131824423661058,0.09352831440550521,0.007065603216807927,0.7630585431982677,0.01902993227433021,-0.9792151330299579
0.49087385212340506,28.124999999999993,0.0026000000000000007,1.4329791895738049,0.08179782884627305,0.006927487731308411,0.9443245911825296,0.018710940594238973,-0.9233170539293158
0.5563236990731923,31.87499999999999,0.0026000000000000007,1.3947626111910016,0.07127292576986399,0.0065387499715056615,1.1020566852230735,0.017876922577081233,-0.8212380908205421
0.6217735460229796,35.624999999999986,0.0026000000000000007,1.3981203011303567,0.061221140234588134,0.005568455599662391,1.2061481511598995,0.01625121967741606,-0.6749461842443649
0.6872233929727669,39.37499999999998,0.0026000000000000007,1.5260436441981344,0.05086657807469948,0.0038296039369288414,1.2554872087678106,0.014221952980672888,-0.4769446058333253
0.7526732399225542,43.12499999999998,0.0026000000000000007,1.7207826681763556,0.04135994974443717,0.0016209197101046805,0.8332247639203368,0.012146943924863617,-0.24886428034701114
0.8181230868723417,46.874999999999986,0.0026000000000000007,1.990719691693411,0.04068468321151413,0.001749963039063956,-0.4112553004705117,0.01228049580258163,-0.09225023903242136
0.8835729338221292,50.62499999999999,0.0026000000000000007,2.349296027810165,0.0469778166632988,0.0037149551784048,-0.7736318702860275,0.0142104937997809,0.06116732983742601
0.9490227807719163,54.37499999999998,0.0026000000000000007,2.961326273951698,0.06060638312541385,0.006573984464441259,-0.854525691779453,0.01813237657644058,0.23212252907067743
1.0144726277217035,58.12499999999997,0.0026000000000000007,3.5134776229229945,0.06781293529417248,0.00873440232385729,-0.9117860274115602,0.020231897631022688,0.3168770393573701
1.0799224746714913,61.87499999999999,0.0026000000000000007,3.864339555179562,0.07012310251103565,0.010081219363695266,-0.9526824343944802,0.02088886837371882,0.3546320118405939
1.1453723216212786,65.62499999999999,0.0026000000000000007,4.68361759398546,0.0759582536000814,0.012929229695872603,-1.0125134048086397,0.022483322336549656,0.41920887455592215
1.2108221685710658,69.37499999999999,0.0026000000000000007,5.330063382216933,0.08229437149706754,0.014942198356439524,-1.0318196134360345,0.024259521891353462,0.46175586938309987
1.2762720155208531,73.12499999999999,0.0026000000000000007,6.380454164163048,0.09309763137132718,0.01805329833076298,-1.0515152904492644,0.02732349012372411,0.5159569127613342
1.3417218624706404,76.87499999999997,0.0026000000000000007,7.17018697660017,0.09926857178544418,0.020398898494465842,-1.0726924895319276,0.029000600609057365,0.5425785159313339
1.4071717094204277,80.62499999999997,0.0026000000000000007,8.286621152670891,0.1037794431475565,0.0237838459387585,-1.1158377412938552,0.02989495097845355,0.5513209143610265
1.472621556370215,84.37499999999997,0.0026000000000000007,9.435571998719526,0.10966181677358479,0.027262287364044173,-1.1466102498547794,0.031037487345825295,0.5471322355480357
1.5380714033200027,88.12499999999999,0.0026000000000000007,10.396374237784972,0.11525223684627436,0.030128943616798565,-1.1654031784283019,0.03214293607736495,0.19224829845574476
1.60352125026979,91.87499999999999,0.0026000000000000007,11.41909822173637,0.12041665793469157,0.033098211437191834,-1.1847309237852077,0.033004333659651705,0.17400192907891032
1.6689710972195773,95.62499999999999,0.0026000000000000007,12.691199440279156,0.12526053510091897,0.03664692814352599,-1.209614206890703,0.03343955165247075,0.49035002581681475
1.7344209441693645,99.37499999999997,0.0026000000000000007,13.642375288192198,0.12796363127738553,0.039187398545501205,-1.2283814070298702,0.03334734726045478,0.4513497401347415
1.7998707911191518,103.12499999999997,0.0026000000000000007,14.34223460450403,0.1304400813608591,0.04111770040817911,-1.2403887893021863,0.0333076193532067,0.4065234855895081
1.8653206380689396,106.875,0.0026000000000000007,14.89745836030358,0.13321516995487503,0.04269362628160381,-1.2474494123770534,0.03352955450016594,0.37345648160536626
1.9307704850187268,110.62499999999999,0.0026000000000000007,15.593246367454881,0.1366831175586337,0.04461227923194822,-1.2553754133472828,0.033844032707115494,0.3354193749803045
1.9962203319685141,114.37499999999999,0.0026000000000000007,16.15087535344004,0.1394048601594887,0.04605756035001637,-1.2608010562176488,0.03418786204504514,0.3159294596679878
2.0616701789183014,118.12499999999999,0.0026000000000000007,16.791753328336135,0.14273255358296488,0.04763902996491032,-1.2652968735568682,0.03479936034925309,0.3043761019611928
2.1271200258680887,121.87499999999997,0.0026000000000000007,17.08381316658902,0.1442420477677927,0.04835449568890833,-1.2673360923426666,0.035078611168723337,0.2994429692236551
2.192569872817876,125.62499999999997,0.0026000000000000007,17.296021092698382,0.1447090623609467,0.048862000774708765,-1.2706414098766423,0.03495563730010908,0.28085876080453787
2.2580197197676632,129.37499999999997,0.0026000000000000007,17.885135719145573,0.14719521629898696,0.05029130342106602,-1.2765150549203448,0.035192672444158024,0.2502951248624363
2.323469566717451,133.125,0.0026000000000000007,18.208977414369198,0.14818204510047445,0.051004863471388016,-1.2803529183189972,0.03522037748598559,0.2285637802863718
2.3889194136672383,136.87499999999997,0.0026000000000000007,18.146590041833694,0.1469408870811887,0.050754596180827255,-1.2820738120369364,0.03480734971274311,0.2054363555347365
2.4543692606170255,140.62499999999997,0.0026000000000000007,18.49412663384695,0.1484813099596252,0.051565032878010536,-1.2849174932554956,0.03501973345406377,0.17705599836822827
2.519819107566813,144.37499999999997,0.0026000000000000007,18.44832496793214,0.14716324073596815,0.05130534019564693,-1.2870117596548023,0.03461057156888202,0.14781653677014361
2.5852689545166,148.12499999999997,0.0026000000000000007,18.724895346047298,0.14824282379199094,0.05186488267346537,-1.289148475567363,0.03483919845672031,0.13038388258265243
2.6507188014663874,151.87499999999997,0.0026000000000000007,18.80532544235406,0.147879817089414,0.05189976929611127,-1.2911189637311316,0.034729184750768874,0.10771501586030041
2.7161686484161747,155.62499999999997,0.0026000000000000007,18.88506852915561,0.14734773109423993,0.05187710807586757,-1.2933677518401403,0.0346142913469031,0.08850783511210025
2.7816184953659624,159.37499999999997,0.0026000000000000007,18.856152197782603,0.14569548839712568,0.051470226982737795,-1.296211056337812,0.034279926678595106,0.07007792455517503
2.8470683423157497,163.12499999999997,0.0026000000000000007,18.75581642646956,0.14426992598982866,0.051065101541185064,-1.2977895628609495,0.033926829922928316,0.048971283027754
2.912518189265537,166.87499999999997,0.0026000000000000007,18.70206805387969,0.14198890121144975,0.0503978473462927,-1.3015911169431116,0.03358706798648252,0.044075278423850506
2.9779680362153242,170.62499999999997,0.0026000000000000007,18.572817493597334,0.13997521013808165,0.049750680891068405,-1.3039951295989727,0.0332118155395561,0.03292067568978396
3.0434178831651115,174.37499999999997,0.0026000000000000007,18.50614085730051,0.1390850090150191,0.04948456732414236,-1.3049920085979796,0.03299332325520288,0.009473705957542933
3.1088677301148993,178.125,0.0026000000000000007,18.505270044070148,0.13793519814344102,0.04906011452510249,-1.3072753144899825,0.03298883313293758,-0.00030167100083033915
-3.1088677301148993,-178.125,0.003,18.33229737888503,0.13556053854463015,0.0481469708501368,-1.3100250705338412,0.03271066194948947,-0.056029028152774885
-3.0434178831651124,-174.37500000000003,0.003,18.35637119966148,0.13486414301803942,0.04773692583758226,-1.31208717916598,0.03291067822397778,-0.0063313391926875795
-2.9779680362153247,-170.625,0.003,18.3895638493006,0.13480179693341285,0.04770456964047927,-1.3130867914866098,0.032938275477698196,-0.035048628533555615
-2.912518189265537,-166.87499999999997,0.003,18.4916384617167,0.1349369222422625,0.04771835197985669,-1.3155340243154772,0.03307390341890049,-0.05367415742308168
-2.84706834231575,-163.125,0.003,18.521408101867937,0.13418190995342155,0.04730286301470337,-1.3199349141563173,0.033145804629636434,-0.06771586987539635
-2.7816184953659624,-159.37499999999997,0.003,18.591312381674754,0.13431089616409028,0.04733110082263376,-1.321926234390355,0.03320101849251536,-0.09265605072937078
-2.7161686484161756,-155.625,0.003,18.58194679911446,0.13361722186804523,0.0469813596060074,-1.325615246969461,0.033153018668810944,-0.11638740153901495
-2.650718801466388,-151.875,0.003,18.463454161304128,0.13228681137420328,0.046430731200901736,-1.3288589412780276,0.03289394877338186,-0.13955748746614915
-2.585268954516601,-148.12500000000003,0.003,18.339404558426452,0.1309963072855123,0.04592094586508755,-1.3318981610047425,0.03259759730693065,-0.16583488031421822
-2.5198191075668133,-144.375,0.003,18.02675757157894,0.1283823466835233,0.04493504140992723,-1.335152019768165,0.03197248058713943,-0.18622885998836125
-2.4543692606170255,-140.62499999999997,0.003,18.01448719729767,0.12791463128471336,0.044763699868230186,-1.3385269005835645,0.03179288447967822,-0.21877088757814178
-2.3889194136672387,-136.875,0.003,17.606619204680587,0.1245477806626195,0.043589068057048805,-1.3431305379626521,0.030846675383669104,-0.24981129159656845
-2.323469566717451,-133.125,0.003,17.618215596734334,0.12433060147651406,0.04353895014791744,-1.3461361684436528,0.030682335393237965,-0.2751183384859779
-2.258019719767664,-129.37500000000003,0.003,17.24231435917377,0.12117989808258324,0.042419551481633296,-1.3519655126075918,0.029760817161878377,-0.2984866653422422
-2.1925698728178764,-125.625,0.003,16.594764334230856,0.11604571061620537,0.04055959559451702,-1.3603109580886024,0.028310144360777396,-0.3289946573524354
-2.1271200258680896,-121.87500000000003,0.003,16.35534064129926,0.11408991510737684,0.039829642866587904,-1.3650414469829801,0.02771739819341179,-0.3484215693684014
-2.061670178918302,-118.125,0.003,16.05132902018493,0.11174746863767507,0.03898238739058432,-1.3691022689361594,0.027033948145128005,-0.35890703026909065
-1.9962203319685143,-114.375,0.003,15.37835430883677,0.10662168826255053,0.03712041169514132,-1.3787946397610622,0.02550189389569688,-0.38655976577410733
-1.930770485018727,-110.625,0.003,14.786687780183724,0.10215066863438566,0.035530879942961134,-1.3884628601952123,0.024076008215965835,-0.4069451875781702
-1.8653206380689398,-106.875,0.003,14.067600975003199,0.09675404698012867,0.03369100559899353,-1.401233043343716,0.022205854260514538,-0.43369988317994945
-1.7998707911191523,-103.125,0.003,13.614345835415698,0.09338683977783138,0.03254013761523623,-1.411949451907173,0.02090248139946188,-0.46334470967597063
-1.734420944169365,-99.375,0.003,13.377572347134983,0.09183080313211298,0.03173294040941725,-1.4409104870668759,0.019448854549165055,-0.5065037107466157
-1.6689710972195777,-95.625,0.003,12.372621607271121,0.08608270691230946,0.029235521842655463,-1.4861328427326217,0.016212680349490038,-0.5451422277518017
-1.6035212502697904,-91.87500000000001,0.003,11.231637626015809,0.08018496969419879,0.026636715660323308,-1.5269845052773963,0.013024795191288623,-0.08401609938369958
-1.538071403320003,-88.125,0.003,9.797059672649628,0.07113867905310921,0.02333441214532456,-1.545435940366817,0.0102687253630823,-0.16553656782912896
-1.4726215563702156,-84.375,0.003,8.380254976903386,0.06265028709999523,0.020078846008341138,-1.5688666820424886,0.007490049538753665,-0.599164030785472
-1.4071717094204284,-80.62500000000001,0.003,7.298951336925863,0.05810655738374354,0.017743117816482502,-1.6086351368044747,0.00506361153037697,-0.5975461898718288
-1.3417218624706408,-76.875,0.003,6.203233800095046,0.05426782228628693,0.015320116362446345,-1.656762296211279,0.0035689544630666797,-0.5736525568089252
-1.2762720155208536,-73.125,0.003,5.445091874812802,0.049789178853025244,0.013385154172548422,-1.6752859686355503,0.003120270639879266,-0.5348204025752059
-1.2108221685710663,-69.37500000000001,0.003,4.4837300640268065,0.04279534853753787,0.010731944169390013,-1.6890367524228607,0.0026585772944552177,-0.46560446251194865
-1.145372321621279,-65.62500000000001,0.003,3.914981724805632,0.03826913987609718,0.009023367690115983,-1.6927937382798703,0.0023874157053878514,-0.41296099161675004
-1.0799224746714915,-61.87500000000001,0.003,3.2129016111855933,0.03271840060041408,0.006817950113219674,-1.680892314986572,0.0023002625222378,-0.3347323657216008
-1.0144726277217042,-58.12500000000001,0.003,2.9242013786540735,0.030313080593992608,0.005803410707835389,-1.6517401816438855,0.0024214848295096656,-0.2923562779269351
-0.9490227807719169,-54.375000000000014,0.003,2.4943063891887407,0.027043806907467462,0.00416418605746336,-1.5193951136480734,0.0028633661215276165,-0.20724793869885438
-0.8835729338221296,-50.62500000000002,0.003,2.087776999690095,0.03547523968644599,0.0028496140836016307,-1.0452707144086877,0.0056900360651957575,-0.05055136576011021
-0.8181230868723421,-46.87500000000001,0.003,1.8981267892279288,0.051477149812249996,0.00284939442436201,-0.7589477229073965,0.008289194275302234,0.08680716078810446
-0.7526732399225546,-43.125,0.003,1.792175841169003,0.06833080890613684,0.002982081882059761,-0.8624524107506386,0.00939504874010959,0.22514961999818373
-0.6872233929727674,-39.37500000000001,0.003,1.8166476017599658,0.09402144230024767,0.003436074568420458,-1.400049928859528,0.008163516122603092,0.4241645074926155
-0.6217735460229801,-35.62500000000001,0.003,1.8752402880620151,0.11841137695431599,0.004851560164061876,-2.000865818942504,0.00439326071432839,0.5965200747506243
-0.5563236990731928,-31.875000000000014,0.003,2.0017717975504246,0.14298363287076868,0.006772345454614699,-2.3207057304088208,0.007818248110223098,0.7249420978254641
-0.4908738521234055,-28.125000000000018,0.003,2.126273041389633,0.16929849228229255,0.008766032899114231,-2.5583204433967195,0.017433997008265926,0.8146924153252044
-0.425424005173618,-24.37500000000001,0.003,2.247697992727651,0.19639280061407902,0.01036207259457349,-2.7337048911629274,0.028346788577178282,0.8639346184550105
-0.3599741582238305,-20.625000000000004,0.003,2.356067749882492,0.21967730765922075,0.01080119883385019,-2.893016214245801,0.039096370481438464,0.8443487316543183
-0.2945243112740432,-16.875000000000007,0.003,2.4053720853015688,0.22967669552740339,0.010240592441727578,-3.008983545937247,0.04495832045272317,0.7854730902711953
-0.22907446432425593,-13.12500000000001,0.003,2.4436156233076476,0.23302428663752345,0.008477318732171751,-3.1239541835794213,0.049404135562234136,0.651658897717909
-0.16362461737446865,-9.375000000000014,0.003,2.4286960264648436,0.22657108539214224,0.0065029011742864596,3.0854406241810532,0.04967232380780255,0.5157714662934958
-0.09817477042468137,-5.625000000000019,0.003,2.3748122710025785,0.21376998840355158,0.004338427401575174,2.852437825817139,0.04790297367390235,0.33812908630104044
-0.03272492347489386,-1.8750000000000107,0.003,2.2568786067770445,0.19286824499476168,0.0029238942786692338,2.2042870878626895,0.043493884332887915,0.04827965191173922
0.03272492347489364,1.8749999999999978,0.003,2.2085989548653053,0.1801024871755213,0.003003925416453275,1.3143811223024309,0.039754331664564595,-0.04827965191173922
0.09817477042468092,5.624999999999994,0.003,2.036683184701538,0.15564593386829068,0.004304208466455991,0.9078799608591077,0.03224517531993318,-0.33812908630104044
0.1636246173744682,9.37499999999999,0.003,1.9129245601713478,0.13950558258809576,0.005139115468526028,0.7187917893206023,0.026469515960208984,-0.5157714662934958
0.2290744643242555,13.124999999999986,0.003,1.7919567255897386,0.12599023419787156,0.005692571620930102,0.6249029942679655,0.021756006389569957,-0.651658897717909
0.29452431127404277,16.874999999999982,0.003,1.6198989950303735,0.11035516766396437,0.006295465090103802,0.6439681195471924,0.01841553751397551,-0.7854730902711953
0.35997415822383005,20.624999999999975,0.003,1.5117190182281737,0.10081338151035965,0.0067153622084592315,0.7375848653814532,0.017982348036042584,-0.8443487316543183
0.42542400517361756,24.374999999999986,0.003,1.3837633742726403,0.0883863283916823,0.007122325642087327,0.8852817679869246,0.018048878331702073,-0.8639346184550105
0.49087385212340506,28.124999999999993,0.003,1.3115806260644285,0.07785521784630504,0.007124349182303022,1.0189951845252858,0.017795163174176912,-0.8146924153252044
0.5563236990731923,31.87499999999999,0.003,1.2768296997249604,0.06812936148139669,0.006770085447067535,1.1428566752119722,0.01701499015151424,-0.7249420978254641
0.6217735460229796,35.624999999999986,0.003,1.2787202133113909,0.05855292150121563,0.005794564797791917,1.2355578761952377,0.015450211920737053,-0.5965200747506243
0.6872233929727669,39.37499999999998,0.003,1.3924830942673503,0.0483857873706417,0.004048943969028221,1.3031592832438696,0.01342624440592753,-0.4241645074926155
0.7526732399225542,43.12499999999998,0.003,1.5670262211708192,0.038313815285909464,0.0016835867482769902,1.0519356085636178,0.011166511631963399,-0.22514961999818373
0.8181230868723417,46.874999999999986,0.003,1.8113196284398243,0.036295914452334405,0.0012918008371872742,-0.35595186908530024,0.010936216231373119,-0.08680716078810446
0.8835729338221292,50.62499999999999,0.003,2.138328365450205,0.041222051780157185,0.003181615452397818,-0.8303944649899225,0.012511489419352349,0.05055136576011021
0.9490227807719163,54.37499999999998,0.003,2.701554327887595,0.05404942615078582,0.005945505476632018,-0.8956745928949242,0.016214635301096778,0.20724793869885438
1.0144726277217035,58.12499999999997,0.003,3.2165576565810086,0.06169104217274978,0.008013059839709381,-0.936741902747817,0.018424435818968608,0.2923562779269351
1.0799224746714913,61.87499999999999,0.003,3.547633976907194,0.06450373558438618,0.009308420126939828,-0.9702476605250575,0.019213812972214434,0.3347323657216008
1.1453723216212786,65.62499999999999,0.003,4.327942716422382,0.07116748267348816,0.012036957979292282,-1.0197346533603222,0.021046789983362468,0.41296099161675004
1.2108221685710658,69.37499999999999,0.003,4.949334526538755,0.07778898677133297,0.01397783425940968,-1.0349276657898543,0.02291391690122869,0.46560446251194865
1.2762720155208531,73.12499999999999,0.003,5.979912277388008,0.08934992300789343,0.017037086562239855,-1.0492939169081947,0.026213043453270246,0.5348204025752059
1.3417218624706404,76.87499999999997,0.003,6.7768863569039715,0.09653469338105042,0.019397429070386742,-1.0667958638484205,0.02821193909578735,0.5736525568089252
1.4071717094204277,80.62499999999997,0.003,7.896497526797692,0.10155031034922721,0.022771121842306827,-1.109457510694336,0.029310246685886252,0.5975461898718288
1.472621556370215,84.37499999999997,0.003,8.979419007688858,0.10673571709362857,0.02607345384191733,-1.1414978834420224,0.03028183175479228,0.599164030785472
1.5380714033200027,88.12499999999999,0.003,9.962596240478756,0.11415111073046624,0.029068863532195684,-1.155917506631305,0.03198399387527679,0.16553656782912896
1.60352125026979,91.87499999999999,0.003,11.315653725399509,0.12557335108372294,0.03316493520756667,-1.1684413444552186,0.034713221905762655,0.08401609938369958
1.6689710972195773,95.62499999999999,0.003,12.917763835022923,0.13278273605705135,0.03780748572552575,-1.1981598275796739,0.03562046977234895,0.5451422277518017
1.7344209441693645,99.37499999999997,0.003,13.884076057881598,0.13297382760565596,0.04030892682210625,-1.224248382072581,0.034600803566356274,0.5065037107466157
1.7998707911191518,103.12499999999997,0.003,14.077690545091668,0.1287153126907358,0.040519577336288644,-1.240395439980346,0.03279166978909101,0.46334470967597063
1.8653206380689396,106.875,0.003,14.501300858183148,0.13040213106938264,0.04168299647105812,-1.246820488385192,0.03281423674032679,0.43369988317994945
1.9307704850187268,110.62499999999999,0.003,15.193632967761895,0.13393231407492134,0.04358353195535104,-1.2544414225284468,0.03318364994265525,0.4069451875781702
1.9962203319685141,114.37499999999999,0.003,15.764914074610877,0.13671735995719542,0.04505998369129216,-1.2600437515011262,0.0335413191798525,0.38655976577410733
2.0616701789183014,118.12499999999999,0.003,16.41023605045402,0.1399466546601553,0.046652288339373925,-1.2650642911864758,0.03409350212895929,0.35890703026909065
2.1271200258680887,121.87499999999997,0.003,16.703762210667662,0.14143888095694696,0.04736731160505563,-1.2671407074846768,0.034366753652764336,0.3484215693684014
2.192569872817876,125.62499999999997,0.003,16.92375899158329,0.1419845379076528,0.04787752984266483,-1.2702795090429062,0.034301879058508504,0.3289946573524354
2.2580197197676632,129.37499999999997,0.003,17.54080102451601,0.14474097673074685,0.04937993056444679,-1.2759946590393645,0.03462919084718032,0.2984866653422422
2.323469566717451,133.125,0.003,17.893333935220312,0.1459629198515771,0.05016883517653361,-1.2798161766398395,0.034723386963311446,0.2751183384859779
2.3889194136672383,136.87499999999997,0.003,17.856430496277156,0.1448729781298018,0.049984363725627555,-1.2816425989900548,0.03433966565687074,0.24981129159656845
2.4543692606170255,140.62499999999997,0.003,18.23325808487581,0.14658615160883365,0.05086389718754031,-1.2846354585542883,0.0345939499482717,0.21877088757814178
2.519819107566813,144.37499999999997,0.003,18.212986431567302,0.1454132807807293,0.05066074750847193,-1.2868420069324311,0.03422323572454116,0.18622885998836125
2.5852689545166,148.12499999999997,0.003,18.50523943874067,0.14657850932889785,0.05125740460200704,-1.289065483979538,0.03447092292270922,0.16583488031421822
2.6507188014663874,151.87499999999997,0.003,18.603011648770277,0.14631344594189882,0.05133352156599069,-1.2911437398292382,0.03437906406520957,0.13955748746614915
2.7161686484161747,155.62499999999997,0.003,18.698334200653473,0.14587248552103343,0.0513500461545861,-1.2935144209748903,0.03427757712538777,0.11638740153901495
2.7816184953659624,159.37499999999997,0.003,18.683968432404125,0.1443028865748759,0.05098353326189285,-1.2965573342401426,0.03394397447283367,0.09265605072937078
2.8470683423157497,163.12499999999997,0.003,18.589123971743334,0.14292271772603612,0.05060673530296139,-1.2982313942298804,0.03357844789940944,0.06771586987539635
2.912518189265537,166.87499999999997,0.003,18.545312619139782,0.1408315925695374,0.05002702459532309,-1.3021282052101362,0.033211478865535465,0.05367415742308168
2.9779680362153242,170.62499999999997,0.003,18.424612477834156,0.1390072109383709,0.0494729763922484,-1.304481155772827,0.03281157528486601,0.035048628533555615
3.0434178831651115,174.37499999999997,0.003,18.36270253885417,0.138289696187911,0.04927955295847651,-1.305277970069346,0.032586968251822994,0.0063313391926875795
3.1088677301148993,178.125,0.003,18.388326407037805,0.13730268365378792,0.048902825910561366,-1.3073063003562089,0.03266224050805614,0.056029028152774885
-3.1088677301148993,-178.125,0.0034000000000000002,17.837909357536592,0.1318707428106521,0.04685482860857861,-1.3103915541588844,0.031784400932364135,0.007427321366890283
-3.0434178831651124,-174.37500000000003,0.0034000000000000002,17.86099021714556,0.1307885763437492,0.04619206500775955,-1.3136285264288687,0.03209491158448021,0.000648765544095653
-2.9779680362153247,-170.625,0.0034000000000000002,17.879713711505012,0.13097122187566673,0.04630620540105174,-1.3133146332743268,0.03205240400122531,-0.040764736164209836
-2.912518189265537,-166.87499999999997,0.0034000000000000002,17.966531791226657,0.13114918854436752,0.04637794014159777,-1.315336566723228,0.03211797643388423,-0.06731679823066372
-2.84706834231575,-163.125,0.0034000000000000002,17.997113507032132,0.1303961577208165,0.04598083383498764,-1.3198208077668414,0.03216586088873929,-0.08487101444103118
-2.7816184953659624,-159.37499999999997,0.0034000000000000002,18.064014916606247,0.13047144699525914,0.045980563720617894,-1.322037968721166,0.03222351562957386,-0.10914195467832499
-2.7161686484161756,-155.625,0.0034000000000000002,18.045099934055706,0.12968737171090058,0.045586003847201725,-1.325896162170184,0.03216220708154143,-0.13474801732640174
-2.650718801466388,-151.875,0.0034000000000000002,17.921411590540593,0.12830924604869604,0.045005000935439424,-1.3293578039767748,0.031901356191111126,-0.1595492416109323
-2.585268954516601,-148.12500000000003,0.0034000000000000002,17.781008981412363,0.12689866016740312,0.044443095843654475,-1.332548634201894,0.031580682696795086,-0.1879523150117457
-2.5198191075668133,-144.375,0.0034000000000000002,17.46023203848928,0.12423069901547071,0.04342619685855907,-1.3359501901263202,0.03094591440169593,-0.21050600782479023
-2.4543692606170255,-140.62499999999997,0.0034000000000000002,17.420455558145026,0.12357085831783994,0.04317055633532317,-1.339490775094775,0.030727761191188002,-0.24501309894793977
-2.3889194136672387,-136.875,0.0034000000000000002,16.978341970182438,0.11998703709287234,0.041907039293570814,-1.344082601962471,0.029729763792660745,-0.27877325098349104
-2.323469566717451,-133.125,0.0034000000000000002,16.961883633279147,0.11958963910926988,0.041783441933656414,-1.3470614401025356,0.029530502027115393,-0.30575076604158724
-2.258019719767664,-129.37500000000003,0.0034000000000000002,16.563033866079742,0.11636173626321708,0.04059137584811811,-1.3524163560005895,0.02864049247380919,-0.32819240458350407
-2.1925698728178764,-125.625,0.0034000000000000002,15.944281558608868,0.11155105376065268,0.038762860380943134,-1.3601891874128822,0.02735549025974793,-0.3517374686286949
-2.1271200258680896,-121.87500000000003,0.0034000000000000002,15.791330782559617,0.11014682584998808,0.03821269179381367,-1.3663025519596506,0.026860736030028736,-0.37111062673901607
-2.061670178918302,-118.125,0.0034000000000000002,15.49975317992808,0.10787722972697537,0.03736522041857435,-1.3712703754314224,0.026174921599077524,-0.40498074170425546
-1.9962203319685143,-114.375,0.0034000000000000002,14.786233641524648,0.10250317717562761,0.035380335308773,-1.3820348055539369,0.024564473573270983,-0.499706682998621
-1.930770485018727,-110.625,0.0034000000000000002,14.203781512959877,0.09816794877602777,0.0337979012055762,-1.3922449123530103,0.02317938125780526,-0.49737115053669534
-1.8653206380689398,-106.875,0.0034000000000000002,13.51960198949256,0.09314340135323826,0.032013234063337594,-1.4047334558705,0.021486070886552206,-0.43373934571111405
-1.7998707911191523,-103.125,0.0034000000000000002,13.26833489180544,0.09132878570428371,0.03126672720392643,-1.4161288259203,0.020666475216182714,-0.48072758417570327
-1.734420944169365,-99.375,0.0034000000000000002,13.743572611382755,0.09576616511724756,0.031755289694557355,-1.4623711795133254,0.02041469223429717,-0.5730191602244474
-1.6689710972195777,-95.625,0.0034000000000000002,12.423002119865217,0.08868431628036097,0.028630075549297043,-1.5148020016458674,0.016587427192342116,-0.6168390576350227
-1.6035212502697904,-91.87500000000001,0.0034000000000000002,11.250880539194887,0.08409118251305525,0.02626779625467259,-1.5709674580540403,0.012832757369980413,0.016881323603200826
-1.538071403320003,-88.125,0.0034000000000000002,9.32205962552309,0.06987629753283872,0.02203483827142086,-1.5734347066174927,0.009415550385592551,-0.060710598383140635
-1.4726215563702156,-84.375,0.0034000000000000002,7.890663598539698,0.05998576786967796,0.0188331228481955,-1.5806156684429444,0.006755364129364047,-0.6358313129404909
-1.4071717094204284,-80.62500000000001,0.0034000000000000002,7.0518320709645925,0.06006946217664968,0.01738026859520133,-1.6473283971121142,0.004532039098295402,-0.638896009677036
-1.3417218624706408,-76.875,0.0034000000000000002,5.715602731423732,0.05287622608948267,0.01420676443470743,-1.6835765821932855,0.0035843140737082143,-0.5791393220276344
-1.2762720155208536,-73.125,0.0034000000000000002,4.927596653578947,0.04678938031979084,0.012102599209166901,-1.6921779705214852,0.0031189027173230276,-0.5216165917171374
-1.2108221685710663,-69.37500000000001,0.0034000000000000002,4.036382909033795,0.04012376382741866,0.009667173226499575,-1.7074164434939172,0.002805041415002531,-0.438327738811644
-1.145372321621279,-65.62500000000001,0.0034000000000000002,3.526810150604909,0.03658014330266429,0.008216021031378603,-1.721226520866804,0.002797716905891374,-0.37855641433623255
-1.0799224746714915,-61.87500000000001,0.0034000000000000002,2.899204921277922,0.03218747603265945,0.006325143108353362,-1.7310957136430638,0.002933540121495379,-0.2918165584007206
-1.0144726277217042,-58.12500000000001,0.0034000000000000002,2.639309630919487,0.030044626183270425,0.005428278996484085,-1.7157666974776535,0.002958832841001581,-0.24747336160805267
-0.9490227807719169,-54.375000000000014,0.0034000000000000002,2.2505341990093077,0.02653989877434689,0.0039428704984010845,-1.6178468885973951,0.00292090442021469,-0.16693000567456018
-0.8835729338221296,-50.62500000000002,0.0034000000000000002,1.8775952212139788,0.03173734657839167,0.0025832030482494496,-1.1970312766192455,0.00479658313807182,-0.03093105188547418
-0.8181230868723421,-46.87500000000001,0.0034000000000000002,1.7043147481554715,0.045013719603772366,0.002492354115832982,-0.8886620992942116,0.007098672072833176,0.08942638349416221
-0.7526732399225546,-43.125,0.0034000000000000002,1.6099533137377084,0.059694638606793075,0.002671525751748736,-0.9894301439637706,0.00818848125648819,0.21191371114112667
-0.6872233929727674,-39.37500000000001,0.0034000000000000002,1.621616598644067,0.08197147668245987,0.003327339180364896,-1.5220648114110384,0.007293236570984825,0.3773027663571933
-0.6217735460229801,-35.62500000000001,0.0034000000000000002,1.6596335706505396,0.10287343986685481,0.004950463684942283,-2.0624975734296456,0.004020845118811221,0.5149705837974641
-0.5563236990731928,-31.875000000000014,0.0034000000000000002,1.7671463585416318,0.12422059072119136,0.007011980190881721,-2.347692381186491,0.006468594370450179,0.6241563975674038
-0.4908738521234055,-28.125000000000018,0.0034000000000000002,1.8741731661251704,0.1472948685716768,0.009216647250866915,-2.567919704085492,0.014779677506096756,0.7012117036029817
-0.425424005173618,-24.37500000000001,0.0034000000000000002,1.979193339399503,0.17128430547500956,0.011088284102598928,-2.7329663069957593,0.024404912324340267,0.7437307366727872
-0.3599741582238305,-20.625000000000004,0.0034000000000000002,2.0740464955301943,0.19241004522550312,0.011988240048014572,-2.889514309235246,0.034132057542610277,0.7277074925592861
-0.2945243112740432,-16.875000000000007,0.0034000000000000002,2.1214561910832503,0.20253541394382177,0.011877241662198557,-3.0096663462851585,0.03979353986094841,0.6773609614161216
-0.22907446432425593,-13.12500000000001,0.0034000000000000002,2.1961323505139734,0.20975495957497692,0.01084277016933257,-3.1276281255606535,0.04437381650021274,0.5701214419764111
-0.16362461737446865,-9.375000000000014,0.0034000000000000002,2.1745472524257177,0.2023538309521593,0.00902943299715434,3.127140883893336,0.04389367535571302,0.45555965659222597
-0.09817477042468137,-5.625000000000019,0.0034000000000000002,2.100117130510511,0.18973545386407467,0.007039565230072152,2.9530155905778095,0.04280985830281381,0.29382611890996846
-0.03272492347489386,-1.8750000000000107,0.0034000000000000002,2.001917391007538,0.17024035291195078,0.004743029553696799,2.5192850639115676,0.038811698079867334,0.0922730022065732
0.03272492347489364,1.8749999999999978,0.0034000000000000002,1.9096443888009649,0.15398450767798108,0.0038732240889548177,2.0056565578979746,0.03428366269088048,-0.0922730022065732
0.09817477042468092,5.624999999999994,0.0034000000000000002,1.8062910116005424,0.1379670435028861,0.003844018766290752,1.5070809124102815,0.028914059379574163,-0.29382611890996846
0.1636246173744682,9.37499999999999,0.0034000000000000002,1.7189875958334917,0.12492783913833994,0.0042399271505177815,1.122556095768932,0.023553697703670894,-0.45555965659222597
0.2290744643242555,13.124999999999986,0.0034000000000000002,1.6260109085375622,0.11407653027859435,0.004776039026888619,0.8670168434255398,0.018939261914672847,-0.5701214419764111
0.29452431127404277,16.874999999999982,0.0034000000000000002,1.4440952296671288,0.09940629554477463,0.005794586757205539,0.8502793123302925,0.01673852970388388,-0.6773609614161216
0.35997415822383005,20.624999999999975,0.0034000000000000002,1.3463390029709081,0.09142637450104005,0.006463019305884722,0.8971095219050971,0.016619014720442478,-0.7277074925592861
0.42542400517361756,24.374999999999986,0.0034000000000000002,1.2354626027267157,0.08123960658807958,0.007063017578953763,0.9764417967118832,0.01681278580038653,-0.7437307366727872
0.49087385212340506,28.124999999999993,0.0034000000000000002,1.1729614625221887,0.07224016635080059,0.007138370052282852,1.0705757150904542,0.016626588658234586,-0.7012117036029817
0.5563236990731923,31.87499999999999,0.0034000000000000002,1.142989960974228,0.06367952761746028,0.006815032217114002,1.1674961358282254,0.01592730505494039,-0.6241563975674038
0.6217735460229796,35.624999999999986,0.0034000000000000002,1.1446629868530755,0.05495710230133135,0.005870138021192648,1.2484543054252455,0.01447417208420911,-0.5149705837974641
0.6872233929727669,39.37499999999998,0.0034000000000000002,1.2443138322868736,0.045426936204273766,0.004182491443362179,1.3206156666733733,0.01253880103720224,-0.3773027663571933
0.7526732399225542,43.12499999999998,0.0034000000000000002,1.3980396025965818,0.035475011021920515,0.001830261830724999,1.1753467522306476,0.01025846616733596,-0.21191371114112667
0.8181230868723417,46.874999999999986,0.0034000000000000002,1.6148883646613093,0.03277780471153277,0.0009827710282055357,-0.16653750449982585,0.00982460233167775,-0.08942638349416221
0.8835729338221292,50.62499999999999,0.0034000000000000002,1.908526273099453,0.036795432656141366,0.0026846569965265025,-0.8378536400238167,0.01115399785848235,0.03093105188547418
0.9490227807719163,54.37499999999998,0.0034000000000000002,2.417464204683868,0.048954744839216115,0.005286480917470648,-0.9042312387226336,0.014666327961658896,0.16693000567456018
1.0144726277217035,58.12499999999997,0.0034000000000000002,2.8867829925275394,0.056941998042309726,0.007194632902141269,-0.9339730166318695,0.016972016606111057,0.24747336160805267
1.0799224746714913,61.87499999999999,0.0034000000000000002,3.1910214796786427,0.06007909760024877,0.008380025366073017,-0.962369775820312,0.017863950477699453,0.2918165584007206
1.1453723216212786,65.62499999999999,0.0034000000000000002,3.9053665649411418,0.06636259642248288,0.010865771693935964,-1.011229200984834,0.019628705663588205,0.37855641433623255
1.2108221685710658,69.37499999999999,0.0034000000000000002,4.474710647845439,0.07210175955088026,0.012664922106257021,-1.0304608502027446,0.021250326946184717,0.438327738811644
1.2762720155208531,73.12499999999999,0.0034000000000000002,5.449213245296084,0.08359213447225816,0.015589127233015967,-1.0436122545018114,0.024534283296688837,0.5216165917171374
1.3417218624706404,76.87499999999997,0.0034000000000000002,6.294742053451366,0.09379611196686635,0.018104277563125038,-1.0513636057677245,0.02744876424747123,0.5791393220276344
1.4071717094204277,80.62499999999997,0.0034000000000000002,7.6907280806416285,0.10566939100170845,0.022290027997932907,-1.0831418303133002,0.03066359504627161,0.638896009677036
1.472621556370215,84.37499999999997,0.0034000000000000002,8.526494911480189,0.10391174730006056,0.024851069877515914,-1.1334995226977052,0.02957552466088391,0.6358313129404909
1.5380714033200027,88.12499999999999,0.0034000000000000002,9.382770223906231,0.11157274964045652,0.02755413092676959,-1.143751798569443,0.031425466906419564,0.060710598383140635
1.60352125026979,91.87499999999999,0.0034000000000000002,11.233999215591686,0.13371836649480442,0.03346658519397059,-1.1455995589338177,0.037275651131836424,-0.016881323603200826
1.6689710972195773,95.62499999999999,0.0034000000000000002,13.03984117750024,0.14175593042961893,0.03895091915862886,-1.1832490181884614,0.03816966955689658,0.6168390576350227
1.7344209441693645,99.37499999999997,0.0034000000000000002,14.316591771607202,0.14376582341419256,0.042426063388509745,-1.2128510889489175,0.037457068480168484,0.5730191602244474
1.7998707911191518,103.12499999999997,0.0034000000000000002,13.749062475981143,0.1275660278752386,0.03991000061029423,-1.2379126553988025,0.03241907085453688,0.48072758417570327
1.8653206380689396,106.875,0.0034000000000000002,13.953341335203675,0.1270874273424054,0.04036499772858932,-1.2443400946796235,0.031974616087326935,0.43373934571111405
1.9307704850187268,110.62499999999999,0.0034000000000000002,14.701152663496572,0.13133772224667475,0.042435153038765334,-1.2515595707561789,0.03256942057909813,0.49737115053669534
1.9962203319685141,114.37499999999999,0.0034000000000000002,15.285940324523269,0.13393901100631042,0.043931056581428686,-1.2581111948335115,0.032840059952408907,0.499706682998621
2.0616701789183014,118.12499999999999,0.0034000000000000002,15.904733921632335,0.13646927260737005,0.04543565253971591,-1.264771858659318,0.033107649159421625,0.40498074170425546
2.1271200258680887,121.87499999999997,0.0034000000000000002,16.162441409298633,0.1374546336312364,0.04603569079419099,-1.267505516544108,0.0332196207694327,0.37111062673901607
2.192569872817876,125.62499999999997,0.0034000000000000002,16.296019027237563,0.1371329924240165,0.04625571979789963,-1.2707371675730665,0.03298132007645532,0.3517374686286949
2.2580197197676632,129.37499999999997,0.0034000000000000002,16.891226270663246,0.1398317070483007,0.04765323882711912,-1.275684383614387,0.03341579473299068,0.32819240458350407
2.323469566717451,133.125,0.0034000000000000002,17.267634399320734,0.1413269368225731,0.04850271610710742,-1.2792127108816103,0.033616299308395395,0.30575076604158724
2.3889194136672383,136.87499999999997,0.0034000000000000002,17.25711522116593,0.14046503997917817,0.04838767629093907,-1.2810440254377646,0.03329584166862884,0.27877325098349104
2.4543692606170255,140.62499999999997,0.0034000000000000002,17.665468657092966,0.1424594128875895,0.04936121401489989,-1.2840224871981791,0.03362039327023244,0.24501309894793977
2.519819107566813,144.37499999999997,0.0034000000000000002,17.67073804631407,0.1414346105987328,0.049217215008023764,-1.2863259883454397,0.03328780142859314,0.21050600782479023
2.5852689545166,148.12499999999997,0.0034000000000000002,17.96896129642411,0.14261155062105138,0.049822762572842794,-1.2886934053351815,0.0335380905666481,0.1879523150117457
2.6507188014663874,151.87499999999997,0.0034000000000000002,18.080960832151526,0.1424166458793709,0.04992915907113243,-1.2908636140330552,0.033464660073926594,0.1595492416109323
2.7161686484161747,155.62499999999997,0.0034000000000000002,18.179847951382108,0.14194304272117503,0.049940142005729694,-1.2934067524879338,0.03336040070520066,0.13474801732640174
2.7816184953659624,159.37499999999997,0.0034000000000000002,18.173156871284572,0.14036454492200806,0.049580472222659766,-1.2966687811104418,0.03302599275008298,0.10914195467832499
2.8470683423157497,163.12499999999997,0.0034000000000000002,18.081984521473164,0.13892126549079098,0.04918540575999331,-1.2986174349310038,0.03265553328660017,0.08487101444103118
2.912518189265537,166.87499999999997,0.0034000000000000002,18.03384858945732,0.1367957993878444,0.04860401173155379,-1.302753691949329,0.03225643745187392,0.06731679823066372
2.9779680362153242,170.62499999999997,0.0034000000000000002,17.920478447669222,0.13529514565198444,0.048169677295148094,-1.3047233405474443,0.031853483347908856,0.040764736164209836
3.0434178831651115,174.37499999999997,0.0034000000000000002,17.860341451601464,0.1352305601846835,0.0481995096348439,-1.3042427217322508,0.03165393569740827,-0.000648765544095653
3.1088677301148993,178.125,0.0034000000000000002,17.830482036169702,0.13432485574085687,0.04788720496560327,-1.305193700122043,0.03159912571562982,-0.007427321366890283
-3.1088677301148993,-178.125,0.0038000000000000004,17.325780322956618,0.12742128001813635,0.04519789528330443,-1.3126440944330018,0.030908605983557318,0.03844718522696766
-3.0434178831651124,-174.37500000000003,0.0038000000000000004,17.211755471490253,0.12484383437253839,0.04374522535740425,-1.3194379873365436,0.031158182432672342,0.02536310489868754
-2.9779680362153247,-170.625,0.0038000000000000004,17.04589180001715,0.12460457079850211,0.04398313913693041,-1.314332438843043,0.03059668698936749,-0.04023579925328846
-2.912518189265537,-166.87499999999997,0.0038000000000000004,17.086376376531426,0.12488341825866868,0.04419240088244702,-1.3146657290170658,0.03050081234661089,-0.07520570879202282
-2.84706834231575,-163.125,0.0038000000000000004,17.182900652052716,0.1244214473999266,0.04387190535348789,-1.3202722120956052,0.03067443024867431,-0.0838145078158874
-2.7816184953659624,-159.37499999999997,0.0038000000000000004,17.25805317225141,0.1245128899362717,0.04382532942696295,-1.3228190745711077,0.03079704731792875,-0.10026824325116834
-2.7161686484161756,-155.625,0.0038000000000000004,17.248278936706377,0.12382599646506873,0.04343846197888341,-1.3268111624355436,0.030783546413164293,-0.12448948699968199
-2.650718801466388,-151.875,0.0038000000000000004,17.16200898581766,0.12272925336864779,0.04291323752913775,-1.330614572943818,0.030626381969110522,-0.14690668758948178
-2.585268954516601,-148.12500000000003,0.0038000000000000004,17.020290979246663,0.121351910382648,0.042343476955375235,-1.3338204683783013,0.030326347110049306,-0.17431008590305197
-2.5198191075668133,-144.375,0.0038000000000000004,16.73413404240847,0.11896719311522029,0.041401741322070945,-1.3374004448700465,0.02977525738304982,-0.197272673065239
-2.4543692606170255,-140.62499999999997,0.0038000000000000004,16.712681920912008,0.11847290997991597,0.04114854058956187,-1.3412199698505707,0.029642184136541416,-0.22828886700605366
-2.3889194136672387,-136.875,0.0038000000000000004,16.236790625228256,0.11474894734484589,0.03984023784034481,-1.3450602213413612,0.028615126066731056,-0.26889484008714604
-2.323469566717451,-133.125,0.0038000000000000004,16.23287043154325,0.11448295281277893,0.03973321865361588,-1.347826924559813,0.028475024112629473,-0.30233933791851086
-2.258019719767664,-129.37500000000003,0.0038000000000000004,15.87658343139913,0.11161554176984967,0.03860917070477504,-1.35344842550487,0.02771759649732099,-0.33257240230332386
-2.1925698728178764,-125.625,0.0038000000000000004,15.456080312287297,0.1082460342601314,0.037226177015932754,-1.3622540860478585,0.026799957644878802,-0.3711006543422197
-2.1271200258680896,-121.87500000000003,0.0038000000000000004,15.85807854681085,0.11081470521289684,0.03768776183647985,-1.3747968246738989,0.02739365207285803,-0.34089890525515365
-2.061670178918302,-118.125,0.0038000000000000004,15.562763026164015,0.10864997625739127,0.0367532383712399,-1.381777962256832,0.02676146309073124,-0.42426430693103256
-1.9962203319685143,-114.375,0.0038000000000000004,14.522065749537088,0.10104638950195455,0.034162618745105545,-1.3901545935518997,0.024519527912737257,-0.7032658871843083
-1.930770485018727,-110.625,0.0038000000000000004,14.059910868234416,0.0976815772464472,0.032857550016360364,-1.4024625596584097,0.02334717342444046,-0.5509142466168875
-1.8653206380689398,-106.875,0.0038000000000000004,13.282585014626017,0.09206080305898666,0.03089848392217802,-1.4163335023473451,0.021417391014586708,-0.16640891519212886
-1.7998707911191523,-103.125,0.0038000000000000004,12.736774450649806,0.08822342626577005,0.029506644025643607,-1.4262341511851404,0.02008961101533107,-0.4251551437702421
-1.734420944169365,-99.375,0.0038000000000000004,12.613185475534898,0.08853657347591179,0.028675296849828395,-1.4659490243699653,0.01904314370316205,-0.6599905261998273
-1.6689710972195777,-95.625,0.0038000000000000004,11.07967760747995,0.0789827950969508,0.02511352672982413,-1.5042910132727318,0.015320406144142727,-0.6836034722667605
-1.6035212502697904,-91.87500000000001,0.0038000000000000004,9.617772554209223,0.07076303059500778,0.022210857962877636,-1.553329590716466,0.011028771342077186,-0.895993057199787
-1.538071403320003,-88.125,0.0038000000000000004,8.535691027021862,0.06383846965760817,0.020093325696982023,-1.5699267914113397,0.008476630844689075,-0.45428862569989903
-1.4726215563702156,-84.375,0.0038000000000000004,7.360201263755631,0.05619748160785582,0.017583988056653208,-1.5815632372813326,0.005969986702512921,-0.6368017893103719
-1.4071717094204284,-80.62500000000001,0.0038000000000000004,6.764722360413671,0.06088464357557053,0.016835070377197173,-1.6744229682868526,0.004381927759704062,-0.650568602579459
-1.3417218624706408,-76.875,0.0038000000000000004,5.205280282475805,0.04928713127180611,0.013031517908634228,-1.6901130739998882,0.003292177745961444,-0.542966956695043
-1.2762720155208536,-73.125,0.0038000000000000004,4.458809476396212,0.043280304997614615,0.011093372220797473,-1.6970484380807744,0.0028897489639609117,-0.4719378472101452
-1.2108221685710663,-69.37500000000001,0.0038000000000000004,3.7145133764769085,0.039986456625932046,0.009340889709428991,-1.7363570539904616,0.0033857078708133836,-0.3867754570945001
-1.145372321621279,-65.62500000000001,0.0038000000000000004,3.2672409704755565,0.03841573375781906,0.008238328225591092,-1.7691351909294122,0.00393230633359837,-0.3265827185718293
-1.0799224746714915,-61.87500000000001,0.0038000000000000004,2.6912832208694333,0.035061116826641876,0.006530506718901755,-1.8050765035206666,0.0042839083157120445,-0.23919453242491207
-1.0144726277217042,-58.12500000000001,0.0038000000000000004,2.4485246558186033,0.03297373119969732,0.005679837751468303,-1.8053161647248304,0.004234899056639466,-0.19647605468812568
-0.9490227807719169,-54.375000000000014,0.0038000000000000004,2.080345033129631,0.028888272602536614,0.004236608121305351,-1.7519284473801948,0.00380156076791517,-0.12441664328537128
-0.8835729338221296,-50.62500000000002,0.0038000000000000004,1.7175759587331212,0.029761222716734863,0.0026065791589541354,-1.4286087667063658,0.004205583086167241,-0.00886536446675934
-0.8181230868723421,-46.87500000000001,0.0038000000000000004,1.5542514657975186,0.04006658580640856,0.0022554841726586026,-1.080798527154226,0.0060196202166804946,0.10533960411756849
-0.7526732399225546,-43.125,0.0038000000000000004,1.4959843124710828,0.054025826931995716,0.002442013215309867,-1.1134558049576841,0.007223139527974613,0.2424553278353212
-0.6872233929727674,-39.37500000000001,0.0038000000000000004,1.4908470952242807,0.07392799996636946,0.0031639265551858167,-1.5948667749134429,0.006707795342766,0.3745859511269174
-0.6217735460229801,-35.62500000000001,0.0038000000000000004,1.4784876528431485,0.09060715552012075,0.004718502524671261,-2.103761769539691,0.003835787147176376,0.45071894329957596
-0.5563236990731928,-31.875000000000014,0.0038000000000000004,1.5672279436281638,0.1091659419240118,0.006698417007715336,-2.375921430294401,0.005502889724289445,0.5424620311733332
-0.4908738521234055,-28.125000000000018,0.0038000000000000004,1.6595810220426142,0.12945139470786654,0.00887492022851758,-2.5925891971612107,0.012571041814982297,0.6092603637881782
-0.425424005173618,-24.37500000000001,0.0038000000000000004,1.750429128276341,0.15050464419434423,0.010786599687053432,-2.7542376905511565,0.02093410650758331,0.6464000547486712
-0.3599741582238305,-20.625000000000004,0.0038000000000000004,1.8333755969020495,0.16928062509317612,0.011913417848457335,-2.9091523242875503,0.029580104912568697,0.6334382396351192
-0.2945243112740432,-16.875000000000007,0.0038000000000000004,1.8787557627158442,0.17903283170596204,0.01210302729388096,-3.0275191141550115,0.034850009377924374,0.5911932482386963
-0.22907446432425593,-13.12500000000001,0.0038000000000000004,1.9847354655518585,0.1902632390416015,0.0117371584533939,3.1285123942930024,0.03997029944442281,0.5065986790250245
-0.16362461737446865,-9.375000000000014,0.0038000000000000004,1.9561466634693379,0.1823210151536336,0.01006862891429346,3.108381358215563,0.03910352568870143,0.4055112982925364
-0.09817477042468137,-5.625000000000019,0.0038000000000000004,1.879056227592752,0.1705006153200163,0.008339124466424623,2.9503942601182063,0.03845047427453946,0.25912188970345396
-0.03272492347489386,-1.8750000000000107,0.0038000000000000004,1.7944136646288213,0.1531590283346845,0.0060765055307440965,2.6364321380541975,0.03509742140195471,0.08170974735065673
0.03272492347489364,1.8749999999999978,0.0038000000000000004,1.7127039172781646,0.13821772578385563,0.004768565226139829,2.2777493403211104,0.03096544206734221,-0.08170974735065673
0.09817477042468092,5.624999999999994,0.0038000000000000004,1.619934337889298,0.12321711978651836,0.004017247695972526,1.8435373113375995,0.025801687487817918,-0.25912188970345396
0.1636246173744682,9.37499999999999,0.0038000000000000004,1.5506353651768015,0.1120032793147178,0.003931607044951699,1.388691320707355,0.020833536308445363,-0.4055112982925364
0.2290744643242555,13.124999999999986,0.0038000000000000004,1.478136786526834,0.10342632615278094,0.004293380520961268,1.0419085562146877,0.01676326209748828,-0.5065986790250245
0.29452431127404277,16.874999999999982,0.0038000000000000004,1.2875625144771479,0.08912171026106457,0.005452977033116385,0.9790677363442726,0.015251532968993238,-0.5911932482386963
0.35997415822383005,20.624999999999975,0.0038000000000000004,1.1999373572669303,0.08243602786002302,0.006182240461328512,0.9865107002584858,0.01528075738254041,-0.6334382396351192
0.42542400517361756,24.374999999999986,0.0038000000000000004,1.1040290735276697,0.07409176726876379,0.006827934218011173,1.0239925974153588,0.01555569588915381,-0.6464000547486712
0.49087385212340506,28.124999999999993,0.0038000000000000004,1.050320658254436,0.06644273843754032,0.006935381188408306,1.0953867025160893,0.015427904345619246,-0.6092603637881782
0.5563236990731923,31.87499999999999,0.0038000000000000004,1.0247659124548305,0.058962609061051004,0.006642447961563076,1.1768831238272766,0.014805281041218536,-0.5424620311733332
0.6217735460229796,35.624999999999986,0.0038000000000000004,1.0277687095435726,0.05119200072762473,0.005758914177404783,1.248754575720118,0.013490416325891577,-0.45071894329957596
0.6872233929727669,39.37499999999998,0.0038000000000000004,1.1162611440973633,0.042536172153453226,0.004176432276848579,1.3151662004596882,0.011709396439246922,-0.3745859511269174
0.7526732399225542,43.12499999999998,0.0038000000000000004,1.2535289846357616,0.033324356596967884,0.0019494496865849502,1.201615508356,0.009580954158050447,-0.2424553278353212
0.8181230868723417,46.874999999999986,0.0038000000000000004,1.4489118616799501,0.03083720766229857,0.0009222001815919098,0.09415387977628807,0.009176704628252087,-0.10533960411756849
0.8835729338221292,50.62499999999999,0.0038000000000000004,1.7264413231998805,0.0350644391691267,0.00235287118824501,-0.760608186911639,0.010551017208256469,0.00886536446675934
0.9490227807719163,54.37499999999998,0.0038000000000000004,2.204761676415002,0.04741390536493443,0.004797023168619558,-0.8565256388571864,0.014106424370046503,0.12441664328537128
1.0144726277217035,58.12499999999997,0.0038000000000000004,2.645000710506729,0.05586315902929999,0.006579011719927309,-0.8895169961175644,0.016547480817665786,0.19647605468812568
1.0799224746714913,61.87499999999999,0.0038000000000000004,2.9304777532943453,0.059400696920949014,0.007659296326518738,-0.9166365700990123,0.01757553655569864,0.23919453242491207
1.1453723216212786,65.62499999999999,0.0038000000000000004,3.593823689047386,0.06499175120358286,0.009893345110854733,-0.9731924591569293,0.019218727693248647,0.3265827185718293
1.2108221685710658,69.37499999999999,0.0038000000000000004,4.101288833571409,0.06851996338454312,0.01152333501112488,-1.0098540963562388,0.02022567063000528,0.3867754570945001
1.2762720155208531,73.12499999999999,0.0038000000000000004,4.930747323606357,0.07602625978108256,0.014069397364314826,-1.0426307971910214,0.022346417108524558,0.4719378472101452
1.3417218624706404,76.87499999999997,0.0038000000000000004,5.748247239170848,0.08693276741323819,0.01651308535227644,-1.0465396002726233,0.025486519709917232,0.542966956695043
1.4071717094204277,80.62499999999997,0.0038000000000000004,7.41529096299313,0.10730617581504745,0.021553699879902154,-1.0626124416680605,0.03126181266258706,0.650568602579459
1.472621556370215,84.37499999999997,0.0038000000000000004,7.997003053066003,0.09822054487886238,0.023306782811556716,-1.130861138286997,0.02801731162718914,0.6368017893103719
1.5380714033200027,88.12499999999999,0.0038000000000000004,8.989979652721761,0.10664132840974688,0.026513568338927252,-1.1461267536455007,0.029948142293618998,0.45428862569989903
1.60352125026979,91.87499999999999,0.0038000000000000004,10.51376561140901,0.12360539137472193,0.03138353703843983,-1.1523722216230068,0.03431269946006488,0.895993057199787
1.6689710972195773,95.62499999999999,0.0038000000000000004,11.76328107974671,0.12755924157416892,0.03524990824581011,-1.1866774427090137,0.03422271470113437,0.6836034722667605
1.7344209441693645,99.37499999999997,0.0038000000000000004,13.273176001734726,0.13564613626178154,0.039606875729129444,-1.2088230657150139,0.03541502100209449,0.6599905261998273
1.7998707911191518,103.12499999999997,0.0038000000000000004,13.161929594420048,0.1248570291205371,0.03856186261060621,-1.232397435195368,0.03180329011592205,0.4251551437702421
1.8653206380689396,106.875,0.0038000000000000004,13.448993929818146,0.12561135552897487,0.03933762629369336,-1.23815775205825,0.03166407123323793,0.16640891519212886
1.9307704850187268,110.62499999999999,0.0038000000000000004,14.610825114851304,0.13538345939149848,0.04285734243426264,-1.2424778924077704,0.03368398584755323,0.5509142466168875
1.9962203319685141,114.37499999999999,0.0038000000000000004,15.225331636721396,0.137214602727699,0.04435350186095272,-1.2515225483236752,0.033672505612962304,0.7032658871843083
2.0616701789183014,118.12499999999999,0.0038000000000000004,15.987027333095048,0.14093208033242366,0.046339676589738525,-1.2591189059253518,0.034115133850786496,0.42426430693103256
2.1271200258680887,121.87499999999997,0.0038000000000000004,16.198977452066003,0.14093638131355232,0.04674286573177294,-1.2630028085021727,0.03393984439618564,0.34089890525515365
2.192569872817876,125.62499999999997,0.0038000000000000004,15.827180966629516,0.1344388540802448,0.04523009652983563,-1.2696173038422345,0.03216855787845239,0.3711006543422197
2.2580197197676632,129.37499999999997,0.0038000000000000004,16.209155833702454,0.1351091773455253,0.0459780475565052,-1.275087834607649,0.03212577747679862,0.33257240230332386
2.323469566717451,133.125,0.0038000000000000004,16.535209769461762,0.13608540765268531,0.04664795574487568,-1.2786958647857516,0.032242525649534136,0.30233933791851086
2.3889194136672383,136.87499999999997,0.0038000000000000004,16.505685465315402,0.13509775983498035,0.04646923425753639,-1.2803386624439697,0.0319242533993822,0.26889484008714604
2.4543692606170255,140.62499999999997,0.0038000000000000004,16.94097078791806,0.13758105793648964,0.04756314732707112,-1.2828052580284064,0.03237417225191524,0.22828886700605366
2.519819107566813,144.37499999999997,0.0038000000000000004,16.93140671547371,0.13628998765065342,0.04733943428031299,-1.2853037439220822,0.03200017601565805,0.197272673065239
2.5852689545166,148.12499999999997,0.0038000000000000004,17.194601065149715,0.13716786205545164,0.04784556751540912,-1.28770227340183,0.03218195765425656,0.17431008590305197
2.6507188014663874,151.87499999999997,0.0038000000000000004,17.308915673407142,0.13699868967313164,0.047961359445238154,-1.289907426174607,0.03211914005419443,0.14690668758948178
2.7161686484161747,155.62499999999997,0.0038000000000000004,17.37276842370606,0.13612034128611283,0.047845697907586256,-1.2926599723624002,0.03193767705752032,0.12448948699968199
2.7816184953659624,159.37499999999997,0.0038000000000000004,17.35832141550258,0.1344431879951359,0.047448457517453246,-1.295997061787248,0.03159640471741033,0.10026824325116834
2.8470683423157497,163.12499999999997,0.0038000000000000004,17.266715159868603,0.13279950821672015,0.0469857076896122,-1.298207747493026,0.031227276380788777,0.0838145078158874
2.912518189265537,166.87499999999997,0.0038000000000000004,17.16158208532345,0.12982822786561315,0.046115767424042775,-1.3035216926484687,0.030699283980456824,0.07520570879202282
2.9779680362153242,170.62499999999997,0.0038000000000000004,17.086127599270437,0.12930675139867903,0.04600882680431773,-1.304043347543196,0.03040251184215905,0.04023579925328846
3.0434178831651115,174.37499999999997,0.0038000000000000004,17.186392366591566,0.13264827699777842,0.047099435370640874,-1.2989272458413659,0.030706512217699444,-0.02536310489868754
3.1088677301148993,178.125,0.0038000000000000004,17.28733313772965,0.13217248431408982,0.04701098761128728,-1.3008118224842222,0.03080656736780224,-0.03844718522696766
-3.1088677301148993,-178.125,0.004200000000000001,16.29462156737154,0.11927291927761438,0.042200151514506644,-1.3148951454639408,0.02913145347376223,0.02695791345074028
-3.0434178831651124,-174.37500000000003,0.004200000000000001,16.213690675963967,0.11632594013013793,0.03966750936356656,-1.3342531924364474,0.03005009434709487,0.04845158421912643
-2.9779680362153247,-170.625,0.004200000000000001,15.494773316306144,0.11278771063229097,0.03970742743661005,-1.3167274698528528,0.02784680594785113,-0.046576800799268625
-2.912518189265537,-166.87499999999997,0.004200000000000001,15.718378353363818,0.11463639397045339,0.040592817965595294,-1.3161311693894682,0.027945886544646862,-0.09656996964648812
-2.84706834231575,-163.125,0.004200000000000001,16.1996859445476,0.11637032448451987,0.04085729746065167,-1.3266002551302423,0.028880760229007058,-0.10032209804236558
-2.7816184953659624,-159.37499999999997,0.004200000000000001,16.248660126213935,0.11632472867099176,0.040611216076095774,-1.3299599067155194,0.029097619522367224,-0.10206016754807479
-2.7161686484161756,-155.625,0.004200000000000001,16.274426760889238,0.1161011607498458,0.04037846352708527,-1.3338190108200403,0.029145667054506354,-0.1471394901449088
-2.650718801466388,-151.875,0.004200000000000001,16.320697635121746,0.11605234521863944,0.04008822900009783,-1.3389480611570006,0.029313762331354985,-0.17187408080090094
-2.585268954516601,-148.12500000000003,0.004200000000000001,16.13895424001782,0.1145437412670042,0.039402941048453884,-1.3423762211846089,0.029006353335123906,-0.1971061871900801
-2.5198191075668133,-144.375,0.004200000000000001,15.956012995758403,0.11301880666881264,0.03877894839527584,-1.345830241395018,0.0286185064424682,-0.24320029842843027
-2.4543692606170255,-140.62499999999997,0.004200000000000001,16.051867252587314,0.11356465107533605,0.038618074252628073,-1.3515014078036636,0.02890551130188717,-0.2556145870516069
-2.3889194136672387,-136.875,0.004200000000000001,15.443196563142855,0.10906082291131008,0.03718247539050176,-1.3523956998186593,0.02760974943017233,-0.32011505250318883
-2.323469566717451,-133.125,0.004200000000000001,15.667470579916413,0.11041323392895436,0.037515546840074444,-1.3572726369600163,0.0279006475204628,-0.37921332276298436
-2.258019719767664,-129.37500000000003,0.004200000000000001,15.371817929253664,0.10817528019769157,0.03643611650131961,-1.3653911645023304,0.027329375724031896,-0.4243940830236763
-2.1925698728178764,-125.625,0.004200000000000001,14.833837894890593,0.10423763249852595,0.03477872574831308,-1.376287054749937,0.026215314143471637,-0.459378758521531
-2.1271200258680896,-121.87500000000003,0.004200000000000001,15.174134505738342,0.1067582934728391,0.03508234679239045,-1.3909120466741307,0.026720111853954318,-0.4510419915364423
-2.061670178918302,-118.125,0.004200000000000001,14.708757546135173,0.10346348553928107,0.03388159600249783,-1.396108233386822,0.02576264528217111,-0.5404480012073858
-1.9962203319685143,-114.375,0.004200000000000001,13.62815550396324,0.09566399755526588,0.031265325282442136,-1.4053708129907891,0.02344280018984645,-0.7546183413994623
-1.930770485018727,-110.625,0.004200000000000001,13.035254208987341,0.0914869151221241,0.02973749109899809,-1.4176893805922248,0.022030606927199145,-0.6281632491730313
-1.8653206380689398,-106.875,0.004200000000000001,12.161891593948816,0.08500538906161878,0.02774798114178995,-1.4301997831720248,0.01976184478001909,-0.2398160868447512
-1.7998707911191523,-103.125,0.004200000000000001,11.345741653491553,0.07914999749155019,0.025863748889233318,-1.4381129796396488,0.017925637352318644,-0.5532313810140153
-1.734420944169365,-99.375,0.004200000000000001,10.50668929681057,0.07373556916519954,0.02374403304862094,-1.4632410079677973,0.015818992945697892,-0.7232901722266405
-1.6689710972195777,-95.625,0.004200000000000001,9.13028964659916,0.06455591322608802,0.020596007226365058,-1.4897571084118542,0.012695462768441882,-0.7034067678930196
-1.6035212502697904,-91.87500000000001,0.004200000000000001,7.7549248024343544,0.05512596692462677,0.017771205261589314,-1.512443738998347,0.009280104968178517,-0.9868663154033666
-1.538071403320003,-88.125,0.004200000000000001,6.894494589571452,0.049858286113311195,0.016153735432326906,-1.5355665516692996,0.006784239140289632,-0.902416634105327
-1.4726215563702156,-84.375,0.004200000000000001,6.253696196551017,0.04774766876322338,0.014999268307978477,-1.5760790393402506,0.00446973748341483,-0.565146967606541
-1.4071717094204284,-80.62500000000001,0.004200000000000001,5.3725534768401655,0.04465761297663103,0.013147146857485569,-1.6211487787595538,0.0026357371917279664,-0.5186943502349282
-1.3417218624706408,-76.875,0.004200000000000001,4.438494406721022,0.041293243703439744,0.01120435844602746,-1.6725175077180765,0.002309523032338351,-0.4226706878749198
-1.2762720155208536,-73.125,0.004200000000000001,3.8848250749653586,0.03978688339117445,0.010068059544366176,-1.7115866804799713,0.0028829937079106935,-0.35346581666452614
-1.2108221685710663,-69.37500000000001,0.004200000000000001,3.236538123688248,0.03943766237230977,0.0087099190943507,-1.782432284724333,0.004258195642144759,-0.2691951444695735
-1.145372321621279,-65.62500000000001,0.004200000000000001,2.8446402099731283,0.03894197270269771,0.007746704211612148,-1.8340803208038707,0.005010048455631165,-0.21504198281146536
-1.0799224746714915,-61.87500000000001,0.004200000000000001,2.362303519101388,0.03683882387614285,0.006338497113636084,-1.8979084168860505,0.005452193923279352,-0.1432178579940775
-1.0144726277217042,-58.12500000000001,0.004200000000000001,2.147680739898987,0.03492083592310823,0.005614699409706471,-1.9114882465084535,0.0053557945045686894,-0.11034682772312498
-0.9490227807719169,-54.375000000000014,0.004200000000000001,1.8177418190491346,0.030624598094741762,0.004341018194609194,-1.895270503430776,0.0047286325116095915,-0.05824654303405352
-0.8835729338221296,-50.62500000000002,0.004200000000000001,1.4930811278841627,0.0277918196082222,0.002710883808887501,-1.6938633452525558,0.003842014360404239,0.021961572726529877
-0.8181230868723421,-46.87500000000001,0.004200000000000001,1.3334915261851967,0.033912669612778924,0.0020965027785291566,-1.3965264980031271,0.004759345409211914,0.09726749882834507
-0.7526732399225546,-43.125,0.004200000000000001,1.2512515847764587,0.04411434986755074,0.002150542431870861,-1.3462979833678517,0.005710687210731264,0.1837090641979613
-0.6872233929727674,-39.37500000000001,0.004200000000000001,1.240478743930091,0.06057068316454478,0.0028522439200927446,-1.7107940428499058,0.005576315315581493,0.2876442606267231
-0.6217735460229801,-35.62500000000001,0.004200000000000001,1.2495545891846176,0.07578363470044222,0.00419989557081735,-2.1556531478209724,0.0036056631387987917,0.3700339037431304
-0.5563236990731928,-31.875000000000014,0.004200000000000001,1.3151379356383195,0.09111888991733452,0.005886573930963176,-2.425063382288928,0.004537422669256334,0.44466505407392787
-0.4908738521234055,-28.125000000000018,0.004200000000000001,1.393860410474785,0.10846964324206938,0.007879625664880912,-2.6437224179950913,0.010080207851574523,0.5008260317894129
-0.425424005173618,-24.37500000000001,0.004200000000000001,1.4662905892150553,0.1257358051663164,0.009666216169203184,-2.801192492233,0.016763257791732687,0.5312427424960189
-0.3599741582238305,-20.625000000000004,0.004200000000000001,1.53331392574757,0.14115396185265255,0.010904357027546531,-2.951345562154065,0.02381800232966025,0.5210922030464946
-0.2945243112740432,-16.875000000000007,0.004200000000000001,1.571803062548772,0.1487560961104659,0.011237985962795466,-3.0436774686597032,0.027840370423426485,0.4899810433328784
-0.22907446432425593,-13.12500000000001,0.004200000000000001,1.5986001068984437,0.15274830438218748,0.010923218718230609,3.122520910643995,0.0316668409202999,0.4068918009591094
-0.16362461737446865,-9.375000000000014,0.004200000000000001,1.5859184131658353,0.14936768545794968,0.009995644728789011,3.041482736222507,0.03241128604053455,0.319176691085985
-0.09817477042468137,-5.625000000000019,0.004200000000000001,1.5537661833507665,0.14144503263173874,0.008606004213494875,2.938501497689647,0.031716427005000075,0.2115099007915373
-0.03272492347489386,-1.8750000000000107,0.004200000000000001,1.4860397765439097,0.12697473130507844,0.006598431596870057,2.695977541279867,0.029092956772702443,0.06718048332705329
0.03272492347489364,1.8749999999999978,0.004200000000000001,1.4188592932168564,0.11421426548692831,0.005205337951627683,2.4170315143595773,0.025664255609809686,-0.06718048332705329
0.09817477042468092,5.624999999999994,0.004200000000000001,1.3422562825592292,0.10123783721578944,0.004073827674161093,2.057017930394526,0.021121890335290765,-0.2115099007915373
0.1636246173744682,9.37499999999999,0.004200000000000001,1.2667417220798503,0.09068454260926773,0.0035296434078857797,1.5999647861674333,0.016712790687732983,-0.319176691085985
0.2290744643242555,13.124999999999986,0.004200000000000001,1.1917083059393343,0.08353649961003386,0.004040338642418255,1.2897343633623695,0.014546575927013599,-0.4068918009591094
0.29452431127404277,16.874999999999982,0.004200000000000001,1.0818220192158936,0.07536711354432953,0.004984416502476353,1.0881856016166218,0.013276312471220778,-0.4899810433328784
0.35997415822383005,20.624999999999975,0.004200000000000001,1.0122217227010755,0.07049761862783069,0.005620199371908682,1.0396478610082638,0.01328832043629313,-0.5210922030464946
0.42542400517361756,24.374999999999986,0.004200000000000001,0.9350478467190364,0.06418657332763583,0.00626988746490871,1.0537921308846023,0.0136915961844165,-0.5312427424960189
0.49087385212340506,28.124999999999993,0.004200000000000001,0.893034378685372,0.058168187507638525,0.006409995767746371,1.108237678824677,0.013640108628795652,-0.5008260317894129
0.5563236990731923,31.87499999999999,0.004200000000000001,0.8704728815643916,0.05182487113647126,0.006145841581065821,1.1778297655624863,0.01306624436522463,-0.44466505407392787
0.6217735460229796,35.624999999999986,0.004200000000000001,0.8795206854414872,0.04550262055030236,0.005393301029831737,1.240841210746487,0.011984725542391465,-0.3700339037431304
0.6872233929727669,39.37499999999998,0.004200000000000001,0.952834483303368,0.038287425949754074,0.004012395315449289,1.2873927145549238,0.010487559182336587,-0.2876442606267231
0.7526732399225542,43.12499999999998,0.004200000000000001,1.0675425205784974,0.0305769083417227,0.0020494777615945457,1.1686335433666961,0.008716286465586722,-0.1837090641979613
0.8181230868723417,46.874999999999986,0.004200000000000001,1.2362240273568517,0.028829354929199483,0.0010484320670039434,0.34184161161107357,0.008473313308989077,-0.09726749882834507
0.8835729338221292,50.62499999999999,0.004200000000000001,1.4711195551576328,0.032300438519728254,0.002049057185990545,-0.6449694475540428,0.009602712385778013,-0.021961572726529877
0.9490227807719163,54.37499999999998,0.004200000000000001,1.875988362083188,0.042686332863302215,0.004202124767406111,-0.827673360780544,0.012579518211909467,0.05824654303405352
1.0144726277217035,58.12499999999997,0.004200000000000001,2.2580275676221118,0.05131758937078904,0.005718976913093291,-0.8538810859984137,0.015073515691728396,0.11034682772312498
1.0799224746714913,61.87499999999999,0.004200000000000001,2.5055213770954654,0.05542096183659107,0.0066027576163208155,-0.8727573722873991,0.016281603993697,0.1432178579940775
1.1453723216212786,65.62499999999999,0.004200000000000001,3.0596821927845936,0.059821878938198875,0.0083821930089457,-0.9347570327700635,0.01764777944462869,0.21504198281146536
1.2108221685710658,69.37499999999999,0.004200000000000001,3.5057332681578215,0.062022821915421585,0.009743733229391534,-0.9801116346519138,0.018332863388475912,0.2691951444695735
1.2762720155208531,73.12499999999999,0.004200000000000001,4.238290891629885,0.06610184186762026,0.011956597598435625,-1.0345104247630856,0.019505504042109302,0.35346581666452614
1.3417218624706404,76.87499999999997,0.004200000000000001,4.8611650945959415,0.07107121703252904,0.013834522031660926,-1.061339080741814,0.0208947952457246,0.4226706878749198
1.4071717094204277,80.62499999999997,0.004200000000000001,5.891247827075094,0.07891308701540536,0.016913885441004795,-1.0970333969786907,0.023003272212577742,0.5186943502349282
1.472621556370215,84.37499999999997,0.004200000000000001,6.818843164157558,0.08419957463376287,0.019757033746457455,-1.1283253346327549,0.024166748964123196,0.565146967606541
1.5380714033200027,88.12499999999999,0.004200000000000001,7.796911223676779,0.08906207531142095,0.022896272050959697,-1.1608259940133254,0.024872252138076128,0.902416634105327
1.60352125026979,91.87499999999999,0.004200000000000001,8.741791117837721,0.09693079622143716,0.02594834365715429,-1.1750703306197223,0.026547079367561798,0.9868663154033666
1.6689710972195773,95.62499999999999,0.004200000000000001,9.833696414492179,0.10609384699628947,0.029395012583338084,-1.1876902664701876,0.02850280431869882,0.7034067678930196
1.7344209441693645,99.37499999999997,0.004200000000000001,11.229979469037211,0.11591761311528646,0.033539998800663856,-1.2045539225577289,0.030437235141942402,0.7232901722266405
1.7998707911191518,103.12499999999997,0.004200000000000001,11.898973034505568,0.11667115782879606,0.03522796128358948,-1.221988160706071,0.029980969071371606,0.5532313810140153
1.8653206380689396,106.875,0.004200000000000001,12.401707680793567,0.11967026320275838,0.036716084782514355,-1.2286875465746576,0.030359389244241603,0.2398160868447512
1.9307704850187268,110.62499999999999,0.004200000000000001,13.663417458160373,0.13206706571422866,0.04075700314044279,-1.230971896702275,0.03308344285307111,0.6281632491730313
1.9962203319685141,114.37499999999999,0.004200000000000001,14.382773845362703,0.13524070057880605,0.04263744516889801,-1.2400971326086059,0.03341819059242821,0.7546183413994623
2.0616701789183014,118.12499999999999,0.004200000000000001,15.249205547342559,0.14003814213999774,0.04498093577594229,-1.2483198309291101,0.03411474939817393,0.5404480012073858
2.1271200258680887,121.87499999999997,0.004200000000000001,15.625176497274785,0.14215010074182158,0.04599174631863336,-1.2515280393128572,0.03443244581760325,0.4510419915364423
2.192569872817876,125.62499999999997,0.004200000000000001,15.293216653412124,0.1352764795829569,0.0445629706503499,-1.2594267883516477,0.03245960351476319,0.459378758521531
2.2580197197676632,129.37499999999997,0.004200000000000001,15.79621201227734,0.1365642865569515,0.04567585943386401,-1.2662944693931601,0.03243600241042856,0.4243940830236763
2.323469566717451,133.125,0.004200000000000001,16.046683902679398,0.13613768240366103,0.04605362584149967,-1.2716453057259567,0.032143426632610154,0.37921332276298436
2.3889194136672383,136.87499999999997,0.004200000000000001,15.763311615646044,0.13230344178281006,0.04503855479264334,-1.2746054056347924,0.031133105897169923,0.32011505250318883
2.4543692606170255,140.62499999999997,0.004200000000000001,16.30748183963892,0.13682508051624112,0.046649790136965665,-1.2751250498188056,0.03205980843812001,0.2556145870516069
2.519819107566813,144.37499999999997,0.004200000000000001,16.199213294186833,0.13374630975313703,0.045959146712278194,-1.278911496773783,0.031315927589539085,0.24320029842843027
2.5852689545166,148.12499999999997,0.004200000000000001,16.3360604272079,0.13383012538091676,0.046190886844912425,-1.2810706109955394,0.03125936882444627,0.1971061871900801
2.6507188014663874,151.87499999999997,0.004200000000000001,16.492571715922647,0.1339141238841219,0.0464169688204054,-1.2832282061457327,0.03125852075854462,0.17187408080090094
2.7161686484161747,155.62499999999997,0.004200000000000001,16.421566251034147,0.13142441872120622,0.045835973107959366,-1.2868642647589916,0.03070153611168828,0.1471394901449088
2.7816184953659624,159.37499999999997,0.004200000000000001,16.35072029376201,0.1292224361154624,0.04529448430964875,-1.290131373967451,0.030219219709366384,0.10206016754807479
2.8470683423157497,163.12499999999997,0.004200000000000001,16.300008042589965,0.12757852757322666,0.04486019771976118,-1.2925649799082708,0.02990675834318307,0.10032209804236558
2.912518189265537,166.87499999999997,0.004200000000000001,15.814948323010306,0.11991046136474717,0.04249591714980639,-1.3020887869723237,0.028446770928585555,0.09656996964648812
2.9779680362153242,170.62499999999997,0.004200000000000001,15.541350117105413,0.11835051901445626,0.04201159643466548,-1.3017785630428602,0.027797894432616287,0.046576800799268625
3.0434178831651115,174.37499999999997,0.004200000000000001,16.16523909174484,0.13127331566407097,0.04579614544776915,-1.2862397093923115,0.029952937309658537,-0.04845158421912643
3.1088677301148993,178.125,0.004200000000000001,16.2676636539208,0.12675517417832943,0.04484616785012031,-1.2954075005877823,0.029326759200046255,-0.02695791345074028
-3.1088677301148993,-178.125,0.004600000000000001,13.795246367319226,0.10097359240818074,0.03566639156111591,-1.3147400339661501,0.02472762182065364,-0.02630032088729628
-3.0434178831651124,-174.37500000000003,0.004600000000000001,13.910774029188165,0.09969148133040413,0.03380397588704449,-1.3374212013423399,0.02586131041067873,0.008779387711557618
-2.9779680362153247,-170.625,0.004600000000000001,13.330127828208179,0.09698427594944706,0.03419019867202576,-1.3171582215404412,0.023853547274611572,-0.0692596706253088
-2.912518189265537,-166.87499999999997,0.004600000000000001,13.708070413270987,0.09893304956824427,0.03499334284432183,-1.323159189223904,0.024195206091528705,-0.11541020554352599
-2.84706834231575,-163.125,0.004600000000000001,14.149254927810265,0.10084233762014765,0.03529139861435321,-1.3342608962174773,0.025065805605248983,-0.13502169620529259
-2.7816184953659624,-159.37499999999997,0.004600000000000001,14.329922798503842,0.10185512024084509,0.03540256125672161,-1.3381840533798266,0.02550883009875825,-0.14977801840598204
-2.7161686484161756,-155.625,0.004600000000000001,14.403158879211892,0.10204603958221779,0.03511777970699336,-1.3449531175706884,0.025769498043721882,-0.19518176219300898
-2.650718801466388,-151.875,0.004600000000000001,14.423111214124884,0.1019951269476288,0.034892262632234015,-1.3497028640907778,0.025830891882016472,-0.2445083300818922
-2.585268954516601,-148.12500000000003,0.004600000000000001,14.33817437025108,0.10127114805954811,0.034466600019864825,-1.3537356419763669,0.025691599139175795,-0.29466948724148523
-2.5198191075668133,-144.375,0.004600000000000001,14.201283626292252,0.10020829992733621,0.03388066766071821,-1.3588397175545055,0.025463265193160754,-0.3446778637510306
-2.4543692606170255,-140.62499999999997,0.004600000000000001,14.283238618102919,0.10073287038328281,0.033880125990686315,-1.3627715028862029,0.025602717751065113,-0.39508334673699075
-2.3889194136672387,-136.875,0.004600000000000001,14.092577119882362,0.09939625200589346,0.033184452570032504,-1.3676118598865106,0.025282993514543627,-0.44725169455369596
-2.323469566717451,-133.125,0.004600000000000001,14.161177963373051,0.09991956867063213,0.03308254543738829,-1.3738227539434416,0.02541557112682457,-0.49432388934181404
-2.258019719767664,-129.37500000000003,0.004600000000000001,13.698024728012,0.0967469670113652,0.03169887691461837,-1.3820162741512925,0.02457165043790423,-0.5362684725232167
-2.1925698728178764,-125.625,0.004600000000000001,12.90338100776573,0.09108906952922352,0.029633412966708763,-1.3912896662468013,0.02294040410209818,-0.5655102770616196
-2.1271200258680896,-121.87500000000003,0.004600000000000001,12.601800410526192,0.08891618108958693,0.028803434486675387,-1.3988627607928332,0.02219856333986362,-0.5785591163679271
-2.061670178918302,-118.125,0.004600000000000001,12.117167647504173,0.08536297607596809,0.02768560029007879,-1.4013992323603892,0.021165670639714664,-0.5990760411564935
-1.9962203319685143,-114.375,0.004600000000000001,11.252030355006271,0.07918247448971925,0.02557214399890362,-1.4114233569736852,0.01930791897636304,-0.6380656246026568
-1.930770485018727,-110.625,0.004600000000000001,10.541562648849572,0.07407520299907681,0.0238862133312894,-1.4206510017071692,0.017725599838218916,-0.6422761803291177
-1.8653206380689398,-106.875,0.004600000000000001,9.745141112121784,0.06803663582187613,0.022166544004891,-1.4268333350779705,0.015764646156557524,-0.6567868308264959
-1.7998707911191523,-103.125,0.004600000000000001,9.127447558165693,0.06364774892333007,0.02072538571722758,-1.438420743871987,0.014284178785133658,-0.6750665988182458
-1.734420944169365,-99.375,0.004600000000000001,8.233475292248817,0.05758055585549164,0.01860963882944913,-1.4601318396394996,0.01220459863341074,-0.662346610622734
-1.6689710972195777,-95.625,0.004600000000000001,7.109577201872665,0.049737714126258645,0.016103063081056013,-1.4756823406969817,0.009796350393716914,-0.61149412616742
-1.6035212502697904,-91.87500000000001,0.004600000000000001,6.079018674717452,0.04240759047539209,0.01396759660371936,-1.4871297687701976,0.007378308551086857,-0.7953416367741841
-1.538071403320003,-88.125,0.004600000000000001,5.485537439531575,0.038758963548034014,0.012867140318133016,-1.5094479960212417,0.00546714810634628,-0.6816120533345877
-1.4726215563702156,-84.375,0.004600000000000001,5.1048623299692215,0.03920899452401903,0.012355127366743351,-1.577431055689941,0.003197283454819607,-0.406468436761541
-1.4071717094204284,-80.62500000000001,0.004600000000000001,4.240431533898381,0.03469750439793656,0.010473695560367823,-1.6095863960067236,0.0018116856663529632,-0.3249934404958008
-1.3417218624706408,-76.875,0.004600000000000001,3.6144392656436577,0.03471571417595349,0.009272331336583126,-1.6871459630192407,0.0020370930083238293,-0.2521557895918898
-1.2762720155208536,-73.125,0.004600000000000001,3.1886604040994553,0.03497738393107254,0.008486295180139219,-1.7433270775595262,0.003013635611863904,-0.19792105109337754
-1.2108221685710663,-69.37500000000001,0.004600000000000001,2.676010660639993,0.036517811247281706,0.007515180736203794,-1.8412537898103647,0.00463681488046933,-0.12608783086261122
-1.145372321621279,-65.62500000000001,0.004600000000000001,2.347248241414293,0.03655047571293464,0.0067287834352505885,-1.9088561096612315,0.005351837232058223,-0.08595095687219789
-1.0799224746714915,-61.87500000000001,0.004600000000000001,1.9469377006916002,0.035409371002554244,0.005652451375856132,-1.9929298895881349,0.005834657924211531,-0.03902590769234071
-1.0144726277217042,-58.12500000000001,0.004600000000000001,1.7650562198051842,0.03362452845800965,0.005060123082666985,-2.0152678708886858,0.005689042156349383,-0.021051205568095588
-0.9490227807719169,-54.375000000000014,0.004600000000000001,1.4930597048948953,0.02918142154934862,0.00397952742421499,-2.0173200796427273,0.004902256674549245,0.005513103656453744
-0.8835729338221296,-50.62500000000002,0.004600000000000001,1.2243732913059018,0.02489381909182821,0.002593346959437596,-1.8870260574784248,0.0035917856069856294,0.05135552812660649
-0.8181230868723421,-46.87500000000001,0.004600000000000001,1.0853607320665735,0.02780679148260369,0.0019606137596094113,-1.6675535282038008,0.0037604572427300245,0.09343931713119502
-0.7526732399225546,-43.125,0.004600000000000001,1.0005877072168206,0.034669210165489545,0.0018773343096527445,-1.5808749363630623,0.0043437700280025675,0.1414035244599502
-0.6872233929727674,-39.37500000000001,0.004600000000000001,0.9783135009407363,0.047166498337328396,0.0023626359207511694,-1.8172906007232743,0.004433161239151333,0.2173777190693369
-0.6217735460229801,-35.62500000000001,0.004600000000000001,0.987290236903273,0.059567651841419295,0.00341654979701358,-2.210097779769486,0.0032032285655200564,0.2880820641543791
-0.5563236990731928,-31.875000000000014,0.004600000000000001,1.0324680612579507,0.0715510327224645,0.004743485388569324,-2.4706754163427322,0.0036174584039603826,0.3429840283800105
-0.4908738521234055,-28.125000000000018,0.004600000000000001,1.0886586397030196,0.08484189026231727,0.0063605901743390885,-2.685912476970213,0.0074811270667636326,0.38439948413885683
-0.425424005173618,-24.37500000000001,0.004600000000000001,1.1418142880161746,0.09804662595789447,0.007872193173143045,-2.8433629267039127,0.01248232841280154,0.40708864965519
-0.3599741582238305,-20.625000000000004,0.004600000000000001,1.1909802836414694,0.10957982005939149,0.0090003582278653,-2.9842564904225615,0.017655192753280133,0.4002421275126805
-0.2945243112740432,-16.875000000000007,0.004600000000000001,1.2189921674983886,0.11480620343391343,0.009340990686974266,-3.0558858928929644,0.020482317546036858,0.3782271802563206
-0.22907446432425593,-13.12500000000001,0.004600000000000001,1.2340694609136345,0.11731560490832471,0.009254468328521046,3.1184614757580302,0.023725982033206503,0.31423755409584664
-0.16362461737446865,-9.375000000000014,0.004600000000000001,1.221366458692329,0.11501470328159012,0.008691384791053134,3.019495417114444,0.024893714895753066,0.24384269119752555
-0.09817477042468137,-5.625000000000019,0.004600000000000001,1.196702213675625,0.10866781384155551,0.007623709316723921,2.9234831704144986,0.024325183476406186,0.1604087701591741
-0.03272492347489386,-1.8750000000000107,0.004600000000000001,1.1448890283640796,0.09700191472295873,0.005936641246896745,2.724143433337142,0.022106848878923915,0.05100703617381264
0.03272492347489364,1.8749999999999978,0.004600000000000001,1.093881992190267,0.08712696963492503,0.004706165474575685,2.483441818402409,0.01951167933017738,-0.05100703617381264
0.09817477042468092,5.624999999999994,0.004600000000000001,1.0362934435164508,0.07746442450133798,0.003682919872808656,2.1601512681026636,0.01624469126538098,-0.1604087701591741
0.1636246173744682,9.37499999999999,0.004600000000000001,0.9775237674948034,0.06985514455089624,0.0032506652030412464,1.743090135035923,0.013402942957871264,-0.24384269119752555
0.2290744643242555,13.124999999999986,0.004600000000000001,0.9198319068177878,0.06463677112161577,0.003605718782778373,1.4216979610953706,0.011914959230402979,-0.31423755409584664
0.29452431127404277,16.874999999999982,0.004600000000000001,0.8407649872420679,0.05901018419256734,0.004214097285197258,1.1556811547112449,0.010767340736887128,-0.3782271802563206
0.35997415822383005,20.624999999999975,0.004600000000000001,0.7907381561287888,0.055785253138163224,0.004680133773041052,1.070948119897774,0.010736638147699417,-0.4002421275126805
0.42542400517361756,24.374999999999986,0.004600000000000001,0.7347256383609846,0.0513724010552492,0.005235812614796177,1.0690032512538439,0.011120782757927748,-0.40708864965519
0.49087385212340506,28.124999999999993,0.004600000000000001,0.7042591555641627,0.04682251921772363,0.005361616285768664,1.1153860563311209,0.011075802048483963,-0.38439948413885683
0.5563236990731923,31.87499999999999,0.004600000000000001,0.6894840328779401,0.04196908059391001,0.005149218452714594,1.175090518716343,0.010608554555947995,-0.3429840283800105
0.6217735460229796,35.624999999999986,0.004600000000000001,0.6992081727488939,0.037014468561571104,0.004532087109609577,1.2296019339533548,0.009734120937767817,-0.2880820641543791
0.6872233929727669,39.37499999999998,0.004600000000000001,0.7609357818713994,0.031447175521647,0.0034185208939338275,1.2624524934280041,0.008562882700949934,-0.2173777190693369
0.7526732399225542,43.12499999999998,0.004600000000000001,0.8591841827568704,0.025949296831093257,0.0018651239135197794,1.1132404012714023,0.007334949060088956,-0.1414035244599502
0.8181230868723417,46.874999999999986,0.004600000000000001,0.9919214149353784,0.024815964976238312,0.0010459041150998902,0.3858618295242169,0.00721449861338938,-0.09343931713119502
0.8835729338221292,50.62499999999999,0.004600000000000001,1.1730177631792953,0.027531448040742847,0.0017444673002304822,-0.5796768702625587,0.008095232584586002,-0.05135552812660649
0.9490227807719163,54.37499999999998,0.004600000000000001,1.4875466012384415,0.03575700095828082,0.003490030717236637,-0.8149772285720643,0.010437600664530963,-0.005513103656453744
1.0144726277217035,58.12499999999997,0.004600000000000001,1.7861074253732798,0.043809212437006466,0.00466520582190594,-0.8244490495434635,0.012755564255070016,0.021051205568095588
1.0799224746714913,61.87499999999999,0.004600000000000001,1.985963608383941,0.04801880622662589,0.005345882333727887,-0.8333964994684352,0.013993721242505645,0.03902590769234071
1.1453723216212786,65.62499999999999,0.004600000000000001,2.433199198286491,0.05184257551122409,0.0067402372276551305,-0.8995657273102162,0.015203742529020188,0.08595095687219789
1.2108221685710658,69.37499999999999,0.004600000000000001,2.8020984915026044,0.053469198324644855,0.0078027109090380185,-0.9491491969212782,0.015760819804378687,0.12608783086261122
1.2762720155208531,73.12499999999999,0.004600000000000001,3.386581455192833,0.054593604620102716,0.009499785201919646,-1.0229942846372277,0.01614482208537731,0.19792105109337754
1.3417218624706404,76.87499999999997,0.004600000000000001,3.8665950552355475,0.05645196956846609,0.010947855925111423,-1.0643723799490974,0.01663518996239344,0.2521557895918898
1.4071717094204277,80.62499999999997,0.004600000000000001,4.5654249743941815,0.058662500367418345,0.013034278671534167,-1.115108256115818,0.017076116158659685,0.3249934404958008
1.472621556370215,84.37499999999997,0.004600000000000001,5.5113307667307625,0.06815625343891342,0.015887908843129617,-1.1279034086761714,0.019645960991480953,0.406468436761541
1.5380714033200027,88.12499999999999,0.004600000000000001,6.167149492866162,0.06847330746817433,0.0179511442328649,-1.170138160450456,0.0191230733541937,0.6816120533345877
1.60352125026979,91.87499999999999,0.004600000000000001,6.874360311491636,0.07473517883204946,0.020241570464307537,-1.1799683777987593,0.020493042787414664,0.7953416367741841
1.6689710972195773,95.62499999999999,0.004600000000000001,7.721071328040085,0.08275925529368271,0.022926764395043053,-1.1870803739179845,0.02235052388120368,0.61149412616742
1.7344209441693645,99.37499999999997,0.004600000000000001,8.895821902871552,0.09270715166072731,0.02648969755073035,-1.1982311403763504,0.024594489984719994,0.662346610622734
1.7998707911191518,103.12499999999997,0.004600000000000001,9.80251415698394,0.09814185071564137,0.02908703836095024,-1.2128143186794829,0.025524661672578983,0.6750665988182458
1.8653206380689396,106.875,0.004600000000000001,10.40192794294828,0.10198571234855255,0.030842386763143232,-1.2211602453220736,0.02615298134958781,0.6567868308264959
1.9307704850187268,110.62499999999999,0.004600000000000001,11.18383882917869,0.10874545629786032,0.033332921269297267,-1.2268755287480244,0.027444755584493705,0.6422761803291177
1.9962203319685141,114.37499999999999,0.004600000000000001,11.890095979608928,0.11363878482686372,0.035383301837203944,-1.2336505155546298,0.028319978096264794,0.6380656246026568
2.0616701789183014,118.12499999999999,0.004600000000000001,12.716243688660667,0.11909752909483146,0.03770756436458814,-1.240925609372045,0.029301551409548925,0.5990760411564935
2.1271200258680887,121.87499999999997,0.004600000000000001,13.180359526894119,0.12295079341977863,0.03910466805017379,-1.2430205412495354,0.03008248800329468,0.5785591163679271
2.192569872817876,125.62499999999997,0.004600000000000001,13.46889128482735,0.12396923924059058,0.03987024098369745,-1.247959976850041,0.03003037535375759,0.5655102770616196
2.2580197197676632,129.37499999999997,0.004600000000000001,14.234293200535216,0.12851883568076738,0.041934787774971706,-1.2543479617703859,0.030773161262595664,0.5362684725232167
2.323469566717451,133.125,0.004600000000000001,14.655501852714865,0.1298787919853975,0.04289615402269345,-1.2597721998376759,0.03087488028742622,0.49432388934181404
2.3889194136672383,136.87499999999997,0.004600000000000001,14.539828814436058,0.1271183943264914,0.04232267022158055,-1.2631632709119651,0.03011296710456358,0.44725169455369596
2.4543692606170255,140.62499999999997,0.004600000000000001,14.67832196483991,0.1267698559924474,0.0425164932637076,-1.2663429959253283,0.02991987828537554,0.39508334673699075
2.519819107566813,144.37499999999997,0.004600000000000001,14.545961490043283,0.1243025856163121,0.0419445484421403,-1.269020521796549,0.029253956254283734,0.3446778637510306
2.5852689545166,148.12499999999997,0.004600000000000001,14.632843857492565,0.12346244363004992,0.04195334845902028,-1.2723194767520118,0.0289779648068782,0.29466948724148523
2.6507188014663874,151.87499999999997,0.004600000000000001,14.667619544206776,0.12253079095371598,0.04185893434164079,-1.274789426123214,0.028705208706399164,0.2445083300818922
2.7161686484161747,155.62499999999997,0.004600000000000001,14.598340641404901,0.12048556423109151,0.04141397452027204,-1.2778389514746211,0.028181205460784255,0.19518176219300898
2.7816184953659624,159.37499999999997,0.004600000000000001,14.479700816909824,0.11715566864719366,0.04061412316904078,-1.2826700244657188,0.02743692299614214,0.14977801840598204
2.8470683423157497,163.12499999999997,0.004600000000000001,14.284276624015558,0.1139922767843872,0.0397133956873023,-1.2858427662335268,0.02677678328945793,0.13502169620529259
2.912518189265537,166.87499999999997,0.004600000000000001,13.823480618814513,0.10654903272758401,0.037514821629990064,-1.295518724470587,0.02527426161692439,0.11541020554352599
2.9779680362153242,170.62499999999997,0.004600000000000001,13.399387498833487,0.10201287651885685,0.03612708347700419,-1.3009419482370568,0.024094250939213864,0.0692596706253088
3.0434178831651115,174.37499999999997,0.004600000000000001,13.901994641476607,0.11386353301377773,0.03952129824697296,-1.283333230695593,0.026055670907493306,-0.008779387711557618
3.1088677301148993,178.125,0.004600000000000001,13.821546688206523,0.1074713045023274,0.03798864624860913,-1.2953884489760665,0.02497539325713266,0.02630032088729628
-3.1088677301148993,-178.125,0.005,10.380062095430555,0.07585052615880107,0.02676525980106126,-1.3157492913826743,0.018618508615551622,-0.03016060156788747
-3.0434178831651124,-174.37500000000003,0.005,10.443212827533312,0.07466655604546961,0.025596950159391722,-1.3361791633155384,0.0191258457653444,-0.03581542460041298
-2.9779680362153247,-170.625,0.005,10.138970677802599,0.07381473680641822,0.02612787645708548,-1.3173803489456615,0.017983467957021375,-0.07869562232285787
-2.912518189265537,-166.87499999999997,0.005,10.410827949927453,0.07452305624315601,0.02634726588889421,-1.3298002610408544,0.018222445631983906,-0.11066791894867478
-2.84706834231575,-163.125,0.005,10.588877841177768,0.0751895481473188,0.026437077046879368,-1.33744810631493,0.01850040498336294,-0.13950854505915622
-2.7816184953659624,-159.37499999999997,0.005,10.786130531419582,0.07639404104301949,0.026731365619393696,-1.3406935215708922,0.01889145672324344,-0.16319019452556383
-2.7161686484161756,-155.625,0.005,10.883611722319843,0.0767646343822002,0.026498129613320008,-1.3497092416117942,0.019205852087164733,-0.20603906385259485
-2.650718801466388,-151.875,0.005,10.856843369826528,0.07647412451289505,0.026191870157238114,-1.354809063048367,0.01921869758877915,-0.2474205632706976
-2.585268954516601,-148.12500000000003,0.005,10.830121142527219,0.07625599674865874,0.02589196847246951,-1.3599306750035827,0.019247187569458205,-0.29112605045478723
-2.5198191075668133,-144.375,0.005,10.698359294911793,0.07532596141713055,0.025382900383423068,-1.364683990757683,0.019057289853770372,-0.32828797512581254
-2.4543692606170255,-140.62499999999997,0.005,10.71800293374727,0.07543632459464068,0.025347750212939415,-1.3665056027206628,0.019072219881138604,-0.3822620017798819
-2.3889194136672387,-136.875,0.005,10.730963404588069,0.07566884040842496,0.025038330356559765,-1.3753936069209414,0.019201869023930125,-0.43893743383928374
-2.323469566717451,-133.125,0.005,10.705844108951071,0.07557484953762138,0.02477155790300631,-1.3823290257024992,0.019156398229662135,-0.48143982358822335
-2.258019719767664,-129.37500000000003,0.005,10.222642513334794,0.07227325895460025,0.023466787809923367,-1.3890025153204761,0.01828644493397244,-0.5076668890482523
-2.1925698728178764,-125.625,0.005,9.484650635672653,0.06704519931352439,0.02165922776710314,-1.3943840102513483,0.016863220757624017,-0.519907083545684
-2.1271200258680896,-121.87500000000003,0.005,9.149650498631422,0.06461604455363759,0.020846663977266092,-1.3979377280163272,0.016147831286982915,-0.527271911935804
-2.061670178918302,-118.125,0.005,8.834719128526007,0.06236274018189397,0.020086300097129868,-1.4012370992118721,0.015503467157171876,-0.5276467845052508
-1.9962203319685143,-114.375,0.005,8.146900140736028,0.05748443989162216,0.018411687629758196,-1.4108172239994052,0.014086154386852335,-0.5257244480644268
-1.930770485018727,-110.625,0.005,7.599300365027244,0.05347708843163029,0.017157262799784787,-1.4171811529763774,0.012883326630308155,-0.512562836625162
-1.8653206380689398,-106.875,0.005,7.036025723517966,0.04917238573281299,0.015955325363810058,-1.4219754179976511,0.011508474935746032,-0.5055490457690688
-1.7998707911191523,-103.125,0.005,6.558599464942008,0.04577106684292433,0.014837354945377237,-1.4337198759030165,0.010395585257131058,-0.49279161287038864
-1.734420944169365,-99.375,0.005,5.941747392824673,0.041603284019037956,0.013373666332858577,-1.4621311207529155,0.00880404124399785,-0.455207299264198
-1.6689710972195777,-95.625,0.005,5.076816956884097,0.03533261564505828,0.011506150006237456,-1.46714258501338,0.007070968779489509,-0.40387907232664944
-1.6035212502697904,-91.87500000000001,0.005,4.451829254603261,0.03099708268483652,0.010250335711647537,-1.488323684836308,0.005356435880149062,-0.5273809783340413
-1.538071403320003,-88.125,0.005,4.051263769961551,0.028791633475997037,0.009575302648208522,-1.5200653753679805,0.003805275193334745,-0.4114041158575361
-1.4726215563702156,-84.375,0.005,3.8185833466413017,0.030040522337465167,0.009288459036196378,-1.599723486210708,0.002245157164240592,-0.19770184492233867
-1.4071717094204284,-80.62500000000001,0.005,3.202459157375318,0.02748228160021578,0.007960814175227612,-1.646824378079855,0.001495995951956243,-0.14363317980619028
-1.3417218624706408,-76.875,0.005,2.7154154959229437,0.027990030093100086,0.007050731875843735,-1.7351013995543105,0.0021492083763218206,-0.09313579627803081
-1.2762720155208536,-73.125,0.005,2.4141145955099863,0.02855823465048064,0.006502446775574879,-1.7973263149169572,0.002938725522482127,-0.06102074089435572
-1.2108221685710663,-69.37500000000001,0.005,2.0666257446758687,0.03130321201824629,0.005962138224798435,-1.916979861560961,0.004456244029776795,-0.014905782404746493
-1.145372321621279,-65.62500000000001,0.005,1.8096733091544637,0.03153786105668643,0.005402335564159906,-1.9916635884779768,0.005029993759931874,0.006685562066259809
-1.0799224746714915,-61.87500000000001,0.005,1.4808231522184954,0.029994167226093386,0.0045444917511789145,-2.074054635532499,0.005227134179750677,0.02672763704534087
-1.0144726277217042,-58.12500000000001,0.005,1.33763698065769,0.028136584496846775,0.0040644279948270435,-2.097954735271055,0.004976529692335626,0.03189228655353027
-0.9490227807719169,-54.375000000000014,0.005,1.130326118305456,0.024119398473362162,0.003222141107506951,-2.1084959041924654,0.004195629089858652,0.040131802377707526
-0.8835729338221296,-50.62500000000002,0.005,0.9203447172866723,0.020197031740285976,0.0021685699257008337,-2.012859619786254,0.0030687596471913946,0.06226449307992943
-0.8181230868723421,-46.87500000000001,0.005,0.8098457405321595,0.02129708108836391,0.001631744458371311,-1.8379355702560303,0.002913277681920614,0.08457872585076986
-0.7526732399225546,-43.125,0.005,0.7394735632366193,0.025538453243102405,0.0014864488573181553,-1.7412412900085172,0.0031901813810466225,0.11178630379012233
-0.6872233929727674,-39.37500000000001,0.005,0.712486859209386,0.034189450912724434,0.0017560286586806903,-1.896948815801541,0.0033447632021103776,0.16008247339398507
-0.6217735460229801,-35.62500000000001,0.005,0.7111525923853614,0.04288193111224949,0.002468812121939944,-2.2447851112758177,0.002608675709069726,0.2062230878445901
-0.5563236990731928,-31.875000000000014,0.005,0.7388640571214259,0.051145752880375206,0.0033866081689029816,-2.4920866203004963,0.0026290975210471654,0.24260424245750312
-0.4908738521234055,-28.125000000000018,0.005,0.7734858121940205,0.05999121270899884,0.004525947737680206,-2.7062572821030195,0.0049460722368402914,0.2698469410178642
-0.425424005173618,-24.37500000000001,0.005,0.8078802033284713,0.06889747083279195,0.005630337790475126,-2.868015092190531,0.008347162817444893,0.2847387137549532
-0.3599741582238305,-20.625000000000004,0.005,0.8413876986410846,0.07668142846762228,0.006482534824085869,-3.0035511140479896,0.011866128187198299,0.2805245422034399
-0.2945243112740432,-16.875000000000007,0.005,0.859121657926348,0.08004411838290419,0.006758550088888599,-3.06621954768311,0.01380488635318577,0.26542808794241035
-0.22907446432425593,-13.12500000000001,0.005,0.8686173375069316,0.08166761669048421,0.006759303448301369,3.1073228943032154,0.016191258002502373,0.22046038794578016
-0.16362461737446865,-9.375000000000014,0.005,0.8608541539225509,0.08015556329621688,0.00639662309242645,3.0053335569146107,0.017144726250021235,0.1714102557298005
-0.09817477042468137,-5.625000000000019,0.005,0.8445148774058917,0.07594416095366578,0.00568324219204337,2.902123385406546,0.016914928189767146,0.11208568829558918
-0.03272492347489386,-1.8750000000000107,0.005,0.8084133012322148,0.06779807352120526,0.004479894763551625,2.7174806356787147,0.015386847900145356,0.03560383581452187
0.03272492347489364,1.8749999999999978,0.005,0.7728094654176929,0.06095614738308714,0.0035802493999583674,2.493393382496473,0.013615757584037533,-0.03560383581452187
0.09817477042468092,5.624999999999994,0.005,0.7324291891103025,0.054362170813457164,0.0028316023503492708,2.183867908912254,0.011433164822081659,-0.11208568829558918
0.1636246173744682,9.37499999999999,0.005,0.6894438981927504,0.04922188418120774,0.0025653481659110404,1.785534842123414,0.009693778615651223,-0.1714102557298005
0.2290744643242555,13.124999999999986,0.005,0.6481569495611514,0.04566589127359674,0.0028009022968292297,1.473104788117003,0.008729113242018308,-0.22046038794578016
0.29452431127404277,16.874999999999982,0.005,0.5936935699839376,0.041925044483010834,0.003210635350151702,1.2066059343035682,0.007955533332284367,-0.26542808794241035
0.35997415822383005,20.624999999999975,0.005,0.5608631564376447,0.039857579173183,0.003503937843489536,1.1067811998692607,0.007874264835690826,-0.2805245422034399
0.42542400517361756,24.374999999999986,0.005,0.5231414895735181,0.03688990153911923,0.003888003484941328,1.0912935894657072,0.008101881122129654,-0.2847387137549532
0.49087385212340506,28.124999999999993,0.005,0.5036388711761562,0.03378184094478907,0.003981550257593809,1.1312487155266737,0.008057436196083545,-0.2698469410178642
0.5563236990731923,31.87499999999999,0.005,0.49625981466392277,0.03048665197141583,0.0038237733319569,1.1807187117236935,0.007723149669252668,-0.24260424245750312
0.6217735460229796,35.624999999999986,0.005,0.5049295045407713,0.026964966290362852,0.0033597272814535877,1.2265908721483056,0.007080661575202932,-0.2062230878445901
0.6872233929727669,39.37499999999998,0.005,0.552404385815401,0.023078442055432892,0.0025425696895229957,1.2486422999958404,0.006259604236202595,-0.16008247339398507
0.7526732399225542,43.12499999999998,0.005,0.627687259446497,0.01954992049343078,0.0014309299023860212,1.0737658331638982,0.005493206073090578,-0.11178630379012233
0.8181230868723417,46.874999999999986,0.005,0.7252670146813897,0.019166618111240152,0.0008674784850944292,0.38670185165614235,0.005525949536234936,-0.08457872585076986
0.8835729338221292,50.62499999999999,0.005,0.8580802242067429,0.021653243317636402,0.0013573533422982073,-0.5171137649661428,0.00630798730511738,-0.06226449307992943
0.9490227807719163,54.37499999999998,0.005,1.0901943159277485,0.028282708744431534,0.0026567866988691587,-0.7782925510127405,0.008187359073296182,-0.040131802377707526
1.0144726277217035,58.12499999999997,0.005,1.3057446941041597,0.03446886556211696,0.0035398600081359946,-0.7957194471971346,0.009951933938326668,-0.03189228655353027
1.0799224746714913,61.87499999999999,0.005,1.4540955151731545,0.0380878044804195,0.004054252599487049,-0.8005736014920648,0.011003724534136096,-0.02672763704534087
1.1453723216212786,65.62499999999999,0.005,1.8029877470882039,0.042551662477559864,0.005145929595817869,-0.8567302796484063,0.01236135118912332,-0.006685562066259809
1.2108221685710658,69.37499999999999,0.005,2.081531527080615,0.04379461936584418,0.005940398533559286,-0.9121167992149573,0.012801209481976843,0.014905782404746493
1.2762720155208531,73.12499999999999,0.005,2.475135336404342,0.042451297474735306,0.007033751988470188,-1.0051639201380453,0.012503062857497303,0.06102074089435572
1.3417218624706404,76.87499999999997,0.005,2.8085512922009745,0.043047293686081955,0.008015572814055415,-1.05125373876076,0.012666340188465295,0.09313579627803081
1.4071717094204277,80.62499999999997,0.005,3.346092337181508,0.044376953771501144,0.00961725861707035,-1.1084381391482663,0.012916151009863118,0.14363317980619028
1.472621556370215,84.37499999999997,0.005,4.01628519156364,0.050220987015651385,0.011608994100262508,-1.1279523278648296,0.014478377780890771,0.19770184492233867
1.5380714033200027,88.12499999999999,0.005,4.462667885819087,0.04927716292152036,0.012960432240345912,-1.1736161487391779,0.013766787464080887,0.4114041158575361
1.60352125026979,91.87499999999999,0.005,4.9792102329373025,0.053931505475870806,0.014627913841003601,-1.1815752857989026,0.014806360561165452,0.5273809783340413
1.6689710972195773,95.62499999999999,0.005,5.480696029210747,0.05813048197004435,0.01618039813630817,-1.1897923085823234,0.01573181054417394,0.40387907232664944
1.7344209441693645,99.37499999999997,0.005,6.396954692088871,0.06744878488753717,0.019020513014672804,-1.1927239412354957,0.018049451122530258,0.455207299264198
1.7998707911191518,103.12499999999997,0.005,7.051391077812396,0.07077209305196115,0.02087550810744286,-1.2104696583862553,0.018507785378626043,0.49279161287038864
1.8653206380689396,106.875,0.005,7.541574769287035,0.07406737600554202,0.022304744393345125,-1.2187674869956404,0.01910592714976876,0.5055490457690688
1.9307704850187268,110.62499999999999,0.005,8.111863201652406,0.07909377051292776,0.024117474137063468,-1.223626997873158,0.020102388922242285,0.512562836625162
1.9962203319685141,114.37499999999999,0.005,8.672624588800455,0.0835326930380975,0.025791822480990136,-1.2289588079253218,0.02099560206058042,0.5257244480644268
2.0616701789183014,118.12499999999999,0.005,9.362365913031258,0.088305566779891,0.027740889740188908,-1.236407881451029,0.0219196744119159,0.5276467845052508
2.1271200258680887,121.87499999999997,0.005,9.676922410567226,0.09062311169795248,0.02865212233933486,-1.2392184078625026,0.02236659957487736,0.527271911935804
2.192569872817876,125.62499999999997,0.005,10.004557719218337,0.09300947245106798,0.02963493700278581,-1.2426847738066482,0.022754860558371857,0.519907083545684
2.2580197197676632,129.37499999999997,0.005,10.730309402383046,0.09859398665736759,0.031766586563968476,-1.2477931983844144,0.02382971281623733,0.5076668890482523
2.323469566717451,133.125,0.005,11.187283932539295,0.1012118430311754,0.0329709357649804,-1.2526841700893663,0.024272534174738188,0.48143982358822335
2.3889194136672383,136.87499999999997,0.005,11.169900838427353,0.09946448080879104,0.03272179746152938,-1.2569733699380936,0.023741630335956686,0.43893743383928374
2.4543692606170255,140.62499999999997,0.005,11.100264935527152,0.09651862881125256,0.032176636592945874,-1.2628577544285653,0.022948045322914785,0.3822620017798819
2.519819107566813,144.37499999999997,0.005,11.026647270037605,0.09538840288723305,0.03191365237116303,-1.2642437102665791,0.022610637638236546,0.32828797512581254
2.5852689545166,148.12499999999997,0.005,11.121247192982006,0.09499688460545037,0.032003200976928735,-1.2673606692594355,0.022466869121386783,0.29112605045478723
2.6507188014663874,151.87499999999997,0.005,11.104263933097226,0.09352029980631757,0.031732126140758016,-1.2706628684973287,0.022091894326412235,0.2474205632706976
2.7161686484161747,155.62499999999997,0.005,11.089650786172438,0.09207815054278154,0.031458668738156774,-1.2740975424519332,0.021735578441926275,0.20603906385259485
2.7816184953659624,159.37499999999997,0.005,10.949320725945146,0.08848856171016348,0.03057425591094143,-1.2807742360640273,0.02094602644232189,0.16319019452556383
2.8470683423157497,163.12499999999997,0.005,10.728386386236924,0.0856887457698917,0.02972664537323632,-1.2834806834781562,0.020334960121631652,0.13950854505915622
2.912518189265537,166.87499999999997,0.005,10.521495868876128,0.08214811416730408,0.02872335958386035,-1.2899980247916398,0.019568073433071726,0.11066791894867478
2.9779680362153242,170.62499999999997,0.005,10.217666300125456,0.07753146129903261,0.027379242371808662,-1.3007442625218573,0.018501822532951673,0.07869562232285787
3.0434178831651115,174.37499999999997,0.005,10.479028252133725,0.08455881957457514,0.029430201676321353,-1.2846567686075334,0.01958894100847425,0.03581542460041298
3.1088677301148993,178.125,0.005,10.410222696998442,0.08062857809497698,0.028461570737446363,-1.295352225247871,0.01889225727405933,0.03016060156788747
-3.1088677301148993,-178.125,0.0054,6.451081754017024,0.047026944481630084,0.016598983004363535,-1.317430115667954,0.011535388308262097,-0.010273263458195458
-3.0434178831651124,-174.37500000000003,0.0054,6.373973806452564,0.04555573672697832,0.01587631839612912,-1.3326042447570985,0.011416207357693105,-0.04818520818368199
-2.9779680362153247,-170.625,0.0054,6.229057323696824,0.04520718001352753,0.016066998011206327,-1.320208715468949,0.010916603968954053,-0.06943169355300327
-2.912518189265537,-166.87499999999997,0.0054,6.351698618032539,0.045183264008991204,0.015995012685609506,-1.3354139423498588,0.010997482679619208,-0.09200050890337952
-2.84706834231575,-163.125,0.0054,6.419928705725885,0.04528037292503178,0.015920759222539927,-1.3449418947715681,0.011082397259291952,-0.11469927342450337
-2.7816184953659624,-159.37499999999997,0.0054,6.536080360280476,0.0460346591909089,0.016165139285279278,-1.3464654825117317,0.01126428736209115,-0.1379371305951098
-2.7161686484161756,-155.625,0.0054,6.633074972817501,0.046558852516166156,0.01608884661365578,-1.3562701180507115,0.01154778132781459,-0.1720679753606067
-2.650718801466388,-151.875,0.0054,6.564128149537838,0.046059543626556336,0.01577523713559036,-1.3607802338204242,0.011487342669580595,-0.20166837386546366
-2.585268954516601,-148.12500000000003,0.0054,6.573614348164742,0.046119576292719656,0.01564811659866385,-1.3665344127725036,0.011544596116873791,-0.23804458152772057
-2.5198191075668133,-144.375,0.0054,6.537996597725883,0.045977439568296204,0.015346548118621956,-1.3748025389100416,0.011592172355745278,-0.26435633147193816
-2.4543692606170255,-140.62499999999997,0.0054,6.519760077072473,0.04588790012999479,0.015241326972470576,-1.3759936928536614,0.011588558098849408,-0.30087966253070597
-2.3889194136672387,-136.875,0.0054,6.485390527014493,0.04588409308235205,0.014941813574632692,-1.383873798143336,0.011676133660763732,-0.33704020130643997
-2.323469566717451,-133.125,0.0054,6.553098938237291,0.04682847423343328,0.014819602325540866,-1.3942859355533286,0.01204796440423154,-0.3524172499583127
-2.258019719767664,-129.37500000000003,0.0054,6.260530212411683,0.045080201646657915,0.013985491860898046,-1.400413954891129,0.011674756301649806,-0.3418106430120691
-2.1925698728178764,-125.625,0.0054,5.76766097844283,0.04158574034231861,0.012824764709955846,-1.4023662117361373,0.010759546220726307,-0.32113861903215657
-2.1271200258680896,-121.87500000000003,0.0054,5.5665648681325655,0.04008938272189459,0.012349093054749571,-1.4066717591646756,0.010294040852239002,-0.3217501596887775
-2.061670178918302,-118.125,0.0054,5.360997769676223,0.03856225138306298,0.011878931155701539,-1.4100532686673684,0.009835675836830435,-0.32146598985310426
-1.9962203319685143,-114.375,0.0054,4.864067063332694,0.03482123577135026,0.010786935797618056,-1.4139817532961514,0.00874815176491443,-0.312302779041544
-1.930770485018727,-110.625,0.0054,4.574728301555391,0.03265109199721269,0.01014326299595666,-1.4185708792982836,0.008098687740494185,-0.2896163198274744
-1.8653206380689398,-106.875,0.0054,4.320359544511413,0.030776589192760214,0.009548099409203125,-1.4305544979136746,0.007462269071456206,-0.2586381453641362
-1.7998707911191523,-103.125,0.0054,3.964599740568094,0.0281365131536322,0.00876542664705005,-1.4395162878763605,0.0066438397077607505,-0.24311055871157672
-1.734420944169365,-99.375,0.0054,3.5549014707689506,0.0251853895054343,0.007860711480378726,-1.464682882982138,0.005580899480616923,-0.21088051420364629
-1.6689710972195777,-95.625,0.0054,3.07293779028778,0.021604698943447454,0.006877878354286343,-1.481254637673404,0.004404051012183983,-0.1760812618587546
-1.6035212502697904,-91.87500000000001,0.0054,2.738682925773582,0.019493757645336278,0.006268734792611726,-1.5265052589250716,0.0031855170465964425,-0.23265009060567055
-1.538071403320003,-88.125,0.0054,2.535453116523383,0.018825634222396644,0.005979238892608738,-1.5733692371216916,0.002222968546088544,-0.1503040149777939
-1.4726215563702156,-84.375,0.0054,2.414410247361466,0.020252296899710365,0.005850234897272431,-1.6581998889246548,0.0016550561823459693,-0.032891576274222345
-1.4071717094204284,-80.62500000000001,0.0054,2.0420060429387097,0.01913680221021228,0.005090055895673541,-1.716444494819992,0.0014621672077745397,-0.013217430183122936
-1.3417218624706408,-76.875,0.0054,1.7286008401706234,0.019667925559596993,0.004544766722659545,-1.807228145452214,0.001991047923435466,0.005436869110668541
-1.2762720155208536,-73.125,0.0054,1.5484173813259743,0.020595229804050243,0.004262569888447968,-1.8809728882215229,0.002583997318061361,0.019358543264391237
-1.2108221685710663,-69.37500000000001,0.0054,1.3310308421425536,0.022742241705745386,0.003980303180776114,-2.006242094089374,0.0035873812400492497,0.04058842909257021
-1.145372321621279,-65.62500000000001,0.0054,1.1544563430400785,0.022316484535123186,0.0035913674482601007,-2.071519104817451,0.003795367440112626,0.045054123800503776
-1.0799224746714915,-61.87500000000001,0.0054,0.929111403787647,0.020286159795764123,0.002974839075067849,-2.137656985875997,0.0036508733931493636,0.04473501622089315
-1.0144726277217042,-58.12500000000001,0.0054,0.8368873441742358,0.018825028299222606,0.0026571491805517937,-2.1598519706701578,0.003412228732195712,0.04376275988028189
-0.9490227807719169,-54.375000000000014,0.0054,0.703479951582044,0.01601502948862185,0.0021173653485391845,-2.174845794491986,0.002848303689311645,0.04328999772163766
-0.8835729338221296,-50.62500000000002,0.0054,0.5673371095325681,0.013254443631440318,0.0014544420674683684,-2.1044530597247824,0.002094796330054935,0.0498735283196724
-0.8181230868723421,-46.87500000000001,0.0054,0.4946561629409993,0.013429773315490431,0.0010914627109718208,-1.9649226593223674,0.001883115269811543,0.059043109525067416
-0.7526732399225546,-43.125,0.0054,0.44661405344891425,0.015499650491837243,0.0009459753325165851,-1.8674718986082484,0.0019546539527585762,0.0717065381387808
-0.6872233929727674,-39.37500000000001,0.0054,0.4242718030450887,0.020240706430467558,0.001042545265845768,-1.9798261270590214,0.0020223874744779795,0.09630854585669685
-0.6217735460229801,-35.62500000000001,0.0054,0.4192856149220983,0.02520167966188377,0.0014312668964879174,-2.294551230256167,0.0016314584909700883,0.12089519565842727
-0.5563236990731928,-31.875000000000014,0.0054,0.43486143445160763,0.0299712585130079,0.0019433008126910276,-2.5172931105079615,0.0015574630125612962,0.14161507042814092
-0.4908738521234055,-28.125000000000018,0.0054,0.451038786781951,0.034658460052413444,0.0025836518917095167,-2.727825997924376,0.0026854297325457997,0.15603886303183295
-0.425424005173618,-24.37500000000001,0.0054,0.4689561373624826,0.03952069009369383,0.003228769470018477,-2.8935359319068064,0.0046011026429754074,0.1639390099708226
-0.3599741582238305,-20.625000000000004,0.0054,0.48861843999963644,0.043949236873005657,0.0037498382317756917,-3.031643809688091,0.0066426425769833455,0.16162099742615432
-0.2945243112740432,-16.875000000000007,0.0054,0.49903979552396,0.04582669412695239,0.003915725652417876,-3.0940318141680057,0.0077559395473696625,0.1529694731154118
-0.22907446432425593,-13.12500000000001,0.0054,0.5065265991762898,0.046913270511246524,0.003946347688687059,3.0792541089868704,0.009188662620119446,0.12762262131874513
-0.16362461737446865,-9.375000000000014,0.0054,0.5025749505370483,0.04611036076403173,0.0037562837458472863,2.9746175890186533,0.009778302809301346,0.09941835627082396
-0.09817477042468137,-5.625000000000019,0.0054,0.4930071227100214,0.04376104887411674,0.0033611313458361803,2.869727897114376,0.009699059554942754,0.06511500659811292
-0.03272492347489386,-1.8750000000000107,0.0054,0.4732833525231063,0.03934355654840857,0.002697419614283276,2.6854828639566892,0.008937559710313297,0.021126986168461925
0.03272492347489364,1.8749999999999978,0.0054,0.4521563663546444,0.03543376845819837,0.0021796122799518643,2.468558902812314,0.007930746449343419,-0.021126986168461925
0.09817477042468092,5.624999999999994,0.0054,0.42789211611190847,0.031634341994627134,0.0017458891161021063,2.1651753191384495,0.006672356008037078,-0.06511500659811292
0.1636246173744682,9.37499999999999,0.0054,0.4031565942662243,0.028769956182555834,0.0015977684038382938,1.7830591884250246,0.005709841610558892,-0.09941835627082396
0.2290744643242555,13.124999999999986,0.0054,0.3789039778575447,0.026752859916473765,0.0017315555404790297,1.4899393131414647,0.005191577193742655,-0.12762262131874513
0.29452431127404277,16.874999999999982,0.0054,0.3460703224085482,0.024545464211170567,0.0019543820349359822,1.2285634024823322,0.004742610742433742,-0.1529694731154118
0.35997415822383005,20.624999999999975,0.0054,0.3269974425734821,0.02334018790664536,0.0021178317393451725,1.1301532804995107,0.004688802439537244,-0.16162099742615432
0.42542400517361756,24.374999999999986,0.0054,0.30501712739166,0.021534578763731,0.0023266185112316936,1.1146746913614507,0.0047754267521372944,-0.1639390099708226
0.49087385212340506,28.124999999999993,0.0054,0.294999923750118,0.019782300220132793,0.002376087943415297,1.148053069624864,0.004735411276061618,-0.15603886303183295
0.5563236990731923,31.87499999999999,0.0054,0.2932463640234667,0.017994324835853986,0.0022835286471808817,1.186897236823635,0.004551397378697978,-0.14161507042814092
0.6217735460229796,35.624999999999986,0.0054,0.29839041926367105,0.015902465465801378,0.001989911068194435,1.2194455165063804,0.004156561457553024,-0.12089519565842727
0.6872233929727669,39.37499999999998,0.0054,0.32796325718839187,0.013689286954670695,0.0015048261013290505,1.2307809962597487,0.003693168310029964,-0.09630854585669685
0.7526732399225542,43.12499999999998,0.0054,0.37490751531013344,0.011963559415052095,0.000876088110327574,1.0301828606490369,0.0033418330497436786,-0.0717065381387808
0.8181230868723417,46.874999999999986,0.0054,0.4356130534159319,0.012144910731899248,0.0005838888948746074,0.3609940627338477,0.0034740872914495336,-0.059043109525067416
0.8835729338221292,50.62499999999999,0.0054,0.5174635812128957,0.014050539673593146,0.0008805349647992123,-0.4580658270739026,0.004056849070762353,-0.0498735283196724
0.9490227807719163,54.37499999999998,0.0054,0.6601899538604064,0.018531324011598394,0.00166613577378992,-0.7303841921035764,0.005323637283503384,-0.04328999772163766
1.0144726277217035,58.12499999999997,0.0054,0.7931245842939539,0.02242563252477614,0.0022276777327458804,-0.7648129209480212,0.006425865345466536,-0.04376275988028189
1.0799224746714913,61.87499999999999,0.0054,0.8843763875667539,0.02477167041845313,0.002561251661632043,-0.7747155595898902,0.007099434880841997,-0.04473501622089315
1.1453723216212786,65.62499999999999,0.0054,1.1094022192395747,0.028917313130009992,0.003288645417710974,-0.8147245448279291,0.008319930312532602,-0.045054123800503776
1.2108221685710658,69.37499999999999,0.0054,1.2904424130499834,0.030478170289334434,0.0038222359180425476,-0.8655587446560045,0.008815429887443377,-0.04058842909257021
1.2762720155208531,73.12499999999999,0.0054,1.529058838061583,0.029313261805116262,0.004471067020275315,-0.9660833159042487,0.00855870176878476,-0.019358543264391237
1.3417218624706404,76.87499999999997,0.0054,1.723163971059955,0.02905169102825673,0.00503072663215447,-1.0213275774348356,0.008497927436819432,-0.005436869110668541
1.4071717094204277,80.62499999999997,0.0054,2.0552234731218326,0.02978329417233267,0.006035034194924136,-1.0840329002114402,0.008647061277928877,0.013217430183122936
1.472621556370215,84.37499999999997,0.0054,2.4473018236356885,0.03256077696947214,0.007211607458842351,-1.1147095711827724,0.009363421205755843,0.032891576274222345
1.5380714033200027,88.12499999999999,0.0054,2.685757131501177,0.030795467730825043,0.007901446747052088,-1.168083639133361,0.008599989770529757,0.1503040149777939
1.60352125026979,91.87499999999999,0.0054,2.9713330163792526,0.03286180487855293,0.008816494706317086,-1.180669659192482,0.009000686867641088,0.23265009060567055
1.6689710972195773,95.62499999999999,0.0054,3.2490190521465347,0.034806400348111416,0.00966827254978999,-1.1919093611501377,0.00937486816427205,0.1760812618587546
1.7344209441693645,99.37499999999997,0.0054,3.765781984972597,0.04005265785918522,0.011293412802301124,-1.1951314175673737,0.010649890294164006,0.21088051420364629
1.7998707911191518,103.12499999999997,0.0054,4.207710299279671,0.043167899776567424,0.012610498546532527,-1.2080775239287778,0.011244613772488752,0.24311055871157672
1.8653206380689396,106.875,0.0054,4.578997689875549,0.046347670558233994,0.01374461137169287,-1.2136772022719158,0.01193147692340788,0.2586381453641362
1.9307704850187268,110.62499999999999,0.0054,4.864344621382865,0.048293295812861944,0.014599471189933738,-1.22084350626923,0.012247478906785684,0.2896163198274744
1.9962203319685141,114.37499999999999,0.0054,5.176369842374238,0.05090501304451348,0.015546167020847459,-1.224873931276035,0.012788298937686949,0.312302779041544
2.0616701789183014,118.12499999999999,0.0054,5.682463759529328,0.055291890285404745,0.017078441085025913,-1.2298076244156027,0.013733703974859488,0.32146598985310426
2.1271200258680887,121.87499999999997,0.0054,5.888315027821343,0.05688602509836879,0.017687495170584988,-1.2327657327128725,0.014045858229454944,0.3217501596887775
2.192569872817876,125.62499999999997,0.0054,6.088799597474987,0.05832730599546075,0.018284341276272747,-1.2363178149263072,0.014285264318602883,0.32113861903215657
2.2580197197676632,129.37499999999997,0.0054,6.602340855423752,0.06271656808879263,0.01980620794032891,-1.2388402351112788,0.01525690637626687,0.3418106430120691
2.323469566717451,133.125,0.0054,6.9055161881956035,0.06436205544000187,0.020566291476572924,-1.243273803677399,0.01558914366900954,0.3524172499583127
2.3889194136672383,136.87499999999997,0.0054,6.822430728320933,0.06185287415349069,0.02008172404392985,-1.2499637291927026,0.014918143082906706,0.33704020130643997
2.4543692606170255,140.62499999999997,0.0054,6.820639739603179,0.06050893685989501,0.019896541952539492,-1.2554837997743948,0.014528171515113134,0.30087966253070597
2.519819107566813,144.37499999999997,0.0054,6.802352929197821,0.06010084745460252,0.01982749463845897,-1.25666076971767,0.014380799976580661,0.26435633147193816
2.5852689545166,148.12499999999997,0.0054,6.811658929692463,0.05882416952900438,0.019642515303633673,-1.2622208241726378,0.01404564148742038,0.23804458152772057
2.6507188014663874,151.87499999999997,0.0054,6.765796523403302,0.05748493136343889,0.019358724903740607,-1.266172519766961,0.013702746362542663,0.20166837386546366
2.7161686484161747,155.62499999999997,0.0054,6.805142948178108,0.056990415824855936,0.019320573891504055,-1.2693385908453918,0.013589022270401705,0.1720679753606067
2.7816184953659624,159.37499999999997,0.0054,6.674017490875586,0.054238173506854684,0.01861285523153582,-1.2765678630306132,0.01298304302320007,0.1379371305951098
2.8470683423157497,163.12499999999997,0.0054,6.534627979150389,0.05276786954573456,0.01815011863516041,-1.2779426496883213,0.012635687963120567,0.11469927342450337
2.912518189265537,166.87499999999997,0.0054,6.443699126935918,0.05063770392406718,0.017598606550278936,-1.2860703168008882,0.012156153294422909,0.09200050890337952
2.9779680362153242,170.62499999999997,0.0054,6.298489017249827,0.04781651618180133,0.016812117630026407,-1.2989693009314447,0.011522571101111634,0.06943169355300327
3.0434178831651115,174.37499999999997,0.0054,6.422159014636246,0.050632820125583886,0.01769511968352305,-1.2883183480618,0.011931147599450192,0.04818520818368199
3.1088677301148993,178.125,0.0054,6.46135501747522,0.04993622760454997,0.017580930593213463,-1.2944412951037734,0.011810522523972975,0.010273263458195458
-3.1088677301148993,-178.125,0.0058000000000000005,2.362657968251923,0.01731493913120084,0.006128761185976659,-1.3147109069342058,0.004211047922455091,-0.009299507818999686
-3.0434178831651124,-174.37500000000003,0.0058000000000000005,2.345694160115775,0.01692031569749381,0.0059863119122980325,-1.3241667765655665,0.00413198695477026,-0.023354748455838514
-2.9779680362153247,-170.625,0.0058000000000000005,2.3242959919061232,0.0166770356218454,0.005934906390875605,-1.3284875392962519,0.004020973479815767,-0.0337636322927235
-2.912518189265537,-166.87499999999997,0.0058000000000000005,2.3790486553650347,0.016768914640876254,0.0058993173757099894,-1.3459540099081662,0.004101054921662894,-0.04233109338611074
-2.84706834231575,-163.125,0.0058000000000000005,2.221763766555485,0.015574062625944468,0.005415943761035746,-1.3568518253806774,0.003835659033486857,-0.047291653248390464
-2.7816184953659624,-159.37499999999997,0.0058000000000000005,2.3775222612433913,0.016669029809855053,0.005811381328639916,-1.3547861022029966,0.004091799305713939,-0.05844740978233931
-2.7161686484161756,-155.625,0.0058000000000000005,2.36445319385242,0.016580578785202568,0.00562581422300402,-1.369520510137448,0.004145866533246802,-0.07408381848082879
-2.650718801466388,-151.875,0.0058000000000000005,2.3708833451449167,0.016653113775958323,0.005595447728136236,-1.373153093437909,0.004186183437634329,-0.08729948810019028
-2.585268954516601,-148.12500000000003,0.0058000000000000005,2.4316418028199243,0.01711409192295962,0.005677634692181015,-1.3802309939926414,0.004316590887041268,-0.10604219200314802
-2.5198191075668133,-144.375,0.0058000000000000005,2.330895429381589,0.016551236246534994,0.005336224380404102,-1.3914950530814756,0.004225627292283344,-0.11100513724758132
-2.4543692606170255,-140.62499999999997,0.0058000000000000005,2.3503126156067253,0.01688476017052851,0.005284487116242307,-1.3995367755469723,0.004369467270783033,-0.12025322207097622
-2.3889194136672387,-136.875,0.0058000000000000005,2.3526436471350007,0.017077890430985457,0.005213922617135674,-1.4069338994241074,0.004453432196761102,-0.1328796358521931
-2.323469566717451,-133.125,0.0058000000000000005,2.4853368488004386,0.018499953512397735,0.005355534604643248,-1.4246964413283063,0.00488851000635316,-0.14286737632721191
-2.258019719767664,-129.37500000000003,0.0058000000000000005,2.280324340574003,0.017191984316386404,0.004847742220569304,-1.4296357667866397,0.004582205113663572,-0.12646698927573796
-2.1925698728178764,-125.625,0.0058000000000000005,2.158926009685288,0.01641422737618606,0.004540749519608598,-1.4351598232418394,0.004382762535811723,-0.1165369364716784
-2.1271200258680896,-121.87500000000003,0.0058000000000000005,2.168606753682446,0.016429585136876184,0.004561858989448826,-1.4405574769718392,0.0043365097884245085,-0.12400901561814903
-2.061670178918302,-118.125,0.0058000000000000005,2.0220141242925935,0.015276516719070874,0.00425663168888444,-1.4430988238867433,0.004003816751108698,-0.11763334645170298
-1.9962203319685143,-114.375,0.0058000000000000005,1.907777345275911,0.014332959448651237,0.004021988148077313,-1.4490541501548508,0.0036965648645638683,-0.11010613897821098
-1.930770485018727,-110.625,0.0058000000000000005,1.7174602858004662,0.012833415517303706,0.0036290051897364273,-1.4519924014458028,0.003271956935964418,-0.09221682734585013
-1.8653206380689398,-106.875,0.0058000000000000005,1.6628470637456383,0.012418813544028677,0.0035033360853489836,-1.4662155369977607,0.0030962921795140434,-0.08162549311758105
-1.7998707911191523,-103.125,0.0058000000000000005,1.4341711884805195,0.010568869739358215,0.0030489816625170756,-1.4664572856576223,0.0025728637202240045,-0.07145863574801914
-1.734420944169365,-99.375,0.0058000000000000005,1.3510178675955027,0.009785527480413368,0.002917216358047866,-1.4785660586802531,0.002246350225408386,-0.06299047786681022
-1.6689710972195777,-95.625,0.0058000000000000005,1.165829485801002,0.008362030262192401,0.0025760294441111342,-1.5120633081142638,0.0016902022357999154,-0.04048071132562647
-1.6035212502697904,-91.87500000000001,0.0058000000000000005,1.072617928544242,0.007994928295872158,0.002433737104328238,-1.5824196774304145,0.001231211296843143,-0.04401246723509056
-1.538071403320003,-88.125,0.0058000000000000005,1.008759819888689,0.008034554903965117,0.002349193348113575,-1.6401688700654165,0.0009537495726632722,-0.028722671613411688
-1.4726215563702156,-84.375,0.0058000000000000005,0.9490221600916859,0.008579997223796852,0.0022811491509568656,-1.7207881883961522,0.0008548583463987387,0.011899828716437022
-1.4071717094204284,-80.62500000000001,0.0058000000000000005,0.8275962672496957,0.008773678386278527,0.0020889703578964337,-1.802111672098835,0.0009064375968461196,0.017926850960165885
-1.3417218624706408,-76.875,0.0058000000000000005,0.638727169919993,0.008075337899152586,0.0017147253096915897,-1.8780944804173272,0.0009844651553843112,0.017377759754078292
-1.2762720155208536,-73.125,0.0058000000000000005,0.5913001575093257,0.008785347848000462,0.0016769312591931092,-1.9545006564884655,0.0012528786618450874,0.021303783500269735
-1.2108221685710663,-69.37500000000001,0.0058000000000000005,0.4906427932014828,0.009159164705193148,0.0015182224246424968,-2.0677445427380454,0.0015329582142332141,0.025422594375728358
-1.145372321621279,-65.62500000000001,0.0058000000000000005,0.44172853807515233,0.009132385325485078,0.0014190580474811305,-2.11974419047774,0.0016093467216798856,0.025502027876103506
-1.0799224746714915,-61.87500000000001,0.0058000000000000005,0.3356886193068928,0.007647731806551532,0.0011030687717175367,-2.172267685032616,0.0013989145213055684,0.020982950104949605
-1.0144726277217042,-58.12500000000001,0.0058000000000000005,0.3107753514697185,0.007292385302205018,0.0010152465021890241,-2.1948739331731506,0.0013414786444636772,0.02052226711996097
-0.9490227807719169,-54.375000000000014,0.0058000000000000005,0.2522634609995745,0.0059702462454320005,0.0007841095160059297,-2.212423127095353,0.0010752835252177803,0.018607975261714454
-0.8835729338221296,-50.62500000000002,0.0058000000000000005,0.19876269817349665,0.004818636367085091,0.0005339163581753116,-2.1540908654667055,0.000776610754971404,0.019280838715223264
-0.8181230868723421,-46.87500000000001,0.0058000000000000005,0.17961464028837246,0.004982262193930192,0.0004166554875058604,-2.0369630188972065,0.0007083644216461322,0.02254910066726859
-0.7526732399225546,-43.125,0.0058000000000000005,0.15824906218805682,0.005505232241609487,0.00034558255723757356,-1.9459369894414724,0.0006972223653413497,0.025960627383740276
-0.6872233929727674,-39.37500000000001,0.0058000000000000005,0.1471209137237421,0.006989844330073149,0.00036162848908381556,-2.0491638704044104,0.000693111780912614,0.03350000448709137
-0.6217735460229801,-35.62500000000001,0.0058000000000000005,0.14500939585004544,0.00869836056221786,0.0004905840934130725,-2.339087712575753,0.0005690956986242529,0.04166586026102949
-0.5563236990731928,-31.875000000000014,0.0058000000000000005,0.15664604969779075,0.010755573834614863,0.0006886998674425216,-2.5460543062117216,0.0005612972919376755,0.05070296663393711
-0.4908738521234055,-28.125000000000018,0.0058000000000000005,0.16094692465247373,0.012311448674128544,0.0009137193799822521,-2.7554319194113934,0.000946954766529062,0.055352902327016826
-0.425424005173618,-24.37500000000001,0.0058000000000000005,0.16672432860953168,0.013960303252968695,0.0011390818363690319,-2.9189026709969164,0.0016169496667369039,0.05793621883731244
-0.3599741582238305,-20.625000000000004,0.0058000000000000005,0.18303619193135912,0.016335263686494565,0.00139600683762601,-3.063261647085792,0.0024675753231189748,0.06011168041315998
-0.2945243112740432,-16.875000000000007,0.0058000000000000005,0.1757347639288376,0.015968631971011754,0.0013640585974451238,-3.126484716226961,0.0026864958233906713,0.053480940585229356
-0.22907446432425593,-13.12500000000001,0.0058000000000000005,0.18701589244242614,0.017103259502070308,0.0014371770276096767,3.048761075596493,0.003313803177271751,0.046930504874326345
-0.16362461737446865,-9.375000000000014,0.0058000000000000005,0.18289350768682777,0.01659281125362989,0.0013532727490007197,2.94611034064097,0.0034941044326753947,0.03601490268931004
-0.09817477042468137,-5.625000000000019,0.0058000000000000005,0.17693283165356716,0.01558859944218872,0.0012043487157965098,2.8390509081234843,0.003450579700870747,0.023314911896281154
-0.03272492347489386,-1.8750000000000107,0.0058000000000000005,0.16879499227280562,0.01398982696943884,0.0009721116964235347,2.651747176984298,0.0031917619105789655,0.007299281264193991
0.03272492347489364,1.8749999999999978,0.0058000000000000005,0.16149571100861163,0.012627734304667536,0.0007899435544024278,2.43938031296301,0.0028338477064038473,-0.007299281264193991
0.09817477042468092,5.624999999999994,0.0058000000000000005,0.153617919757286,0.011339623753568572,0.0006384915184353865,2.1350860039659505,0.0023885412664875726,-0.023314911896281154
0.1636246173744682,9.37499999999999,0.0058000000000000005,0.14687860499751773,0.010479446836685526,0.0005888258819366531,1.754103710611,0.0020570421493510504,-0.03601490268931004
0.2290744643242555,13.124999999999986,0.0058000000000000005,0.1400853875680998,0.009908014791116596,0.0006444254550537405,1.462043328443352,0.0018970498961529663,-0.046930504874326345
0.29452431127404277,16.874999999999982,0.0058000000000000005,0.12225382334360825,0.008710751675284461,0.0006961716554250714,1.213190843100955,0.001675608898603164,-0.053480940585229356
0.35997415822383005,20.624999999999975,0.0058000000000000005,0.12292451151819914,0.008824443115515475,0.0008043372452735814,1.1219942756034587,0.0017743919257691935,-0.06011168041315998
0.42542400517361756,24.374999999999986,0.0058000000000000005,0.10878810977221924,0.007706912398683466,0.0008369630978840389,1.1143439990518105,0.001711727141230411,-0.05793621883731244
0.49087385212340506,28.124999999999993,0.0058000000000000005,0.10559402232545691,0.0070982045569921845,0.0008531753692723365,1.1448076436195707,0.0016965598237668588,-0.055352902327016826
0.5563236990731923,31.87499999999999,0.0058000000000000005,0.10594308306385364,0.006509768354781718,0.0008248274027996412,1.178327128219247,0.0016429192404149113,-0.05070296663393711
0.6217735460229796,35.624999999999986,0.0058000000000000005,0.10334353558901595,0.00551589312635841,0.000686958868156196,1.205017384064069,0.001435773427378193,-0.04166586026102949
0.6872233929727669,39.37499999999998,0.0058000000000000005,0.11362090923665075,0.004749607151113479,0.0005167398430841171,1.206866142773507,0.00127581974611713,-0.03350000448709137
0.7526732399225542,43.12499999999998,0.0058000000000000005,0.13228843480431654,0.004271985646913756,0.0003084576514949835,0.981673781881482,0.0011885192738714562,-0.025960627383740276
0.8181230868723417,46.874999999999986,0.0058000000000000005,0.15706553962110387,0.004523217927658409,0.00022658934580193038,0.3203144745975458,0.0012862338478623226,-0.02254910066726859
0.8835729338221292,50.62499999999999,0.0058000000000000005,0.17948185945827339,0.005084705562042835,0.00032307535569636443,-0.431220912628513,0.0014592946776092381,-0.019280838715223264
0.9490227807719163,54.37499999999998,0.0058000000000000005,0.23365548573786002,0.006846393734263158,0.0006073287084090775,-0.7061523390700477,0.0019563659180919925,-0.018607975261714454
1.0144726277217035,58.12499999999997,0.0058000000000000005,0.29025308434975755,0.008523855045465193,0.0008367500414014341,-0.7491409939123206,0.0024298472272719115,-0.02052226711996097
1.0799224746714913,61.87499999999999,0.0058000000000000005,0.3147056692019432,0.00913688454152774,0.0009345324788037596,-0.7620502464597702,0.0026052099049314703,-0.020982950104949605
1.1453723216212786,65.62499999999999,0.0058000000000000005,0.4162265101990488,0.011497488835994297,0.0012672619717061411,-0.7895460810734958,0.0032885785632122797,-0.025502027876103506
1.2108221685710658,69.37499999999999,0.0058000000000000005,0.46522019882575444,0.011880595003701049,0.0014183913706467951,-0.8318659137843352,0.0034120097503748193,-0.025422594375728358
1.2762720155208531,73.12499999999999,0.0058000000000000005,0.569996374009056,0.012083795323228142,0.001711879228707047,-0.9257022560789959,0.0035011923808578693,-0.021303783500269735
1.3417218624706404,76.87499999999997,0.0058000000000000005,0.6213494101659147,0.01157533556625208,0.001856408123040451,-0.9843269446839591,0.003365879234365825,-0.017377759754078292
1.4071717094204277,80.62499999999997,0.0058000000000000005,0.8096694162895298,0.013218559290933404,0.002439995012355377,-1.0439225526822882,0.0038266302669779247,-0.017926850960165885
1.472621556370215,84.37499999999997,0.0058000000000000005,0.9371223313752489,0.01350162886529587,0.00283081568670743,-1.094276695737572,0.0038701273204740923,-0.011899828716437022
1.5380714033200027,88.12499999999999,0.0058000000000000005,1.0374824915021006,0.012795454915909705,0.0031211543133302364,-1.1516276871075868,0.0035779457329303665,0.028722671613411688
1.60352125026979,91.87499999999999,0.0058000000000000005,1.1166303957793327,0.012912876774310845,0.0033691499698441105,-1.1738178853389774,0.003534131972628341,0.04401246723509056
1.6689710972195773,95.62499999999999,0.0058000000000000005,1.2063101971266286,0.013285131593960827,0.0036429420334477877,-1.190692350573519,0.0035603957324425125,0.04048071132562647
1.7344209441693645,99.37499999999997,0.0058000000000000005,1.414008345462313,0.015420093422403375,0.004312639360957247,-1.1946336377843767,0.004064371046031102,0.06299047786681022
1.7998707911191518,103.12499999999997,0.0058000000000000005,1.5056298242285386,0.016369372230252147,0.004638264960588449,-1.1978514830633495,0.004250077616263574,0.07145863574801914
1.8653206380689396,106.875,0.0058000000000000005,1.7444725568632193,0.019059820605965404,0.00541735295077415,-1.1980888164406975,0.004907980367199181,0.08162549311758105
1.9307704850187268,110.62499999999999,0.0058000000000000005,1.8096771131463163,0.019416209605765882,0.0056243713280809465,-1.2050717792715242,0.00492805365562754,0.09221682734585013
1.9962203319685141,114.37499999999999,0.0058000000000000005,2.017883484254122,0.02155572110580885,0.006286384178014875,-1.2074486495454335,0.005429772016601526,0.11010613897821098
2.0616701789183014,118.12499999999999,0.0058000000000000005,2.1396474707442965,0.022555605510104288,0.006665435709313298,-1.2131058583816599,0.005617837488513818,0.11763334645170298
2.1271200258680887,121.87499999999997,0.0058000000000000005,2.292615769300595,0.024047741331249435,0.007144137595005561,-1.2153792621330544,0.005959334840362921,0.12400901561814903
2.192569872817876,125.62499999999997,0.0058000000000000005,2.275462946156966,0.02368725497141694,0.007097449187736154,-1.21945420951115,0.0058165855382417446,0.1165369364716784
2.2580197197676632,129.37499999999997,0.0058000000000000005,2.406791329849741,0.024630164530728974,0.0074649089578031754,-1.2227125385301743,0.006018041351303697,0.12646698927573796
2.323469566717451,133.125,0.0058000000000000005,2.6282042251276505,0.026358516159557453,0.008078033047651909,-1.2256169441841356,0.0064349303540552705,0.14286737632721191
2.3889194136672383,136.87499999999997,0.0058000000000000005,2.485523282987194,0.023783887970740724,0.007486274748745665,-1.2358742220893213,0.00577847718526398,0.1328796358521931
2.4543692606170255,140.62499999999997,0.0058000000000000005,2.4705658376777015,0.023186725133096765,0.007390515755948736,-1.2411275950088996,0.0055982756634090705,0.12025322207097622
2.519819107566813,144.37499999999997,0.0058000000000000005,2.44190056662917,0.022394240915240487,0.007230269936744184,-1.245970178728461,0.005394525934634467,0.11100513724758132
2.5852689545166,148.12499999999997,0.0058000000000000005,2.5376839948230723,0.02255810680335521,0.00740480151755706,-1.2530888615560127,0.005423429908929549,0.10604219200314802
2.6507188014663874,151.87499999999997,0.0058000000000000005,2.458182833245107,0.021478550575240028,0.007120215340354474,-1.2577263727792565,0.005143574184902987,0.08729948810019028
2.7161686484161747,155.62499999999997,0.0058000000000000005,2.438537012333249,0.02105699409932222,0.0070212212331292245,-1.2600768158148428,0.005040783148293074,0.07408381848082879
2.7816184953659624,159.37499999999997,0.0058000000000000005,2.4359696710257306,0.02017153018436039,0.006853317421693145,-1.2700131404388904,0.004842425944487276,0.05844740978233931
2.8470683423157497,163.12499999999997,0.0058000000000000005,2.2690554198038755,0.01883386475464595,0.00638884156776609,-1.2686583067231785,0.004520867060597553,0.047291653248390464
2.912518189265537,166.87499999999997,0.0058000000000000005,2.4213797487511455,0.01946240275279054,0.006690830382234542,-1.2775809099089992,0.004679957499784687,0.04233109338611074
2.9779680362153242,170.62499999999997,0.0058000000000000005,2.3580596241988467,0.01817699763544303,0.006345667740078308,-1.2918158798589012,0.004390854025705972,0.0337636322927235
3.0434178831651115,174.37499999999997,0.0058000000000000005,2.3690489085716133,0.01815831599339589,0.006380778001780189,-1.295867885707121,0.004343464604087873,0.023354748455838514
3.1088677301148993,178.125,0.0058000000000000005,2.3719574760709228,0.01799543616217514,0.006354202516084103,-1.3001131355208078,0.0042989236944929,0.009299507818999686
